,source,target,1993
0,United Arab Emirates,Germany,6.94
1,United Arab Emirates,United Kingdom,8.98
2,United Arab Emirates,Japan,12.17
3,United Arab Emirates,"Hong Kong, China",5.05
4,United Arab Emirates,India,5.94
5,United Arab Emirates,Saudi Arabia,6.0
6,United Arab Emirates,Kuwait,7.49
7,United Arab Emirates,"Iran, Islamic Rep.",26.9
8,United Arab Emirates,United States,10.09
9,Germany,United Kingdom,8.0
10,Germany,France,11.57
11,Germany,Netherlands,7.7
12,Germany,Italy,7.57
13,Germany,United States,7.43
14,United Kingdom,Germany,11.81
15,United Kingdom,Japan,6.38
16,United Kingdom,France,8.8
17,United Kingdom,Netherlands,6.38
18,United Kingdom,Ireland,6.13
19,United Kingdom,United States,12.51
20,Japan,"Other Asia, nes",6.11
21,Japan,"Hong Kong, China",6.28
22,Japan,Germany,5.03
23,Japan,"Korea, Rep.",4.84
24,Japan,China,8.49
25,Japan,Australia,5.08
26,Japan,United States,29.47
27,Japan,Indonesia,5.19
28,"Hong Kong, China",Japan,16.3
29,"Hong Kong, China",China,32.27
30,"Hong Kong, China",Germany,5.23
31,"Hong Kong, China","Korea, Rep.",4.49
32,"Hong Kong, China",United Kingdom,3.39
33,"Hong Kong, China","Other Asia, nes",8.6
34,"Hong Kong, China",United States,23.02
35,India,Germany,6.92
36,India,Japan,6.49
37,India,"Hong Kong, China",5.62
38,India,United Kingdom,6.2
39,India,Belgium-Luxembourg,8.04
40,India,United States,17.98
41,Saudi Arabia,Germany,7.01
42,Saudi Arabia,United Kingdom,11.03
43,Saudi Arabia,Japan,12.62
44,Saudi Arabia,"Other Asia, nes",35.72
45,Saudi Arabia,Australia,1.18
46,Saudi Arabia,Monaco,22.04
47,Saudi Arabia,Italy,5.06
48,Saudi Arabia,United States,18.28
49,United States,Germany,4.08
50,United States,Japan,18.31
51,United States,Canada,18.83
52,United States,Mexico,8.95
53,United States,China,5.58
54,United States,United Kingdom,5.67
55,Argentina,Germany,4.77
56,Argentina,Chile,4.51
57,Argentina,France,4.4
58,Argentina,Brazil,21.45
59,Argentina,Italy,5.85
60,Argentina,Netherlands,9.68
61,Argentina,United States,9.75
62,Chile,Germany,5.3
63,Chile,Japan,8.37
64,Chile,Brazil,10.05
65,Chile,Argentina,6.32
66,Chile,United Kingdom,5.93
67,Chile,United States,16.39
68,Brazil,Germany,4.71
69,Brazil,Japan,6.09
70,Brazil,Argentina,9.45
71,Brazil,Saudi Arabia,6.11
72,Brazil,Netherlands,6.43
73,Brazil,United States,20.75
74,Netherlands,Germany,26.48
75,Netherlands,United Kingdom,8.33
76,Netherlands,Belgium-Luxembourg,10.91
77,Netherlands,France,6.99
78,Netherlands,United States,8.5
79,Netherlands,Special Categories,8.71
80,Australia,Germany,5.7
81,Australia,United Kingdom,5.63
82,Australia,Japan,18.83
83,Australia,New Zealand,4.78
84,Australia,"Korea, Rep.",6.21
85,Australia,United States,6.44
86,Australia,Special Categories,12.52
87,New Zealand,Germany,4.31
88,New Zealand,United Kingdom,6.07
89,New Zealand,Japan,16.22
90,New Zealand,"Korea, Rep.",4.76
91,New Zealand,Australia,21.34
92,New Zealand,United States,11.62
93,"Korea, Rep.",Germany,4.37
94,"Korea, Rep.",Japan,23.89
95,"Korea, Rep.","Hong Kong, China",7.82
96,"Korea, Rep.",China,6.26
97,"Korea, Rep.",Saudi Arabia,4.46
98,"Korea, Rep.",United States,22.16
99,Burundi,Germany,6.83
100,Burundi,Japan,9.98
101,Burundi,Belgium-Luxembourg,17.11
102,Burundi,Switzerland,22.02
103,Burundi,France,11.45
104,Burundi,United Kingdom,9.4
105,Burundi,"Iran, Islamic Rep.",6.58
106,Switzerland,Germany,22.94
107,Switzerland,United Kingdom,6.87
108,Switzerland,France,10.92
109,Switzerland,Italy,7.78
110,Switzerland,United States,8.93
111,Bangladesh,Japan,7.87
112,Bangladesh,Germany,8.24
113,Bangladesh,"Korea, Rep.",10.13
114,Bangladesh,India,7.34
115,Bangladesh,Singapore,8.22
116,Bangladesh,United Kingdom,7.17
117,Bangladesh,France,5.11
118,Bangladesh,Italy,4.93
119,Bangladesh,"Hong Kong, China",8.2
120,Bangladesh,United States,36.39
121,Singapore,Japan,21.88
122,Singapore,Thailand,5.7
123,Singapore,"Hong Kong, China",8.67
124,Singapore,Malaysia,14.18
125,Singapore,"Other Asia, nes",3.97
126,Singapore,United States,20.35
127,Belize,United Kingdom,33.13
128,Belize,Canada,2.04
129,Belize,Germany,2.24
130,Belize,Mexico,9.43
131,Belize,Guatemala,2.71
132,Belize,United States,42.06
133,Canada,Germany,1.33
134,Canada,United Kingdom,1.57
135,Canada,Japan,6.31
136,Canada,Mexico,2.12
137,Canada,"Korea, Rep.",0.92
138,Canada,United States,80.69
139,Mexico,Germany,4.06
140,Mexico,Japan,4.68
141,Mexico,Brazil,1.65
142,Mexico,France,0.86
143,Mexico,Spain,1.8
144,Mexico,United States,82.75
145,Mexico,Canada,3.01
146,Guatemala,Japan,5.17
147,Guatemala,Germany,4.43
148,Guatemala,Mexico,6.31
149,Guatemala,El Salvador,5.2
150,Guatemala,Costa Rica,7.13
151,Guatemala,Venezuela,4.91
152,Guatemala,Honduras,5.75
153,Guatemala,United States,38.15
154,Bolivia,Japan,10.95
155,Bolivia,Chile,7.52
156,Bolivia,Belgium-Luxembourg,6.03
157,Bolivia,Brazil,12.73
158,Bolivia,Peru,9.79
159,Bolivia,Argentina,15.67
160,Bolivia,United Kingdom,19.06
161,Bolivia,United States,26.56
162,Brunei,Germany,11.91
163,Brunei,Japan,9.36
164,Brunei,"Other Asia, nes",3.03
165,Brunei,Thailand,10.25
166,Brunei,"Korea, Rep.",11.56
167,Brunei,Singapore,17.07
168,Brunei,Malaysia,8.28
169,Brunei,United States,25.1
170,Thailand,Germany,3.98
171,Thailand,Japan,30.2
172,Thailand,"Hong Kong, China",5.27
173,Thailand,Singapore,6.42
174,Thailand,"Other Asia, nes",5.05
175,Thailand,United States,21.54
176,Malaysia,Germany,3.86
177,Malaysia,Japan,27.63
178,Malaysia,"Hong Kong, China",4.13
179,Malaysia,Singapore,15.31
180,Malaysia,United Kingdom,4.22
181,Malaysia,"Other Asia, nes",5.39
182,Malaysia,United States,20.33
183,Bhutan,Germany,1.58
184,Bhutan,United Kingdom,2.64
185,Bhutan,Japan,13.14
186,Bhutan,India,89.72
187,Bhutan,Norway,6.7
188,Bhutan,Netherlands,0.06
189,Bhutan,Bangladesh,9.63
190,Norway,Germany,13.01
191,Norway,United Kingdom,24.58
192,Norway,Sweden,8.71
193,Norway,Japan,8.01
194,Norway,France,7.91
195,Norway,Netherlands,8.48
196,Norway,United States,8.07
197,Central African Republic,Germany,0.83
198,Central African Republic,Japan,10.51
199,Central African Republic,Belgium-Luxembourg,77.55
200,Central African Republic,France,49.18
201,Central African Republic,Fm Sudan,2.77
202,Central African Republic,Cameroon,4.95
203,Central African Republic,"Congo, Dem. Rep.",1.37
204,China,Germany,4.32
205,China,Japan,22.4
206,China,"Hong Kong, China",10.05
207,China,"Korea, Rep.",3.12
208,China,"Other Asia, nes",12.44
209,China,United States,18.5
210,"Congo, Rep.","Other Asia, nes",5.41
211,"Congo, Rep.",France,32.82
212,"Congo, Rep.",Netherlands,7.92
213,"Congo, Rep.",Italy,23.44
214,"Congo, Rep.",Spain,1.79
215,"Congo, Rep.",United States,52.15
216,Spain,Germany,14.62
217,Spain,United Kingdom,8.24
218,Spain,France,16.78
219,Spain,Italy,9.09
220,Spain,Portugal,7.25
221,Spain,United States,7.3
222,Colombia,Germany,7.85
223,Colombia,Japan,11.15
224,Colombia,Brazil,4.64
225,Colombia,Venezuela,9.58
226,Colombia,United States,40.01
227,Colombia,Ecuador,3.04
228,Ecuador,Germany,5.14
229,Ecuador,Japan,13.5
230,Ecuador,"Korea, Rep.",9.32
231,Ecuador,Peru,4.32
232,Ecuador,Colombia,4.68
233,Ecuador,Italy,4.01
234,Ecuador,United States,46.27
235,Ecuador,Spain,4.67
236,Cyprus,United Kingdom,15.69
237,Cyprus,Japan,8.11
238,Cyprus,Greece,7.68
239,Cyprus,Germany,5.16
240,Cyprus,Lebanon,12.84
241,Cyprus,Italy,10.42
242,Cyprus,United States,9.28
243,Greece,Germany,23.71
244,Greece,Japan,6.8
245,Greece,France,7.89
246,Greece,Netherlands,6.63
247,Greece,United Kingdom,5.7
248,Greece,Italy,13.22
249,Greece,United States,4.47
250,Czech Republic,Germany,26.0
251,Czech Republic,Slovak Republic,20.98
252,Czech Republic,Russian Federation,4.46
253,Czech Republic,Italy,5.17
254,Czech Republic,Austria,7.88
255,Dominica,United Kingdom,50.82
256,Dominica,Japan,4.24
257,Dominica,Netherlands Antilles,3.85
258,Dominica,Trinidad and Tobago,11.07
259,Dominica,Jamaica,9.11
260,Dominica,Guadeloupe,4.7
261,Dominica,Barbados,3.39
262,Dominica,United States,5.66
263,Trinidad and Tobago,Germany,6.25
264,Trinidad and Tobago,Guyana,3.52
265,Trinidad and Tobago,United Kingdom,7.7
266,Trinidad and Tobago,Netherlands Antilles,3.12
267,Trinidad and Tobago,Jamaica,4.24
268,Trinidad and Tobago,Barbados,4.29
269,Trinidad and Tobago,Venezuela,15.97
270,Trinidad and Tobago,United States,46.74
271,Jamaica,United Kingdom,13.75
272,Jamaica,Norway,9.04
273,Jamaica,Japan,8.4
274,Jamaica,Canada,4.07
275,Jamaica,Venezuela,4.15
276,Jamaica,Netherlands,5.67
277,Jamaica,United States,39.41
278,Denmark,Germany,21.49
279,Denmark,United Kingdom,7.91
280,Denmark,Sweden,9.11
281,Denmark,Norway,6.53
282,Denmark,France,5.01
283,Denmark,Netherlands,6.16
284,Sweden,Germany,13.52
285,Sweden,United Kingdom,9.64
286,Sweden,Norway,7.63
287,Sweden,Denmark,7.11
288,Sweden,United States,8.0
289,Algeria,Germany,5.34
290,Algeria,France,25.5
291,Algeria,Italy,21.98
292,Algeria,Spain,10.54
293,Algeria,Netherlands,7.77
294,Algeria,United States,15.93
295,Portugal,Germany,19.54
296,Portugal,United Kingdom,11.35
297,Portugal,France,12.72
298,Portugal,Spain,17.86
299,Portugal,Italy,8.68
300,Portugal,Netherlands,5.2
301,Finland,Germany,12.75
302,Finland,United Kingdom,10.19
303,Finland,Sweden,11.5
304,Finland,Russian Federation,5.85
305,Finland,United States,7.8
306,Gabon,Chile,3.1
307,Gabon,United Kingdom,3.53
308,Gabon,France,47.79
309,Gabon,Netherlands,4.65
310,Gabon,United States,52.64
311,Ireland,Germany,13.28
312,Ireland,United Kingdom,28.43
313,Ireland,Japan,6.54
314,Ireland,France,3.9
315,Ireland,Netherlands,5.8
316,Ireland,United States,9.09
317,Grenada,United Kingdom,13.3
318,Grenada,Japan,3.74
319,Grenada,Canada,3.43
320,Grenada,Trinidad and Tobago,6.42
321,Grenada,St. Lucia,6.59
322,Grenada,Netherlands,8.28
323,Grenada,United States,34.93
324,St. Lucia,United Kingdom,49.66
325,St. Lucia,Japan,5.53
326,St. Lucia,Canada,3.36
327,St. Lucia,Dominica,7.66
328,St. Lucia,Germany,2.44
329,St. Lucia,Trinidad and Tobago,10.09
330,St. Lucia,Barbados,1.93
331,St. Lucia,United States,27.26
332,Croatia,Germany,22.93
333,Croatia,Bosnia and Herzegovina,4.84
334,Croatia,Slovenia,15.27
335,Croatia,Russian Federation,3.7
336,Croatia,Italy,21.22
337,Croatia,"Iran, Islamic Rep.",5.07
338,Croatia,Austria,6.65
339,Hungary,Germany,27.82
340,Hungary,France,3.65
341,Hungary,Russian Federation,11.15
342,Hungary,Italy,7.55
343,Hungary,Austria,12.7
344,Hungary,United States,4.2
345,Indonesia,Germany,7.32
346,Indonesia,Japan,22.06
347,Indonesia,"Other Asia, nes",3.92
348,Indonesia,"Korea, Rep.",7.42
349,Indonesia,Singapore,6.33
350,Indonesia,United States,14.2
351,Iceland,Germany,11.04
352,Iceland,United Kingdom,21.62
353,Iceland,Denmark,9.37
354,Iceland,Norway,12.37
355,Iceland,Japan,9.27
356,Iceland,France,8.24
357,Iceland,United States,15.88
358,St. Kitts and Nevis,United Kingdom,46.47
359,St. Kitts and Nevis,Japan,4.79
360,St. Kitts and Nevis,Trinidad and Tobago,3.69
361,St. Kitts and Nevis,Barbados,2.78
362,St. Kitts and Nevis,Anguila,1.33
363,St. Kitts and Nevis,United States,36.99
364,St. Kitts and Nevis,Antigua and Barbuda,2.41
365,Sri Lanka,Japan,12.05
366,Sri Lanka,Belgium-Luxembourg,6.19
367,Sri Lanka,Germany,7.97
368,Sri Lanka,"Korea, Rep.",6.97
369,Sri Lanka,India,9.13
370,Sri Lanka,United Kingdom,7.13
371,Sri Lanka,"Other Asia, nes",6.01
372,Sri Lanka,"Hong Kong, China",8.32
373,Sri Lanka,United States,35.26
374,Macao,Japan,15.81
375,Macao,"Hong Kong, China",29.9
376,Macao,China,13.46
377,Macao,Germany,11.31
378,Macao,France,8.28
379,Macao,"Other Asia, nes",6.53
380,Macao,United States,32.83
381,Morocco,Germany,4.42
382,Morocco,France,22.96
383,Morocco,Japan,5.88
384,Morocco,Italy,5.23
385,Morocco,Spain,10.5
386,Morocco,United States,10.1
387,Madagascar,Germany,12.57
388,Madagascar,Japan,8.76
389,Madagascar,France,27.09
390,Madagascar,Reunion,6.17
391,Madagascar,"Iran, Islamic Rep.",11.86
392,Madagascar,United States,7.36
393,Mauritius,United Kingdom,32.5
394,Mauritius,Japan,5.91
395,Mauritius,South Africa,14.35
396,Mauritius,Germany,7.09
397,Mauritius,France,12.63
398,Mauritius,India,5.84
399,Mauritius,Italy,3.99
400,Mauritius,United States,17.89
401,South Africa,Germany,15.74
402,South Africa,United Kingdom,5.97
403,South Africa,Japan,12.64
404,South Africa,Switzerland,9.96
405,South Africa,United States,6.92
406,South Africa,Special Categories,28.44
407,Nicaragua,Japan,8.01
408,Nicaragua,Germany,9.07
409,Nicaragua,Costa Rica,10.3
410,Nicaragua,Venezuela,12.4
411,Nicaragua,Guatemala,8.84
412,Nicaragua,El Salvador,5.7
413,Nicaragua,United States,43.81
414,Nicaragua,Canada,10.62
415,Oman,Germany,4.41
416,Oman,United Kingdom,8.34
417,Oman,Japan,20.9
418,Oman,United Arab Emirates,9.54
419,Oman,"Other Asia, nes",6.16
420,Oman,China,8.16
421,Oman,"Korea, Rep.",20.18
422,Oman,United States,8.07
423,Paraguay,Chile,5.83
424,Paraguay,Japan,12.09
425,Paraguay,Brazil,29.66
426,Paraguay,Argentina,8.95
427,Paraguay,"Other Asia, nes",6.69
428,Paraguay,Netherlands,26.1
429,Paraguay,United States,7.33
430,Romania,Germany,14.3
431,Romania,China,8.57
432,Romania,France,7.77
433,Romania,Russian Federation,4.5
434,Romania,Italy,8.37
435,Romania,"Iran, Islamic Rep.",9.26
436,Romania,Turkey,5.67
437,Turkey,Germany,23.81
438,Turkey,Japan,5.51
439,Turkey,France,6.63
440,Turkey,United Kingdom,5.44
441,Turkey,Italy,4.89
442,Turkey,United States,6.43
443,Tunisia,Germany,17.37
444,Tunisia,Belgium-Luxembourg,4.32
445,Tunisia,France,26.85
446,Tunisia,Libya,4.95
447,Tunisia,Italy,16.32
448,Tunisia,United States,5.77
449,St. Vincent and the Grenadines,United Kingdom,40.73
450,St. Vincent and the Grenadines,Trinidad and Tobago,10.33
451,St. Vincent and the Grenadines,Barbados,3.86
452,St. Vincent and the Grenadines,St. Lucia,11.82
453,St. Vincent and the Grenadines,Italy,6.83
454,St. Vincent and the Grenadines,United States,7.39
455,St. Vincent and the Grenadines,Antigua and Barbuda,6.48
456,Vanuatu,Japan,8.09
457,Vanuatu,Uganda,1.81
458,Vanuatu,France,6.21
459,Vanuatu,New Caledonia,6.49
460,Vanuatu,New Zealand,13.65
461,Vanuatu,Australia,42.31
462,Vanuatu,United Kingdom,8.5
463, World,Germany,6.72
464, World,Japan,11.21
465, World,France,5.07
466, World,China,4.93
467, World,United Kingdom,5.15
468, World,United States,17.28
