,source,target,1994
0,Argentina,Germany,6.41
1,Argentina,Chile,6.31
2,Argentina,France,4.97
3,Argentina,Brazil,23.08
4,Argentina,Italy,4.13
5,Argentina,Netherlands,7.45
6,Argentina,United States,10.97
7,Germany,United Kingdom,8.02
8,Germany,France,11.07
9,Germany,Netherlands,7.64
10,Germany,Italy,7.59
11,Germany,United States,7.85
12,Chile,Germany,4.54
13,Chile,Japan,9.03
14,Chile,Brazil,5.42
15,Chile,"Korea, Rep.",5.23
16,Chile,Argentina,5.59
17,Chile,United States,16.37
18,France,Germany,17.13
19,France,United Kingdom,9.91
20,France,Belgium-Luxembourg,9.11
21,France,Italy,9.4
22,France,Spain,7.15
23,France,United States,8.53
24,Brazil,Germany,4.7
25,Brazil,Japan,5.46
26,Brazil,Argentina,9.49
27,Brazil,Italy,5.82
28,Brazil,Netherlands,7.06
29,Brazil,United States,20.59
30,Italy,Germany,19.01
31,Italy,United Kingdom,6.49
32,Italy,Switzerland,4.91
33,Italy,France,13.56
34,Italy,Netherlands,5.71
35,Italy,Spain,4.7
36,Italy,United States,7.76
37,Netherlands,Germany,26.24
38,Netherlands,United Kingdom,8.6
39,Netherlands,Belgium-Luxembourg,11.26
40,Netherlands,France,7.2
41,Netherlands,United States,7.87
42,Netherlands,Special Categories,9.11
43,United States,Germany,3.75
44,United States,Japan,17.77
45,United States,Canada,19.15
46,United States,Mexico,9.92
47,United States,China,6.0
48,United States,United Kingdom,5.24
49,Australia,Germany,5.9
50,Australia,United Kingdom,5.91
51,Australia,Japan,17.58
52,Australia,New Zealand,4.9
53,Australia,"Korea, Rep.",6.51
54,Australia,United States,5.88
55,United Kingdom,Germany,11.93
56,United Kingdom,Japan,5.88
57,United Kingdom,Belgium-Luxembourg,5.14
58,United Kingdom,France,9.63
59,United Kingdom,Netherlands,6.76
60,United Kingdom,United States,12.28
61,Japan,"Other Asia, nes",6.01
62,Japan,"Hong Kong, China",6.5
63,Japan,"Korea, Rep.",4.91
64,Japan,China,10.0
65,Japan,Australia,4.97
66,Japan,United States,30.01
67,Japan,Indonesia,4.7
68,Japan,Singapore,4.95
69,New Zealand,Germany,4.56
70,New Zealand,United Kingdom,6.03
71,New Zealand,Japan,15.35
72,New Zealand,"Korea, Rep.",4.81
73,New Zealand,Australia,21.5
74,New Zealand,United States,11.03
75,"Korea, Rep.",Germany,4.49
76,"Korea, Rep.",Japan,24.81
77,"Korea, Rep.","Hong Kong, China",8.35
78,"Korea, Rep.",China,6.46
79,"Korea, Rep.",Saudi Arabia,3.73
80,"Korea, Rep.",United States,21.56
81,Austria,Germany,38.11
82,Austria,Japan,4.28
83,Austria,Switzerland,6.37
84,Austria,France,4.71
85,Austria,Italy,8.12
86,Austria,United States,4.37
87,Austria,Hungary,3.91
88,Switzerland,Germany,22.96
89,Switzerland,United Kingdom,6.49
90,Switzerland,France,10.98
91,Switzerland,Italy,7.29
92,Switzerland,United States,8.9
93,Hungary,Germany,28.2
94,Hungary,United Kingdom,4.34
95,Hungary,Russian Federation,7.54
96,Hungary,Italy,8.47
97,Hungary,Austria,12.01
98,Burundi,Germany,5.96
99,Burundi,Japan,7.42
100,Burundi,Belgium-Luxembourg,13.8
101,Burundi,Switzerland,19.25
102,Burundi,France,11.7
103,Burundi,United Kingdom,16.29
104,Burundi,"Iran, Islamic Rep.",7.55
105,Belize,United Kingdom,30.38
106,Belize,Netherlands Antilles,5.58
107,Belize,Mexico,8.34
108,Belize,France,2.68
109,Belize,Guatemala,3.39
110,Belize,United States,44.32
111,Belize,Canada,7.16
112,Mexico,Germany,3.91
113,Mexico,Japan,6.02
114,Mexico,Canada,2.04
115,Mexico,France,1.92
116,Mexico,Spain,1.43
117,Mexico,United States,84.46
118,Guatemala,Germany,3.96
119,Guatemala,Mexico,4.47
120,Guatemala,El Salvador,6.23
121,Guatemala,Costa Rica,6.5
122,Guatemala,Venezuela,5.18
123,Guatemala,Honduras,5.79
124,Guatemala,United States,32.17
125,Canada,Germany,1.0
126,Canada,United Kingdom,1.44
127,Canada,Japan,5.62
128,Canada,China,1.01
129,Canada,Mexico,2.21
130,Canada,United States,81.73
131,Bolivia,Japan,15.2
132,Bolivia,Chile,7.85
133,Bolivia,Brazil,14.93
134,Bolivia,Peru,10.93
135,Bolivia,Argentina,14.24
136,Bolivia,Colombia,5.69
137,Bolivia,United Kingdom,13.4
138,Bolivia,United States,32.1
139,Peru,Germany,6.36
140,Peru,Japan,8.72
141,Peru,China,6.49
142,Peru,Brazil,6.63
143,Peru,United Kingdom,9.23
144,Peru,Argentina,5.32
145,Peru,United States,16.56
146,Colombia,Germany,10.22
147,Colombia,Japan,9.57
148,Colombia,Canada,3.67
149,Colombia,Venezuela,9.64
150,Colombia,United States,37.07
151,Colombia,Ecuador,3.81
152,Brunei,United Kingdom,6.94
153,Brunei,Japan,10.09
154,Brunei,"Other Asia, nes",2.82
155,Brunei,Thailand,11.62
156,Brunei,"Korea, Rep.",14.53
157,Brunei,Singapore,27.83
158,Brunei,Malaysia,13.05
159,Brunei,United States,11.33
160,Thailand,Germany,3.52
161,Thailand,Japan,30.19
162,Thailand,"Hong Kong, China",5.27
163,Thailand,Singapore,6.31
164,Thailand,"Other Asia, nes",5.07
165,Thailand,United States,21.04
166,Singapore,Japan,22.01
167,Singapore,Thailand,5.56
168,Singapore,"Hong Kong, China",8.7
169,Singapore,Malaysia,19.75
170,Singapore,"Other Asia, nes",3.85
171,Singapore,United States,18.77
172,Malaysia,Germany,4.23
173,Malaysia,Japan,26.93
174,Malaysia,"Hong Kong, China",4.61
175,Malaysia,Singapore,14.22
176,Malaysia,United Kingdom,3.79
177,Malaysia,"Other Asia, nes",5.15
178,Malaysia,United States,21.14
179,Bhutan,Germany,2.15
180,Bhutan,United Kingdom,2.04
181,Bhutan,Japan,13.89
182,Bhutan,Denmark,2.97
183,Bhutan,India,93.42
184,Bhutan,Nepal,0.04
185,Bhutan,United States,0.07
186,Bhutan,Bangladesh,6.13
187,Denmark,Germany,19.96
188,Denmark,United Kingdom,7.3
189,Denmark,Sweden,9.42
190,Denmark,Norway,5.97
191,Denmark,France,5.11
192,Denmark,Netherlands,6.34
193,India,Germany,6.64
194,India,United Kingdom,6.42
195,India,Japan,7.11
196,India,"Hong Kong, China",5.76
197,India,United States,19.08
198,Nepal,India,11.48
199,Nepal,Switzerland,3.04
200,Nepal,Germany,52.6
201,Nepal,Singapore,6.83
202,Nepal,China,4.78
203,Nepal,United Kingdom,11.77
204,Nepal,"Hong Kong, China",12.86
205,Nepal,United States,9.48
206,Central African Republic,Japan,5.57
207,Central African Republic,Belgium-Luxembourg,79.69
208,Central African Republic,France,38.33
209,Central African Republic,"Congo, Rep.",1.24
210,Central African Republic,Fm Sudan,0.99
211,Central African Republic,Spain,1.42
212,Central African Republic,Cameroon,5.47
213,"Congo, Rep.","Other Asia, nes",12.94
214,"Congo, Rep.",France,32.26
215,"Congo, Rep.",Netherlands,6.22
216,"Congo, Rep.",Italy,20.9
217,"Congo, Rep.",Spain,3.06
218,"Congo, Rep.",United States,42.09
219,Spain,Germany,14.21
220,Spain,United Kingdom,8.22
221,Spain,France,17.46
222,Spain,Italy,9.21
223,Spain,Portugal,7.78
224,Spain,United States,7.3
225,China,Japan,22.77
226,China,"Hong Kong, China",8.17
227,China,Germany,3.93
228,China,"Korea, Rep.",6.33
229,China,"Other Asia, nes",12.18
230,China,United States,17.75
231,"Hong Kong, China",Japan,15.25
232,"Hong Kong, China",China,32.8
233,"Hong Kong, China",Germany,4.66
234,"Hong Kong, China",Singapore,4.84
235,"Hong Kong, China",United Kingdom,3.22
236,"Hong Kong, China","Other Asia, nes",8.37
237,"Hong Kong, China",United States,23.22
238,Venezuela,Germany,5.54
239,Venezuela,Japan,5.6
240,Venezuela,Netherlands Antilles,6.31
241,Venezuela,Suriname,5.34
242,Venezuela,Colombia,7.06
243,Venezuela,Brazil,3.41
244,Venezuela,Italy,3.72
245,Venezuela,United States,51.95
246,Ecuador,Germany,4.91
247,Ecuador,Chile,4.33
248,Ecuador,Japan,14.23
249,Ecuador,Brazil,6.27
250,Ecuador,"Korea, Rep.",7.54
251,Ecuador,Colombia,5.88
252,Ecuador,United States,42.28
253,Costa Rica,Japan,5.5
254,Costa Rica,Belgium-Luxembourg,6.67
255,Costa Rica,Guatemala,4.62
256,Costa Rica,Germany,8.91
257,Costa Rica,Mexico,4.52
258,Costa Rica,Brazil,4.11
259,Costa Rica,Venezuela,5.45
260,Costa Rica,Italy,4.75
261,Costa Rica,United States,43.37
262,Cyprus,Germany,8.22
263,Cyprus,United Kingdom,14.82
264,Cyprus,Japan,6.81
265,Cyprus,Greece,7.57
266,Cyprus,Lebanon,8.63
267,Cyprus,Russian Federation,10.19
268,Cyprus,Italy,9.88
269,Cyprus,United States,10.34
270,Greece,Germany,21.1
271,Greece,United Kingdom,5.86
272,Greece,France,8.06
273,Greece,Netherlands,7.46
274,Greece,Italy,13.82
275,Greece,United States,4.84
276,Czech Republic,Germany,29.49
277,Czech Republic,Slovak Republic,16.47
278,Czech Republic,Poland,3.9
279,Czech Republic,Russian Federation,8.4
280,Czech Republic,Italy,4.46
281,Czech Republic,Austria,8.07
282,Slovak Republic,Germany,17.1
283,Slovak Republic,Czech Republic,29.62
284,Slovak Republic,Russian Federation,18.07
285,Slovak Republic,Italy,4.31
286,Slovak Republic,Austria,5.77
287,Slovak Republic,Hungary,5.47
288,Poland,Germany,35.56
289,Poland,United Kingdom,4.48
290,Poland,Netherlands,5.8
291,Poland,Russian Federation,5.25
292,Poland,Italy,4.9
293,Dominica,United Kingdom,47.49
294,Dominica,Japan,4.71
295,Dominica,Trinidad and Tobago,12.49
296,Dominica,St. Lucia,5.17
297,Dominica,Jamaica,9.93
298,Dominica,Guadeloupe,4.58
299,Dominica,United States,7.59
300,Trinidad and Tobago,Guyana,3.06
301,Trinidad and Tobago,United Kingdom,8.31
302,Trinidad and Tobago,Japan,4.6
303,Trinidad and Tobago,Canada,5.75
304,Trinidad and Tobago,Brazil,5.27
305,Trinidad and Tobago,Jamaica,6.1
306,Trinidad and Tobago,Barbados,3.61
307,Trinidad and Tobago,United States,46.42
308,St. Lucia,United Kingdom,52.56
309,St. Lucia,Japan,4.18
310,St. Lucia,Canada,3.89
311,St. Lucia,Dominica,5.1
312,St. Lucia,Trinidad and Tobago,2.19
313,St. Lucia,Barbados,2.23
314,St. Lucia,United States,28.06
315,Guadeloupe,Germany,3.59
316,Guadeloupe,Belgium-Luxembourg,1.77
317,Guadeloupe,France,66.74
318,Guadeloupe,Martinique,13.36
319,Guadeloupe,Italy,3.6
320,Guadeloupe,United States,2.28
321,Guadeloupe,French Guiana,2.42
322,Sweden,Germany,12.52
323,Sweden,United Kingdom,9.41
324,Sweden,Norway,7.64
325,Sweden,Denmark,6.59
326,Sweden,Finland,6.28
327,Sweden,United States,7.57
328,Norway,Germany,12.44
329,Norway,United Kingdom,20.81
330,Norway,Sweden,9.38
331,Norway,Denmark,7.38
332,Norway,France,8.14
333,Norway,Netherlands,9.51
334,Norway,United States,7.36
335,Algeria,Germany,5.39
336,Algeria,France,24.76
337,Algeria,Italy,17.86
338,Algeria,Spain,9.39
339,Algeria,Netherlands,10.3
340,Algeria,United States,16.45
341,"Egypt, Arab Rep.",Germany,6.04
342,"Egypt, Arab Rep.",France,6.18
343,"Egypt, Arab Rep.",Italy,12.28
344,"Egypt, Arab Rep.",Free Zones,4.89
345,"Egypt, Arab Rep.",Netherlands,5.96
346,"Egypt, Arab Rep.",Israel,5.44
347,"Egypt, Arab Rep.",United States,10.49
348,Portugal,Germany,18.91
349,Portugal,United Kingdom,11.6
350,Portugal,France,12.81
351,Portugal,Spain,19.9
352,Portugal,Italy,8.57
353,Portugal,Netherlands,5.38
354,Finland,Germany,13.05
355,Finland,United Kingdom,10.07
356,Finland,Sweden,10.68
357,Finland,Russian Federation,5.14
358,Finland,United States,7.06
359,Gabon,Germany,5.6
360,Gabon,United Kingdom,6.38
361,Gabon,France,39.76
362,Gabon,Portugal,3.82
363,Gabon,Spain,3.87
364,Gabon,United States,49.89
365,Martinique,Germany,3.23
366,Martinique,United Kingdom,1.25
367,Martinique,Belgium-Luxembourg,4.79
368,Martinique,France,61.45
369,Martinique,Guadeloupe,42.68
370,Martinique,Italy,3.5
371,Martinique,French Guiana,2.74
372,French Guiana,Germany,3.9
373,French Guiana,Switzerland,3.72
374,French Guiana,France,60.7
375,French Guiana,Trinidad and Tobago,6.62
376,French Guiana,Guadeloupe,6.86
377,French Guiana,Italy,5.91
378,French Guiana,United States,5.02
379,French Guiana,Martinique,5.12
380,Grenada,United Kingdom,12.91
381,Grenada,Japan,4.77
382,Grenada,Germany,7.99
383,Grenada,Trinidad and Tobago,19.7
384,Grenada,Barbados,2.88
385,Grenada,St. Lucia,6.55
386,Grenada,Netherlands,6.57
387,Grenada,United States,32.89
388,Greenland,Denmark,85.46
389,Greenland,Germany,2.21
390,Greenland,Japan,3.26
391,Greenland,Norway,2.93
392,Greenland,United Kingdom,5.78
393,Greenland,United States,0.96
394,El Salvador,Japan,6.33
395,El Salvador,Guatemala,22.12
396,El Salvador,Germany,14.66
397,El Salvador,Mexico,4.67
398,El Salvador,Costa Rica,9.16
399,El Salvador,Venezuela,6.12
400,El Salvador,Honduras,7.08
401,El Salvador,United States,22.26
402,Honduras,Germany,12.38
403,Honduras,Japan,4.17
404,Honduras,Netherlands Antilles,5.93
405,Honduras,Belgium-Luxembourg,3.03
406,Honduras,Spain,3.6
407,Honduras,Guatemala,6.23
408,Honduras,United States,53.91
409,Croatia,Germany,22.1
410,Croatia,Sweden,3.85
411,Croatia,Bosnia and Herzegovina,7.94
412,Croatia,Slovenia,10.34
413,Croatia,Italy,21.36
414,Croatia,"Iran, Islamic Rep.",5.59
415,Croatia,Austria,6.74
416,Slovenia,Germany,23.74
417,Slovenia,Croatia,6.82
418,Slovenia,France,8.39
419,Slovenia,Italy,17.23
420,Slovenia,Austria,10.34
421,Indonesia,Germany,7.73
422,Indonesia,Japan,24.2
423,Indonesia,"Other Asia, nes",4.11
424,Indonesia,"Korea, Rep.",6.77
425,Indonesia,Singapore,5.87
426,Indonesia,United States,14.55
427,Ireland,Germany,14.06
428,Ireland,United Kingdom,27.96
429,Ireland,Japan,4.79
430,Ireland,France,9.13
431,Ireland,Netherlands,5.53
432,Ireland,United States,8.31
433,Iceland,Germany,12.84
434,Iceland,United Kingdom,20.35
435,Iceland,Denmark,9.0
436,Iceland,Norway,14.3
437,Iceland,Japan,14.09
438,Iceland,France,7.23
439,Iceland,United States,14.49
440,Jordan,Germany,7.8
441,Jordan,United Kingdom,5.11
442,Jordan,India,8.88
443,Jordan,Iraq,11.58
444,Jordan,Saudi Arabia,7.76
445,Jordan,Italy,5.89
446,Jordan,United States,9.84
447,Jordan,Free Zones,5.5
448,Saudi Arabia,Germany,8.38
449,Saudi Arabia,United Kingdom,8.57
450,Saudi Arabia,Japan,11.9
451,Saudi Arabia,France,5.75
452,Saudi Arabia,Italy,4.76
453,Saudi Arabia,Netherlands,3.79
454,Saudi Arabia,United States,17.08
455,Saudi Arabia,Special Categories,44.93
456,St. Kitts and Nevis,United Kingdom,50.38
457,St. Kitts and Nevis,Japan,4.91
458,St. Kitts and Nevis,Netherlands Antilles,1.55
459,St. Kitts and Nevis,Dominica,2.71
460,St. Kitts and Nevis,Trinidad and Tobago,2.95
461,St. Kitts and Nevis,Barbados,2.6
462,St. Kitts and Nevis,United States,30.96
463,Sri Lanka,Japan,11.74
464,Sri Lanka,Belgium-Luxembourg,5.89
465,Sri Lanka,Germany,6.93
466,Sri Lanka,"Korea, Rep.",7.28
467,Sri Lanka,India,9.02
468,Sri Lanka,United Kingdom,8.89
469,Sri Lanka,"Hong Kong, China",7.06
470,Sri Lanka,United States,34.74
471,Lithuania,Germany,11.47
472,Lithuania,Poland,4.01
473,Lithuania,Belarus,3.81
474,Lithuania,Latvia,8.44
475,Lithuania,Russian Federation,28.23
476,Lithuania,Ukraine,5.0
477,Latvia,Germany,10.54
478,Latvia,Sweden,6.91
479,Latvia,Finland,8.54
480,Latvia,United Kingdom,9.71
481,Latvia,Russian Federation,28.12
482,Latvia,Ukraine,5.9
483,Macao,Japan,12.79
484,Macao,"Hong Kong, China",30.35
485,Macao,China,12.89
486,Macao,Germany,10.09
487,Macao,France,7.03
488,Macao,"Other Asia, nes",6.79
489,Macao,United States,36.42
490,Morocco,Germany,7.04
491,Morocco,India,6.4
492,Morocco,France,22.61
493,Morocco,Japan,6.65
494,Morocco,Italy,5.73
495,Morocco,Spain,8.78
496,Morocco,United States,8.62
497,Moldova,Germany,3.48
498,Moldova,Romania,6.45
499,Moldova,Belarus,3.04
500,Moldova,Russian Federation,51.18
501,Moldova,Ukraine,18.61
502,Romania,Germany,16.03
503,Romania,China,4.48
504,Romania,Russian Federation,13.79
505,Romania,France,5.13
506,Romania,Italy,12.97
507,Romania,"Iran, Islamic Rep.",6.23
508,Romania,Turkey,4.08
509,Romania,United States,6.47
510,Madagascar,Germany,11.37
511,Madagascar,Japan,9.86
512,Madagascar,South Africa,10.4
513,Madagascar,France,30.46
514,Madagascar,Reunion,6.36
515,Madagascar,"Iran, Islamic Rep.",5.09
516,Madagascar,United States,7.95
517,South Africa,Germany,17.18
518,South Africa,United Kingdom,6.46
519,South Africa,Japan,10.51
520,South Africa,Switzerland,6.65
521,South Africa,United States,4.83
522,South Africa,Special Categories,37.47
523,Reunion,Germany,2.74
524,Reunion,South Africa,2.42
525,Reunion,France,66.81
526,Reunion,Madagascar,3.3
527,Reunion,Comoros,4.43
528,Reunion,Japan,6.22
529,Reunion,Italy,3.19
530,Reunion,Bahrain,3.51
531,Reunion,Mauritius,1.99
532,North Macedonia,Germany,13.44
533,North Macedonia,Bulgaria,16.28
534,North Macedonia,Slovenia,10.92
535,North Macedonia,"Serbia, FR(Serbia/Montenegro)",6.83
536,North Macedonia,Russian Federation,7.03
537,North Macedonia,Italy,11.59
538,Malta,Germany,14.17
539,Malta,United Kingdom,7.4
540,Malta,France,8.4
541,Malta,Italy,37.46
542,Malta,United States,7.49
543,Mozambique,United Kingdom,6.64
544,Mozambique,Japan,8.4
545,Mozambique,South Africa,30.05
546,Mozambique,Portugal,4.63
547,Mozambique,Spain,19.24
548,Mauritius,United Kingdom,31.97
549,Mauritius,South Africa,12.18
550,Mauritius,Germany,5.91
551,Mauritius,France,18.53
552,Mauritius,India,6.66
553,Mauritius,Italy,4.16
554,Mauritius,"Hong Kong, China",5.15
555,Mauritius,United States,18.12
556,Malawi,Germany,15.33
557,Malawi,United Kingdom,12.23
558,Malawi,Japan,6.51
559,Malawi,South Africa,32.26
560,Malawi,Zimbabwe,10.19
561,Malawi,United States,9.67
562,Nicaragua,Japan,7.15
563,Nicaragua,Germany,12.57
564,Nicaragua,Costa Rica,8.0
565,Nicaragua,Venezuela,11.93
566,Nicaragua,Spain,3.87
567,Nicaragua,Guatemala,8.12
568,Nicaragua,El Salvador,10.57
569,Nicaragua,United States,42.8
570,Oman,Germany,4.91
571,Oman,United Kingdom,8.84
572,Oman,Japan,19.9
573,Oman,United Arab Emirates,10.13
574,Oman,Thailand,8.25
575,Oman,China,8.05
576,Oman,"Korea, Rep.",14.2
577,Oman,United States,6.74
578,Paraguay,Chile,4.01
579,Paraguay,Japan,9.34
580,Paraguay,Brazil,39.63
581,Paraguay,Argentina,11.1
582,Paraguay,"Other Asia, nes",6.29
583,Paraguay,Netherlands,19.59
584,Paraguay,United States,6.99
585,Turkey,Germany,21.73
586,Turkey,France,6.27
587,Turkey,United Kingdom,4.91
588,Turkey,Italy,5.71
589,Turkey,Saudi Arabia,5.28
590,Turkey,United States,8.4
591,Suriname,United Kingdom,4.54
592,Suriname,Norway,28.23
593,Suriname,Trinidad and Tobago,10.38
594,Suriname,Netherlands,27.11
595,Suriname,Japan,6.74
596,Suriname,Venezuela,3.02
597,Suriname,Spain,6.29
598,Suriname,United States,17.77
599,Seychelles,United Kingdom,25.72
600,Seychelles,South Africa,13.31
601,Seychelles,Germany,6.64
602,Seychelles,France,5.74
603,Seychelles,Singapore,14.58
604,Seychelles,Yemen,14.13
605,Seychelles,Italy,4.48
606,Seychelles,United States,3.96
607,Togo,Germany,9.87
608,Togo,"Other Asia, nes",13.39
609,Togo,Cote d'Ivoire,6.25
610,Togo,Philippines,5.41
611,Togo,France,24.02
612,Togo,Bolivia,7.62
613,Togo,Indonesia,5.66
614,Togo,Netherlands,5.18
615,Togo,Canada,16.96
616,Togo,United States,5.48
617,Tunisia,Germany,15.55
618,Tunisia,Belgium-Luxembourg,4.37
619,Tunisia,France,27.45
620,Tunisia,Italy,19.32
621,Tunisia,Spain,4.73
622,Tunisia,United States,6.58
623,Uganda,United Kingdom,3.21
624,Uganda,Kenya,4.5
625,Uganda,Japan,8.46
626,Uganda,Rwanda,4.6
627,Uganda,United Arab Emirates,5.2
628,Uganda,India,6.87
629,Uganda,"Congo, Dem. Rep.",2.9
630,Uruguay,Germany,6.34
631,Uruguay,China,6.01
632,Uruguay,Brazil,25.77
633,Uruguay,Argentina,19.97
634,Uruguay,Italy,5.09
635,Uruguay,United States,6.92
636,St. Vincent and the Grenadines,United Kingdom,31.44
637,St. Vincent and the Grenadines,Trinidad and Tobago,10.43
638,St. Vincent and the Grenadines,Barbados,3.94
639,St. Vincent and the Grenadines,St. Lucia,12.87
640,St. Vincent and the Grenadines,Italy,6.16
641,St. Vincent and the Grenadines,United States,9.23
642,St. Vincent and the Grenadines,Antigua and Barbuda,7.45
643,Vanuatu,Japan,9.53
644,Vanuatu,France,7.06
645,Vanuatu,New Caledonia,6.09
646,Vanuatu,Australia,37.43
647,Vanuatu,United Kingdom,7.32
648,Vanuatu,Netherlands,20.04
649,Vanuatu,New Zealand,12.87
650,Vanuatu,Bangladesh,15.6
651, World,Germany,8.4
652, World,Japan,9.85
653, World,France,5.16
654, World,China,4.76
655, World,United Kingdom,5.3
656, World,United States,16.21
