,source,target,1995
0,Andorra,Germany,1.51
1,Andorra,Belgium-Luxembourg,0.83
2,Andorra,France,31.25
3,Andorra,Spain,39.83
4,Andorra,Italy,3.64
5,Andorra,Netherlands,0.82
6,Andorra,United States,4.0
7,Germany,France,11.0
8,Germany,Netherlands,7.62
9,Germany,United Kingdom,8.27
10,Germany,Italy,7.59
11,Germany,Belgium-Luxembourg,6.62
12,Germany,United States,7.29
13,Belgium-Luxembourg,Germany,20.65
14,Belgium-Luxembourg,United Kingdom,7.84
15,Belgium-Luxembourg,France,15.31
16,Belgium-Luxembourg,Netherlands,12.79
17,Belgium-Luxembourg,United States,5.59
18,Belgium-Luxembourg,Special Categories,5.68
19,France,Germany,17.66
20,France,United Kingdom,9.26
21,France,Belgium-Luxembourg,8.96
22,France,Italy,9.65
23,France,Spain,7.35
24,France,United States,7.8
25,Spain,Germany,15.41
26,Spain,United Kingdom,7.99
27,Spain,France,17.22
28,Spain,Italy,9.1
29,Spain,Portugal,8.35
30,Spain,United States,6.64
31,Italy,Germany,18.76
32,Italy,United Kingdom,6.2
33,Italy,France,14.13
34,Italy,Netherlands,5.6
35,Italy,Spain,4.91
36,Italy,United States,7.33
37,Netherlands,Germany,25.97
38,Netherlands,United Kingdom,8.55
39,Netherlands,Belgium-Luxembourg,10.92
40,Netherlands,France,6.93
41,Netherlands,United States,8.42
42,Netherlands,Special Categories,8.54
43,United States,Germany,4.94
44,United States,Japan,16.5
45,United States,Canada,19.24
46,United States,Mexico,7.94
47,United States,"Korea, Rep.",4.36
48,United States,China,6.29
49,United States,United Kingdom,4.94
50,Argentina,Germany,6.22
51,Argentina,Chile,7.04
52,Argentina,France,5.17
53,Argentina,Brazil,26.16
54,Argentina,Italy,3.51
55,Argentina,Netherlands,5.68
56,Argentina,United States,8.6
57,Chile,Germany,5.3
58,Chile,Japan,6.8
59,Chile,Brazil,6.69
60,Chile,"Korea, Rep.",5.6
61,Chile,United Kingdom,6.57
62,Chile,Argentina,9.29
63,Chile,United States,13.45
64,Brazil,Germany,4.64
65,Brazil,Japan,5.07
66,Brazil,Argentina,8.69
67,Brazil,Italy,5.88
68,Brazil,Netherlands,6.27
69,Brazil,United States,18.92
70,Australia,Germany,6.57
71,Australia,United Kingdom,5.94
72,Australia,Japan,15.19
73,Australia,New Zealand,6.96
74,Australia,"Korea, Rep.",7.62
75,Australia,China,4.92
76,Australia,United States,21.34
77,Australia,Singapore,5.21
78,United Kingdom,Germany,12.35
79,United Kingdom,Japan,5.69
80,United Kingdom,France,9.24
81,United Kingdom,Netherlands,7.47
82,United Kingdom,Ireland,5.13
83,United Kingdom,United States,11.45
84,Japan,"Other Asia, nes",6.52
85,Japan,"Hong Kong, China",6.26
86,Japan,"Korea, Rep.",5.14
87,Japan,China,10.72
88,Japan,Australia,4.33
89,Japan,United States,27.55
90,Japan,Singapore,5.2
91,New Zealand,Germany,4.76
92,New Zealand,United Kingdom,6.05
93,New Zealand,Japan,13.87
94,New Zealand,"Korea, Rep.",5.16
95,New Zealand,Australia,21.57
96,New Zealand,United States,10.01
97,"Korea, Rep.",Germany,4.87
98,"Korea, Rep.",Japan,24.13
99,"Korea, Rep.","Hong Kong, China",8.54
100,"Korea, Rep.",China,7.31
101,"Korea, Rep.",Saudi Arabia,4.02
102,"Korea, Rep.",United States,19.47
103,"Korea, Rep.",Singapore,5.35
104,China,Japan,21.96
105,China,"Hong Kong, China",6.5
106,China,Germany,3.81
107,China,"Korea, Rep.",7.79
108,China,"Other Asia, nes",11.19
109,China,United States,16.62
110,Singapore,Japan,21.15
111,Singapore,Thailand,5.77
112,Singapore,"Hong Kong, China",8.57
113,Singapore,"Korea, Rep.",4.34
114,Singapore,Malaysia,19.18
115,Singapore,United States,18.26
116,Austria,Germany,37.38
117,Austria,Switzerland,5.71
118,Austria,France,4.88
119,Austria,Italy,8.58
120,Austria,United States,4.21
121,Austria,Special Categories,3.66
122,Switzerland,Germany,23.81
123,Switzerland,United Kingdom,6.09
124,Switzerland,France,11.39
125,Switzerland,Italy,7.59
126,Switzerland,United States,8.66
127,Burundi,Germany,2.69
128,Burundi,Belgium-Luxembourg,15.24
129,Burundi,Switzerland,10.59
130,Burundi,France,13.46
131,Burundi,Netherlands,5.57
132,Burundi,United Kingdom,18.34
133,Burundi,Saudi Arabia,8.59
134,Saudi Arabia,Germany,7.87
135,Saudi Arabia,United Kingdom,8.47
136,Saudi Arabia,Japan,8.85
137,Saudi Arabia,Switzerland,4.94
138,Saudi Arabia,France,4.9
139,Saudi Arabia,Netherlands,3.67
140,Saudi Arabia,United States,16.28
141,Saudi Arabia,Special Categories,43.66
142,Burkina Faso,Japan,5.13
143,Burkina Faso,Cote d'Ivoire,15.68
144,Burkina Faso,France,26.09
145,Burkina Faso,Togo,4.6
146,Burkina Faso,Ghana,2.31
147,Burkina Faso,Belgium-Luxembourg,4.83
148,Burkina Faso,Netherlands,4.16
149,Burkina Faso,United States,4.87
150,Cote d'Ivoire,Germany,5.57
151,Cote d'Ivoire,Japan,4.95
152,Cote d'Ivoire,France,26.21
153,Cote d'Ivoire,Italy,8.26
154,Cote d'Ivoire,Netherlands,14.42
155,Cote d'Ivoire,United States,4.36
156,Cote d'Ivoire,Nigeria,15.38
157,Togo,Germany,5.34
158,Togo,"Other Asia, nes",6.94
159,Togo,Cote d'Ivoire,7.66
160,Togo,Switzerland,11.17
161,Togo,France,20.56
162,Togo,Netherlands,5.33
163,Togo,Benin,6.47
164,Togo,Canada,7.14
165,Togo,Nigeria,9.15
166,Bangladesh,Germany,7.59
167,Bangladesh,"Korea, Rep.",8.5
168,Bangladesh,India,11.31
169,Bangladesh,China,8.68
170,Bangladesh,United Kingdom,8.22
171,Bangladesh,France,5.87
172,Bangladesh,Italy,5.67
173,Bangladesh,"Hong Kong, China",11.39
174,Bangladesh,United States,35.36
175,India,Germany,6.22
176,India,United Kingdom,6.33
177,India,Japan,6.73
178,India,"Hong Kong, China",5.73
179,India,United States,17.37
180,"Hong Kong, China",Japan,14.65
181,"Hong Kong, China",China,33.28
182,"Hong Kong, China",Germany,4.31
183,"Hong Kong, China","Korea, Rep.",5.18
184,"Hong Kong, China",United Kingdom,3.21
185,"Hong Kong, China","Other Asia, nes",8.52
186,"Hong Kong, China",United States,21.77
187,Belize,United Kingdom,42.35
188,Belize,Netherlands Antilles,4.85
189,Belize,Canada,3.05
190,Belize,Germany,5.21
191,Belize,Mexico,2.8
192,Belize,United States,36.54
193,Canada,Germany,1.26
194,Canada,United Kingdom,1.48
195,Canada,Japan,5.36
196,Canada,China,1.32
197,Canada,Mexico,2.37
198,Canada,United States,79.22
199,Mexico,Germany,3.71
200,Mexico,Japan,5.45
201,Mexico,Canada,1.9
202,Mexico,France,1.35
203,Mexico,Brazil,1.01
204,Mexico,Spain,0.99
205,Mexico,United States,83.4
206,Bermuda,United Kingdom,6.18
207,Bermuda,Japan,4.04
208,Bermuda,Canada,4.19
209,Bermuda,Aruba,3.22
210,Bermuda,United States,49.67
211,Bermuda,"Bahamas, The",0.04
212,Bolivia,Japan,12.3
213,Bolivia,Chile,7.5
214,Bolivia,Switzerland,6.86
215,Bolivia,Brazil,12.47
216,Bolivia,Peru,12.22
217,Bolivia,Argentina,12.08
218,Bolivia,United Kingdom,12.98
219,Bolivia,United States,28.08
220,Peru,Japan,7.02
221,Peru,China,6.42
222,Peru,Germany,6.1
223,Peru,Brazil,5.63
224,Peru,Venezuela,5.07
225,Peru,United Kingdom,7.53
226,Peru,Colombia,8.07
227,Peru,United States,17.23
228,Central African Republic,Germany,2.87
229,Central African Republic,Japan,19.7
230,Central African Republic,Belgium-Luxembourg,63.16
231,Central African Republic,Cameroon,1.53
232,Central African Republic,France,34.17
233,Central African Republic,United Kingdom,1.73
234,Central African Republic,"Congo, Dem. Rep.",1.6
235,Cameroon,Germany,7.27
236,Cameroon,Japan,5.46
237,Cameroon,France,31.25
238,Cameroon,"Korea, Rep.",2.83
239,Cameroon,Italy,15.41
240,Cameroon,Belgium-Luxembourg,5.47
241,Cameroon,Spain,12.16
242,Cameroon,Netherlands,13.44
243,Cameroon,United States,7.73
244,"Congo, Rep.","Other Asia, nes",23.57
245,"Congo, Rep.",France,26.1
246,"Congo, Rep.",Italy,17.4
247,"Congo, Rep.",Free Zones,10.15
248,"Congo, Rep.",Netherlands,12.0
249,"Congo, Rep.",United States,28.55
250,"Congo, Rep.",Bunkers,9.14
251,Colombia,Germany,7.2
252,Colombia,Japan,8.92
253,Colombia,Canada,3.9
254,Colombia,Peru,5.56
255,Colombia,Venezuela,9.99
256,Colombia,United States,35.56
257,Colombia,Ecuador,4.19
258,Venezuela,Germany,4.83
259,Venezuela,Japan,4.39
260,Venezuela,Netherlands Antilles,4.86
261,Venezuela,Canada,4.24
262,Venezuela,Colombia,7.45
263,Venezuela,United Kingdom,2.79
264,Venezuela,Brazil,8.82
265,Venezuela,United States,50.52
266,Ecuador,Germany,4.54
267,Ecuador,Chile,4.46
268,Ecuador,Japan,8.61
269,Ecuador,"Korea, Rep.",6.66
270,Ecuador,Colombia,5.78
271,Ecuador,Venezuela,6.26
272,Ecuador,Italy,3.97
273,Ecuador,United States,42.49
274,Comoros,South Africa,7.17
275,Comoros,Germany,8.25
276,Comoros,France,35.13
277,Comoros,India,17.44
278,Comoros,China,5.13
279,Comoros,Saudi Arabia,9.34
280,Comoros,United States,31.2
281,Comoros,Canada,3.87
282,South Africa,Germany,4.97
283,South Africa,United Kingdom,8.32
284,South Africa,Japan,10.17
285,South Africa,"Iran, Islamic Rep.",4.51
286,South Africa,United States,7.6
287,South Africa,Special Categories,20.21
288,Costa Rica,Japan,3.83
289,Costa Rica,Belgium-Luxembourg,6.57
290,Costa Rica,Guatemala,4.33
291,Costa Rica,Germany,6.4
292,Costa Rica,Mexico,5.51
293,Costa Rica,Venezuela,6.59
294,Costa Rica,Italy,4.89
295,Costa Rica,United States,40.15
296,Guatemala,Japan,3.68
297,Guatemala,Germany,5.81
298,Guatemala,Mexico,9.36
299,Guatemala,El Salvador,4.9
300,Guatemala,Costa Rica,5.22
301,Guatemala,Venezuela,4.61
302,Guatemala,Honduras,6.45
303,Guatemala,United States,31.3
304,Cyprus,Germany,8.16
305,Cyprus,United Kingdom,13.34
306,Cyprus,Greece,6.0
307,Cyprus,Bulgaria,9.13
308,Cyprus,Russian Federation,13.66
309,Cyprus,Italy,9.79
310,Cyprus,United States,13.02
311,Greece,Germany,22.11
312,Greece,United Kingdom,6.09
313,Greece,France,8.12
314,Greece,Bulgaria,4.08
315,Greece,Netherlands,6.93
316,Greece,Italy,14.09
317,Czech Republic,Germany,37.56
318,Czech Republic,Slovak Republic,13.88
319,Czech Republic,Poland,4.46
320,Czech Republic,Russian Federation,7.43
321,Czech Republic,Italy,3.73
322,Czech Republic,Austria,6.91
323,Slovak Republic,Germany,18.9
324,Slovak Republic,Czech Republic,29.6
325,Slovak Republic,Russian Federation,11.2
326,Slovak Republic,Italy,4.81
327,Slovak Republic,Austria,5.46
328,Slovak Republic,Hungary,4.58
329,Poland,Germany,38.39
330,Poland,United Kingdom,4.01
331,Poland,France,4.9
332,Poland,Russian Federation,5.57
333,Poland,Italy,4.92
334,Poland,Netherlands,5.64
335,Dominica,Guyana,6.05
336,Dominica,United Kingdom,38.22
337,Dominica,France,6.54
338,Dominica,Trinidad and Tobago,10.98
339,Dominica,St. Lucia,5.05
340,Dominica,Jamaica,11.88
341,Dominica,Guadeloupe,6.11
342,Dominica,United States,8.07
343,Trinidad and Tobago,Germany,5.89
344,Trinidad and Tobago,Guyana,3.27
345,Trinidad and Tobago,United Kingdom,7.23
346,Trinidad and Tobago,Canada,5.11
347,Trinidad and Tobago,Brazil,4.06
348,Trinidad and Tobago,Jamaica,8.43
349,Trinidad and Tobago,Barbados,3.46
350,Trinidad and Tobago,France,2.86
351,Trinidad and Tobago,United States,42.91
352,St. Lucia,United Kingdom,53.05
353,St. Lucia,Japan,4.58
354,St. Lucia,Canada,3.84
355,St. Lucia,Dominica,5.35
356,St. Lucia,Trinidad and Tobago,2.96
357,St. Lucia,Barbados,2.54
358,St. Lucia,United States,25.99
359,Guadeloupe,Germany,3.2
360,Guadeloupe,France,63.85
361,Guadeloupe,Trinidad and Tobago,3.7
362,Guadeloupe,Italy,4.57
363,Guadeloupe,United States,3.41
364,Guadeloupe,"Bahamas, The",4.35
365,Guadeloupe,Martinique,10.53
366,Denmark,Germany,20.92
367,Denmark,United Kingdom,7.25
368,Denmark,Sweden,9.03
369,Denmark,Norway,5.68
370,Denmark,France,5.15
371,Denmark,Netherlands,7.01
372,Sweden,Denmark,6.56
373,Sweden,Germany,13.24
374,Sweden,United Kingdom,9.76
375,Sweden,Norway,7.88
376,Sweden,Netherlands,7.58
377,Sweden,United States,8.14
378,Norway,Germany,11.93
379,Norway,United Kingdom,20.03
380,Norway,Sweden,9.87
381,Norway,Denmark,7.56
382,Norway,France,7.78
383,Norway,Netherlands,9.53
384,Norway,United States,6.69
385,Algeria,Germany,6.84
386,Algeria,France,24.92
387,Algeria,Italy,22.43
388,Algeria,Spain,8.56
389,Algeria,Netherlands,10.39
390,Algeria,United States,16.71
391,"Egypt, Arab Rep.",Germany,6.01
392,"Egypt, Arab Rep.",France,5.84
393,"Egypt, Arab Rep.",Italy,13.32
394,"Egypt, Arab Rep.",Free Zones,4.86
395,"Egypt, Arab Rep.",Netherlands,4.84
396,"Egypt, Arab Rep.",Israel,5.12
397,"Egypt, Arab Rep.",United States,15.16
398,Israel,Germany,5.46
399,Israel,United Kingdom,6.09
400,Israel,Belgium-Luxembourg,12.11
401,Israel,Japan,6.94
402,Israel,Italy,7.74
403,Israel,United States,30.11
404,Portugal,Germany,21.54
405,Portugal,United Kingdom,11.11
406,Portugal,France,11.81
407,Portugal,Spain,21.21
408,Portugal,Italy,8.37
409,Portugal,Netherlands,5.27
410,Estonia,Germany,7.21
411,Estonia,Sweden,10.86
412,Estonia,Finland,21.51
413,Estonia,Netherlands,3.1
414,Estonia,Latvia,7.46
415,Estonia,Russian Federation,17.66
416,Finland,Germany,13.13
417,Finland,United Kingdom,10.17
418,Finland,Sweden,9.99
419,Finland,Russian Federation,4.74
420,Finland,United States,6.58
421,Latvia,Germany,13.6
422,Latvia,Sweden,9.31
423,Latvia,Lithuania,5.54
424,Latvia,Finland,10.42
425,Latvia,United Kingdom,9.06
426,Latvia,Russian Federation,25.33
427,Ethiopia(excludes Eritrea),Germany,29.09
428,Ethiopia(excludes Eritrea),Japan,8.43
429,Ethiopia(excludes Eritrea),Saudi Arabia,9.0
430,Ethiopia(excludes Eritrea),Italy,8.64
431,Ethiopia(excludes Eritrea),Djibouti,9.13
432,Ethiopia(excludes Eritrea),United States,12.93
433,Ireland,Germany,14.45
434,Ireland,United Kingdom,25.44
435,Ireland,Japan,5.28
436,Ireland,France,9.46
437,Ireland,Netherlands,7.0
438,Ireland,United States,8.32
439,Guinea,Japan,8.33
440,Guinea,Cote d'Ivoire,10.7
441,Guinea,France,20.67
442,Guinea,Brazil,8.25
443,Guinea,Belgium-Luxembourg,8.44
444,Guinea,Spain,12.04
445,Guinea,Ireland,11.74
446,Guinea,United States,21.53
447,Martinique,Germany,3.26
448,Martinique,Belgium-Luxembourg,8.57
449,Martinique,France,62.77
450,Martinique,Guadeloupe,12.48
451,Martinique,United Kingdom,6.99
452,Martinique,Italy,3.72
453,Martinique,French Guiana,3.09
454,Martinique,United States,2.87
455,"Gambia, The",United Kingdom,17.05
456,"Gambia, The",Cote d'Ivoire,12.56
457,"Gambia, The",Belgium-Luxembourg,6.9
458,"Gambia, The",France,13.25
459,"Gambia, The",Spain,5.22
460,"Gambia, The",Italy,6.07
461,"Gambia, The",Senegal,3.43
462,"Gambia, The",Guinea-Bissau,28.24
463,Grenada,United Kingdom,11.07
464,Grenada,Japan,3.16
465,Grenada,Canada,3.85
466,Grenada,Trinidad and Tobago,20.31
467,Grenada,Barbados,7.71
468,Grenada,St. Lucia,8.48
469,Grenada,Netherlands,10.77
470,Grenada,United States,32.68
471,Greenland,Denmark,88.69
472,Greenland,Japan,3.34
473,Greenland,Norway,3.1
474,Greenland,United Kingdom,4.65
475,Greenland,Iceland,3.78
476,Greenland,United States,0.59
477,Iceland,Denmark,7.84
478,Iceland,Germany,13.66
479,Iceland,United Kingdom,19.27
480,Iceland,Norway,10.18
481,Iceland,Japan,11.35
482,Iceland,United States,12.39
483,El Salvador,Germany,14.53
484,El Salvador,Japan,5.08
485,El Salvador,Guatemala,20.72
486,El Salvador,Mexico,5.72
487,El Salvador,Costa Rica,7.86
488,El Salvador,Netherlands,7.45
489,El Salvador,United States,17.52
490,Honduras,Belgium-Luxembourg,3.53
491,Honduras,Germany,19.31
492,Honduras,Mexico,4.18
493,Honduras,El Salvador,3.95
494,Honduras,Netherlands,7.51
495,Honduras,Japan,6.74
496,Honduras,Spain,3.86
497,Honduras,Guatemala,6.84
498,Honduras,United States,42.67
499,French Guiana,Belgium-Luxembourg,4.15
500,French Guiana,Switzerland,5.61
501,French Guiana,France,60.75
502,French Guiana,Trinidad and Tobago,5.14
503,French Guiana,Guadeloupe,8.45
504,French Guiana,Italy,4.86
505,French Guiana,Martinique,4.85
506,Croatia,Germany,21.52
507,Croatia,United Kingdom,6.06
508,Croatia,Bosnia and Herzegovina,8.27
509,Croatia,Slovenia,10.72
510,Croatia,Italy,23.71
511,Croatia,Austria,7.64
512,Slovenia,Germany,30.16
513,Slovenia,Croatia,6.06
514,Slovenia,France,8.41
515,Slovenia,Italy,14.57
516,Slovenia,Austria,9.68
517,Hungary,Germany,29.18
518,Hungary,France,3.99
519,Hungary,Russian Federation,6.45
520,Hungary,Italy,8.37
521,Hungary,Austria,10.89
522,Indonesia,Germany,6.94
523,Indonesia,Japan,22.69
524,Indonesia,"Other Asia, nes",3.89
525,Indonesia,"Korea, Rep.",6.03
526,Indonesia,Singapore,5.83
527,Indonesia,United States,13.92
528,Jordan,Germany,8.43
529,Jordan,United Kingdom,4.81
530,Jordan,India,9.21
531,Jordan,Iraq,17.06
532,Jordan,Saudi Arabia,6.12
533,Jordan,Italy,5.36
534,Jordan,United States,9.28
535,Jordan,Free Zones,6.12
536,Kazakhstan,Germany,3.27
537,Kazakhstan,China,5.43
538,Kazakhstan,Switzerland,3.89
539,Kazakhstan,Turkmenistan,6.34
540,Kazakhstan,Uzbekistan,7.08
541,Kazakhstan,Russian Federation,45.19
542,Kazakhstan,Turkey,3.24
543,Kazakhstan,Netherlands,9.79
544,Turkey,Germany,23.31
545,Turkey,France,5.59
546,Turkey,United Kingdom,5.25
547,Turkey,Russian Federation,5.7
548,Turkey,Italy,6.74
549,Turkey,United States,7.0
550,Kyrgyz Republic,Kazakhstan,16.32
551,Kyrgyz Republic,China,16.62
552,Kyrgyz Republic,Uzbekistan,17.19
553,Kyrgyz Republic,United Kingdom,6.64
554,Kyrgyz Republic,Russian Federation,25.86
555,Kyrgyz Republic,Turkey,7.34
556,Kyrgyz Republic,Cuba,4.35
557,Kiribati,Japan,7.58
558,Kiribati,"Hong Kong, China",6.21
559,Kiribati,Fiji,18.99
560,Kiribati,China,5.36
561,Kiribati,Australia,47.41
562,Kiribati,New Zealand,8.71
563,Kiribati,United States,10.35
564,Kiribati,Bangladesh,62.52
565,St. Kitts and Nevis,United Kingdom,41.8
566,St. Kitts and Nevis,Japan,5.25
567,St. Kitts and Nevis,Netherlands Antilles,2.41
568,St. Kitts and Nevis,Dominica,3.35
569,St. Kitts and Nevis,Trinidad and Tobago,9.86
570,St. Kitts and Nevis,Barbados,2.53
571,St. Kitts and Nevis,St. Lucia,1.74
572,St. Kitts and Nevis,United States,40.38
573,Lithuania,Germany,14.38
574,Lithuania,Poland,4.23
575,Lithuania,Belarus,3.65
576,Lithuania,Latvia,7.06
577,Lithuania,Russian Federation,20.4
578,Lithuania,Ukraine,3.68
579,Macao,Japan,10.52
580,Macao,"Hong Kong, China",28.89
581,Macao,China,10.5
582,Macao,Germany,9.76
583,Macao,United Kingdom,7.02
584,Macao,"Other Asia, nes",7.24
585,Macao,United States,41.2
586,Morocco,Germany,6.26
587,Morocco,India,6.56
588,Morocco,France,21.84
589,Morocco,Japan,7.67
590,Morocco,Italy,5.69
591,Morocco,Spain,8.53
592,Morocco,United States,6.55
593,Moldova,Germany,6.09
594,Moldova,Romania,6.65
595,Moldova,Belarus,6.03
596,Moldova,Russian Federation,48.3
597,Moldova,Ukraine,27.17
598,Romania,Germany,18.13
599,Romania,France,5.18
600,Romania,Russian Federation,11.96
601,Romania,Italy,15.76
602,Romania,Netherlands,3.02
603,Romania,Turkey,4.39
604,Romania,United States,3.96
605,Madagascar,Germany,8.31
606,Madagascar,Japan,5.96
607,Madagascar,South Africa,6.28
608,Madagascar,France,29.64
609,Madagascar,Reunion,5.94
610,Madagascar,"Iran, Islamic Rep.",10.07
611,Madagascar,United States,6.58
612,Reunion,Germany,2.8
613,Reunion,South Africa,2.59
614,Reunion,Belgium-Luxembourg,4.97
615,Reunion,France,66.32
616,Reunion,Madagascar,3.18
617,Reunion,Comoros,4.72
618,Reunion,Japan,6.1
619,Reunion,Italy,3.53
620,Reunion,Bahrain,3.09
621,Maldives,Japan,5.11
622,Maldives,United Arab Emirates,7.37
623,Maldives,Germany,10.57
624,Maldives,Sri Lanka,22.4
625,Maldives,India,11.55
626,Maldives,Singapore,36.45
627,Maldives,United Kingdom,26.08
628,Maldives,United States,19.19
629,North Macedonia,Germany,12.71
630,North Macedonia,Bulgaria,14.89
631,North Macedonia,Slovenia,6.77
632,North Macedonia,"Serbia, FR(Serbia/Montenegro)",7.04
633,North Macedonia,Russian Federation,7.24
634,North Macedonia,Italy,9.92
635,Malta,Germany,15.0
636,Malta,United Kingdom,7.5
637,Malta,France,8.35
638,Malta,Italy,30.37
639,Malta,United States,9.55
640,Mozambique,Japan,5.06
641,Mozambique,South Africa,29.32
642,Mozambique,Portugal,9.04
643,Mozambique,Spain,20.87
644,Mozambique,United States,5.47
645,Mauritius,United Kingdom,34.28
646,Mauritius,Japan,4.72
647,Mauritius,South Africa,11.28
648,Mauritius,Germany,5.83
649,Mauritius,France,13.94
650,Mauritius,India,8.33
651,Mauritius,Italy,4.1
652,Mauritius,United States,14.82
653,Malawi,Germany,13.59
654,Malawi,United Kingdom,15.77
655,Malawi,Japan,4.97
656,Malawi,South Africa,31.92
657,Malawi,France,9.99
658,Malawi,Zimbabwe,7.97
659,Malawi,Netherlands,9.09
660,Malawi,United States,13.15
661,Zimbabwe,Germany,8.23
662,Zimbabwe,United Kingdom,12.85
663,Zimbabwe,Japan,7.35
664,Zimbabwe,South Africa,41.12
665,Zimbabwe,Zambia,5.04
666,Malaysia,Germany,4.46
667,Malaysia,Japan,27.49
668,Malaysia,"Hong Kong, China",5.35
669,Malaysia,Singapore,12.47
670,Malaysia,United Kingdom,4.05
671,Malaysia,"Other Asia, nes",5.13
672,Malaysia,United States,20.71
673,Niger,United Kingdom,5.46
674,Niger,Nigeria,12.22
675,Niger,Cote d'Ivoire,10.61
676,Niger,France,22.76
677,Niger,Libya,3.39
678,Niger,Algeria,4.51
679,Niger,Benin,56.74
680,Nicaragua,Belgium-Luxembourg,3.43
681,Nicaragua,Germany,11.39
682,Nicaragua,Venezuela,12.96
683,Nicaragua,Spain,7.76
684,Nicaragua,Guatemala,7.89
685,Nicaragua,Panama,5.64
686,Nicaragua,El Salvador,8.11
687,Nicaragua,United States,42.11
688,Nicaragua,Costa Rica,8.14
689,Panama,Ecuador,5.34
690,Panama,Sweden,4.85
691,Panama,Japan,5.05
692,Panama,Belgium-Luxembourg,4.77
693,Panama,Germany,12.43
694,Panama,Mexico,3.42
695,Panama,Costa Rica,7.24
696,Panama,Free Zones,14.95
697,Panama,United States,44.59
698,Oman,Germany,5.08
699,Oman,United Kingdom,10.47
700,Oman,Japan,15.8
701,Oman,United Arab Emirates,10.22
702,Oman,Thailand,8.56
703,Oman,China,9.69
704,Oman,"Korea, Rep.",15.82
705,Oman,United States,6.5
706,Thailand,Germany,5.3
707,Thailand,Japan,30.55
708,Thailand,"Hong Kong, China",5.17
709,Thailand,Singapore,5.88
710,Thailand,"Other Asia, nes",4.83
711,Thailand,Netherlands,3.19
712,Thailand,United States,17.86
713,Paraguay,Japan,8.69
714,Paraguay,"Other Asia, nes",5.32
715,Paraguay,Brazil,44.69
716,Paraguay,Argentina,9.06
717,Paraguay,Netherlands,9.75
718,Paraguay,United States,4.77
719,Fm Sudan,Germany,6.1
720,Fm Sudan,United Kingdom,6.26
721,Fm Sudan,Japan,9.64
722,Fm Sudan,China,7.33
723,Fm Sudan,France,7.32
724,Fm Sudan,Saudi Arabia,13.88
725,Fm Sudan,Italy,7.43
726,Fm Sudan,United States,8.2
727,Suriname,Norway,24.55
728,Suriname,Trinidad and Tobago,7.37
729,Suriname,Brazil,5.08
730,Suriname,Netherlands,27.52
731,Suriname,Japan,5.99
732,Suriname,Venezuela,2.99
733,Suriname,United States,22.0
734,Seychelles,United Kingdom,23.92
735,Seychelles,South Africa,12.29
736,Seychelles,Germany,9.25
737,Seychelles,France,7.08
738,Seychelles,Singapore,14.67
739,Seychelles,Reunion,3.24
740,Seychelles,Yemen,15.95
741,Seychelles,United States,3.74
742,Chad,France,41.28
743,Chad,Cameroon,15.73
744,Chad,United States,6.47
745,Chad,Nigeria,11.73
746,Tunisia,Germany,15.73
747,Tunisia,Belgium-Luxembourg,4.48
748,Tunisia,France,25.62
749,Tunisia,Italy,18.66
750,Tunisia,Spain,4.05
751,Tunisia,United States,5.06
752,Tanzania,Germany,6.59
753,Tanzania,United Kingdom,24.58
754,Tanzania,Japan,7.64
755,Tanzania,South Africa,6.53
756,Tanzania,India,6.76
757,Uganda,United Kingdom,21.29
758,Uganda,Kenya,20.56
759,Uganda,Japan,9.58
760,Uganda,United Arab Emirates,5.94
761,Uganda,Belgium-Luxembourg,4.97
762,Uganda,Switzerland,31.73
763,Uganda,Germany,4.98
764,Uganda,India,5.92
765,Uganda,"Congo, Dem. Rep.",6.68
766,Uruguay,China,5.86
767,Uruguay,Germany,5.6
768,Uruguay,Brazil,33.24
769,Uruguay,Argentina,12.68
770,Uruguay,Italy,5.16
771,Uruguay,United States,6.0
772,Uruguay,Spain,3.71
773,St. Vincent and the Grenadines,United Kingdom,40.72
774,St. Vincent and the Grenadines,Canada,3.15
775,St. Vincent and the Grenadines,Trinidad and Tobago,8.72
776,St. Vincent and the Grenadines,Barbados,4.41
777,St. Vincent and the Grenadines,St. Lucia,11.48
778,St. Vincent and the Grenadines,United States,9.41
779,St. Vincent and the Grenadines,Antigua and Barbuda,6.34
780, World,Germany,9.09
781, World,United Kingdom,5.35
782, World,Japan,8.95
783, World,France,5.54
784, World,United States,14.73
785,Zambia,United Kingdom,10.03
786,Zambia,Japan,6.38
787,Zambia,South Africa,35.84
788,Zambia,Thailand,12.21
789,Zambia,India,8.23
790,Zambia,Saudi Arabia,10.83
791,Zambia,Zimbabwe,7.98
792,Zambia,Malaysia,6.52
