,source,target,1996
0,Albania,Germany,6.93
1,Albania,Bulgaria,3.79
2,Albania,Greece,12.99
3,Albania,North Macedonia,3.07
4,Albania,Italy,57.84
5,Albania,Turkey,3.11
6,Germany,United Kingdom,8.07
7,Germany,France,10.68
8,Germany,Netherlands,7.64
9,Germany,Italy,7.52
10,Germany,United States,7.62
11,Bulgaria,Germany,9.04
12,Bulgaria,Greece,7.11
13,Bulgaria,Russian Federation,9.81
14,Bulgaria,Italy,10.08
15,Bulgaria,Turkey,7.86
16,Greece,Germany,18.58
17,Greece,United Kingdom,5.95
18,Greece,France,8.02
19,Greece,Netherlands,6.41
20,Greece,Italy,13.45
21,Greece,United States,3.83
22,North Macedonia,Germany,18.7
23,North Macedonia,Greece,8.92
24,North Macedonia,Slovenia,7.64
25,North Macedonia,"Serbia, FR(Serbia/Montenegro)",21.42
26,North Macedonia,Russian Federation,7.52
27,North Macedonia,Italy,6.75
28,North Macedonia,United States,6.16
29,Italy,Germany,17.49
30,Italy,United Kingdom,6.48
31,Italy,France,13.57
32,Italy,Netherlands,6.01
33,Italy,Spain,5.01
34,Italy,United States,7.32
35,Turkey,Germany,22.35
36,Turkey,United Kingdom,5.41
37,Turkey,France,6.38
38,Turkey,Russian Federation,6.48
39,Turkey,Italy,6.24
40,Turkey,United States,7.01
41,Andorra,Germany,4.31
42,Andorra,United Kingdom,3.93
43,Andorra,Belgium-Luxembourg,2.18
44,Andorra,Switzerland,1.33
45,Andorra,France,30.79
46,Andorra,Portugal,2.36
47,Andorra,Spain,40.82
48,Andorra,United States,3.98
49,United Kingdom,Germany,11.79
50,United Kingdom,France,9.04
51,United Kingdom,Netherlands,7.55
52,United Kingdom,Italy,5.08
53,United Kingdom,Ireland,5.29
54,United Kingdom,United States,11.48
55,Belgium-Luxembourg,Germany,19.61
56,Belgium-Luxembourg,United Kingdom,8.84
57,Belgium-Luxembourg,France,15.08
58,Belgium-Luxembourg,Netherlands,12.97
59,Belgium-Luxembourg,United States,6.05
60,Belgium-Luxembourg,Special Categories,5.21
61,Switzerland,Germany,22.65
62,Switzerland,United Kingdom,6.3
63,Switzerland,France,11.55
64,Switzerland,Italy,7.51
65,Switzerland,United States,9.39
66,France,Germany,17.3
67,France,United Kingdom,9.46
68,France,Belgium-Luxembourg,8.49
69,France,Italy,9.31
70,France,Spain,8.0
71,France,United States,8.16
72,Portugal,Germany,19.04
73,Portugal,United Kingdom,11.08
74,Portugal,France,11.08
75,Portugal,Spain,22.47
76,Portugal,Italy,8.28
77,Portugal,Netherlands,5.02
78,Spain,Germany,14.69
79,Spain,United Kingdom,8.29
80,Spain,France,17.83
81,Spain,Italy,8.71
82,Spain,Portugal,8.78
83,Spain,United States,6.18
84,United States,Germany,4.89
85,United States,Japan,14.43
86,United States,Canada,19.53
87,United States,Mexico,9.11
88,United States,"Korea, Rep.",4.27
89,United States,China,6.65
90,United States,United Kingdom,4.96
91,Argentina,Germany,6.01
92,Argentina,Chile,7.42
93,Argentina,France,4.97
94,Argentina,Brazil,27.78
95,Argentina,Spain,3.09
96,Argentina,Italy,6.33
97,Argentina,Netherlands,5.15
98,Argentina,United States,8.29
99,Chile,Japan,5.65
100,Chile,Mexico,5.52
101,Chile,Brazil,6.14
102,Chile,"Korea, Rep.",5.79
103,Chile,United Kingdom,5.95
104,Chile,Argentina,9.72
105,Chile,United States,15.4
106,Brazil,Germany,4.36
107,Brazil,Japan,5.14
108,Brazil,Argentina,10.83
109,Brazil,Italy,5.41
110,Brazil,Netherlands,7.43
111,Brazil,United States,19.5
112,Netherlands,Germany,25.88
113,Netherlands,United Kingdom,8.37
114,Netherlands,Belgium-Luxembourg,10.29
115,Netherlands,France,6.79
116,Netherlands,United States,8.39
117,Netherlands,Special Categories,9.38
118,Australia,Germany,5.86
119,Australia,United Kingdom,6.34
120,Australia,Japan,12.8
121,Australia,New Zealand,7.01
122,Australia,"Korea, Rep.",8.98
123,Australia,China,5.19
124,Australia,United States,4.95
125,Japan,"Other Asia, nes",6.32
126,Japan,"Hong Kong, China",6.17
127,Japan,China,5.33
128,Japan,"Korea, Rep.",4.57
129,Japan,United States,27.5
130,Japan,Indonesia,4.35
131,New Zealand,Germany,4.68
132,New Zealand,United Kingdom,6.42
133,New Zealand,Japan,14.28
134,New Zealand,"Korea, Rep.",4.72
135,New Zealand,Australia,24.25
136,New Zealand,United States,9.17
137,"Korea, Rep.",Germany,4.82
138,"Korea, Rep.",Japan,20.92
139,"Korea, Rep.","Hong Kong, China",8.58
140,"Korea, Rep.",China,8.77
141,"Korea, Rep.",Saudi Arabia,4.43
142,"Korea, Rep.",United States,16.9
143,"Korea, Rep.",Singapore,4.96
144,China,Japan,21.02
145,China,"Hong Kong, China",5.64
146,China,Germany,3.87
147,China,"Korea, Rep.",8.99
148,China,"Other Asia, nes",11.65
149,China,United States,17.68
150,Austria,Germany,36.69
151,Austria,Switzerland,5.3
152,Austria,France,4.79
153,Austria,Italy,8.03
154,Austria,United States,4.45
155,Austria,Hungary,3.91
156,Hungary,Germany,29.72
157,Hungary,France,4.26
158,Hungary,Russian Federation,5.96
159,Hungary,Italy,7.94
160,Hungary,Austria,9.54
161,Azerbaijan,Germany,8.04
162,Azerbaijan,United Arab Emirates,11.3
163,Azerbaijan,Turkmenistan,5.44
164,Azerbaijan,Russian Federation,17.64
165,Azerbaijan,Turkey,6.19
166,Azerbaijan,Georgia,14.5
167,Azerbaijan,"Iran, Islamic Rep.",35.82
168,Azerbaijan,Ukraine,9.83
169,Russian Federation,Germany,7.98
170,Russian Federation,China,5.36
171,Russian Federation,Switzerland,4.52
172,Russian Federation,Kazakhstan,4.97
173,Russian Federation,United States,5.71
174,Russian Federation,Special Categories,25.49
175,Russian Federation,Ukraine,10.29
176,Georgia,Bulgaria,6.3
177,Georgia,Turkmenistan,6.76
178,Georgia,Romania,5.96
179,Georgia,Armenia,10.58
180,Georgia,Azerbaijan,12.25
181,Georgia,Russian Federation,28.51
182,Georgia,Turkey,13.03
183,Ukraine,Germany,2.73
184,Ukraine,Poland,2.89
185,Ukraine,China,5.33
186,Ukraine,Turkmenistan,8.76
187,Ukraine,Belarus,5.01
188,Ukraine,Russian Federation,38.56
189,Ukraine,Turkey,2.84
190,Ukraine,United States,3.21
191,Burundi,Germany,8.04
192,Burundi,Rwanda,5.3
193,Burundi,Belgium-Luxembourg,15.07
194,Burundi,Switzerland,8.12
195,Burundi,France,8.2
196,Burundi,United Kingdom,9.48
197,Burundi,Saudi Arabia,11.62
198,Burundi,Italy,11.29
199,Rwanda,Germany,5.51
200,Rwanda,Kenya,29.32
201,Rwanda,United Arab Emirates,6.13
202,Rwanda,Uganda,10.83
203,Rwanda,Belgium-Luxembourg,17.28
204,Rwanda,Tanzania,5.62
205,Rwanda,South Africa,4.55
206,Saudi Arabia,Germany,7.5
207,Saudi Arabia,United Kingdom,8.98
208,Saudi Arabia,Japan,7.03
209,Saudi Arabia,France,4.59
210,Saudi Arabia,Italy,4.71
211,Saudi Arabia,Netherlands,3.56
212,Saudi Arabia,United States,16.69
213,Saudi Arabia,Special Categories,45.97
214,Burkina Faso,Cote d'Ivoire,17.24
215,Burkina Faso,France,27.58
216,Burkina Faso,India,4.63
217,Burkina Faso,Togo,5.26
218,Burkina Faso,Ghana,1.5
219,Burkina Faso,Mali,2.7
220,Burkina Faso,United States,4.43
221,Burkina Faso,Nigeria,5.12
222,Cote d'Ivoire,Germany,5.01
223,Cote d'Ivoire,France,23.23
224,Cote d'Ivoire,Italy,5.63
225,Cote d'Ivoire,Netherlands,16.68
226,Cote d'Ivoire,United States,8.15
227,Cote d'Ivoire,Nigeria,20.9
228,India,Germany,5.66
229,India,Japan,5.59
230,India,"Hong Kong, China",5.57
231,India,United Kingdom,6.12
232,India,Belgium-Luxembourg,5.71
233,India,United States,19.6
234,Togo,Germany,4.86
235,Togo,"Other Asia, nes",8.47
236,Togo,Cote d'Ivoire,10.9
237,Togo,Switzerland,7.74
238,Togo,France,21.36
239,Togo,Netherlands,5.61
240,Togo,Ghana,7.65
241,Togo,Benin,13.4
242,Togo,Canada,7.72
243,Togo,Nigeria,9.03
244,Ghana,Germany,12.45
245,Ghana,United Kingdom,22.38
246,Ghana,Japan,6.42
247,Ghana,Switzerland,25.16
248,Ghana,Italy,3.84
249,Ghana,Netherlands,8.41
250,Ghana,United States,13.06
251,Mali,Cote d'Ivoire,26.28
252,Mali,Switzerland,8.3
253,Mali,France,24.14
254,Mali,United Kingdom,5.86
255,Mali,Belgium-Luxembourg,4.0
256,Mali,Senegal,5.87
257,Mali,United States,4.59
258,Nigeria,Germany,10.54
259,Nigeria,United Kingdom,13.08
260,Nigeria,France,8.25
261,Nigeria,Netherlands,6.6
262,Nigeria,Italy,6.84
263,Nigeria,Spain,11.67
264,Nigeria,United States,37.29
265,Bangladesh,Japan,6.97
266,Bangladesh,Germany,8.2
267,Bangladesh,"Korea, Rep.",7.64
268,Bangladesh,India,17.39
269,Bangladesh,Singapore,7.23
270,Bangladesh,United Kingdom,9.63
271,Bangladesh,France,7.95
272,Bangladesh,Italy,5.46
273,Bangladesh,United States,32.94
274,Singapore,Japan,18.15
275,Singapore,Thailand,5.68
276,Singapore,"Hong Kong, China",8.9
277,Singapore,Malaysia,18.01
278,Singapore,"Other Asia, nes",4.01
279,Singapore,United States,18.45
280,Belize,United Kingdom,36.03
281,Belize,Mexico,3.45
282,Belize,Guatemala,2.93
283,Belize,United States,42.21
284,Belize,Canada,2.61
285,Belize,Cuba,8.11
286,Mexico,Germany,3.55
287,Mexico,Japan,4.29
288,Mexico,Canada,1.95
289,Mexico,"Korea, Rep.",1.19
290,Mexico,Brazil,1.02
291,Mexico,Spain,1.0
292,Mexico,United States,83.39
293,Guatemala,Germany,5.05
294,Guatemala,Mexico,10.25
295,Guatemala,El Salvador,4.09
296,Guatemala,Costa Rica,4.91
297,Guatemala,Venezuela,5.25
298,Guatemala,Aruba,3.4
299,Guatemala,Honduras,6.9
300,Guatemala,United States,36.77
301,Canada,United Kingdom,2.72
302,Canada,Japan,4.49
303,Canada,China,1.09
304,Canada,Germany,1.21
305,Canada,Mexico,2.6
306,Canada,United States,79.65
307,Bolivia,Japan,12.12
308,Bolivia,Chile,6.73
309,Bolivia,Brazil,11.05
310,Bolivia,Peru,12.76
311,Bolivia,Argentina,13.19
312,Bolivia,Colombia,10.67
313,Bolivia,United Kingdom,14.32
314,Bolivia,United States,21.84
315,Peru,Japan,5.53
316,Peru,China,7.19
317,Peru,Germany,5.15
318,Peru,Brazil,4.57
319,Peru,Venezuela,7.44
320,Peru,United Kingdom,7.27
321,Peru,Colombia,8.52
322,Peru,United States,19.87
323,Colombia,Germany,5.67
324,Colombia,Japan,7.0
325,Colombia,Mexico,3.77
326,Colombia,Peru,5.75
327,Colombia,Venezuela,9.59
328,Colombia,United States,40.22
329,Colombia,Ecuador,3.99
330,Central African Republic,Japan,8.71
331,Central African Republic,Belgium-Luxembourg,60.1
332,Central African Republic,Cameroon,1.03
333,Central African Republic,France,39.51
334,Central African Republic,United Kingdom,3.47
335,Central African Republic,"Congo, Rep.",1.87
336,Central African Republic,"Congo, Dem. Rep.",1.65
337,Cameroon,Germany,7.28
338,Cameroon,Japan,4.98
339,Cameroon,France,26.98
340,Cameroon,Italy,20.37
341,Cameroon,Spain,21.16
342,Cameroon,Netherlands,10.25
343,Cameroon,United States,2.33
344,Cameroon,Nigeria,9.68
345,"Hong Kong, China",Japan,13.41
346,"Hong Kong, China",China,34.27
347,"Hong Kong, China",Germany,4.19
348,"Hong Kong, China","Korea, Rep.",5.39
349,"Hong Kong, China",United Kingdom,3.33
350,"Hong Kong, China","Other Asia, nes",7.91
351,"Hong Kong, China",United States,21.21
352,Venezuela,Germany,4.51
353,Venezuela,Netherlands Antilles,5.54
354,Venezuela,Mexico,4.01
355,Venezuela,Brazil,3.24
356,Venezuela,Colombia,5.42
357,Venezuela,Netherlands,2.14
358,Venezuela,United States,60.51
359,Ecuador,Chile,4.51
360,Ecuador,Japan,5.62
361,Ecuador,Panama,4.33
362,Ecuador,Mexico,5.29
363,Ecuador,"Korea, Rep.",6.43
364,Ecuador,Colombia,6.14
365,Ecuador,Venezuela,4.62
366,Ecuador,United States,37.86
367,Comoros,Kenya,6.9
368,Comoros,South Africa,7.07
369,Comoros,United Arab Emirates,2.95
370,Comoros,Germany,15.74
371,Comoros,France,44.8
372,Comoros,Netherlands,2.66
373,Comoros,United States,12.19
374,Comoros,Pakistan,8.12
375,South Africa,Germany,5.57
376,South Africa,United Kingdom,13.24
377,South Africa,Japan,7.81
378,South Africa,Zimbabwe,5.32
379,South Africa,"Iran, Islamic Rep.",4.57
380,South Africa,United States,9.62
381,Costa Rica,Japan,4.09
382,Costa Rica,Belgium-Luxembourg,4.57
383,Costa Rica,Guatemala,4.44
384,Costa Rica,Germany,7.43
385,Costa Rica,Mexico,7.05
386,Costa Rica,Venezuela,7.08
387,Costa Rica,Italy,5.41
388,Costa Rica,United States,36.93
389,Cyprus,Germany,7.05
390,Cyprus,United Kingdom,10.39
391,Cyprus,Greece,5.79
392,Cyprus,Bulgaria,15.06
393,Cyprus,Russian Federation,17.52
394,Cyprus,Italy,9.15
395,Cyprus,United States,16.84
396,Czech Republic,Germany,36.02
397,Czech Republic,Slovak Republic,14.25
398,Czech Republic,Poland,5.5
399,Czech Republic,Russian Federation,7.43
400,Czech Republic,Italy,3.3
401,Czech Republic,Austria,5.75
402,Slovak Republic,Germany,22.29
403,Slovak Republic,Czech Republic,26.36
404,Slovak Republic,Russian Federation,12.17
405,Slovak Republic,Italy,5.17
406,Slovak Republic,Austria,5.08
407,Slovak Republic,Hungary,4.92
408,Poland,Germany,34.51
409,Poland,United Kingdom,5.9
410,Poland,France,5.47
411,Poland,Russian Federation,6.78
412,Poland,Italy,5.56
413,Poland,Netherlands,4.79
414,Dominica,United Kingdom,35.58
415,Dominica,Japan,5.54
416,Dominica,Trinidad and Tobago,12.49
417,Dominica,Jamaica,20.84
418,Dominica,Barbados,3.65
419,Dominica,France,7.85
420,Dominica,United States,7.27
421,Dominica,Antigua and Barbuda,5.02
422,Trinidad and Tobago,Germany,5.01
423,Trinidad and Tobago,Guyana,3.51
424,Trinidad and Tobago,United Kingdom,5.98
425,Trinidad and Tobago,Jamaica,8.59
426,Trinidad and Tobago,Barbados,3.48
427,Trinidad and Tobago,Venezuela,12.17
428,Trinidad and Tobago,France,5.3
429,Trinidad and Tobago,Colombia,6.98
430,Trinidad and Tobago,United States,48.8
431,Jamaica,United Kingdom,13.24
432,Jamaica,Norway,6.54
433,Jamaica,Japan,5.61
434,Jamaica,Canada,3.01
435,Jamaica,Trinidad and Tobago,8.33
436,Jamaica,Netherlands,8.91
437,Jamaica,United States,37.09
438,Denmark,Germany,19.84
439,Denmark,United Kingdom,8.2
440,Denmark,Sweden,9.68
441,Denmark,Norway,6.13
442,Denmark,France,5.2
443,Denmark,Netherlands,6.56
444,Sweden,Denmark,6.39
445,Sweden,Germany,11.88
446,Sweden,United Kingdom,9.69
447,Sweden,Norway,8.57
448,Sweden,Netherlands,7.78
449,Sweden,United States,8.41
450,Norway,Germany,11.15
451,Norway,United Kingdom,19.84
452,Norway,Sweden,9.28
453,Norway,Denmark,7.74
454,Norway,France,8.83
455,Norway,Netherlands,11.1
456,Norway,United States,6.47
457,Algeria,Germany,6.56
458,Algeria,France,24.46
459,Algeria,Italy,19.9
460,Algeria,Spain,12.26
461,Algeria,Netherlands,8.7
462,Algeria,United States,15.33
463,Panama,Ecuador,3.86
464,Panama,Sweden,10.15
465,Panama,Japan,6.04
466,Panama,Belgium-Luxembourg,4.16
467,Panama,Germany,4.42
468,Panama,Costa Rica,6.62
469,Panama,Venezuela,7.15
470,Panama,Free Zones,13.83
471,Panama,United States,50.3
472,"Egypt, Arab Rep.",Germany,8.37
473,"Egypt, Arab Rep.",France,4.43
474,"Egypt, Arab Rep.",United Kingdom,4.69
475,"Egypt, Arab Rep.",Italy,12.4
476,"Egypt, Arab Rep.",Free Zones,3.94
477,"Egypt, Arab Rep.",Netherlands,10.32
478,"Egypt, Arab Rep.",Israel,9.95
479,"Egypt, Arab Rep.",United States,13.01
480,Israel,Germany,9.35
481,Israel,United Kingdom,6.65
482,Israel,"Hong Kong, China",5.2
483,Israel,Belgium-Luxembourg,12.15
484,Israel,Japan,5.93
485,Israel,Italy,7.54
486,Israel,United States,30.62
487,Estonia,Germany,7.1
488,Estonia,United Kingdom,3.29
489,Estonia,Sweden,11.55
490,Estonia,Finland,18.33
491,Estonia,Latvia,8.24
492,Estonia,Russian Federation,16.49
493,Finland,Germany,11.82
494,Finland,United Kingdom,9.99
495,Finland,Sweden,10.51
496,Finland,Russian Federation,6.01
497,Finland,United States,7.86
498,Latvia,Germany,13.78
499,Latvia,Sweden,6.56
500,Latvia,Lithuania,7.44
501,Latvia,Finland,9.21
502,Latvia,United Kingdom,11.1
503,Latvia,Russian Federation,22.84
504,Faeroe Islands,Denmark,30.82
505,Faeroe Islands,Germany,8.62
506,Faeroe Islands,United Kingdom,23.82
507,Faeroe Islands,Norway,7.13
508,Faeroe Islands,France,6.88
509,Faeroe Islands,Sweden,5.35
510,Gabon,Germany,4.57
511,Gabon,United Kingdom,4.77
512,Gabon,Japan,5.98
513,Gabon,Netherlands Antilles,3.86
514,Gabon,China,4.33
515,Gabon,France,42.83
516,Gabon,United States,64.07
517,Ireland,Germany,12.83
518,Ireland,United Kingdom,25.08
519,Ireland,Japan,5.4
520,Ireland,Singapore,4.42
521,Ireland,France,8.57
522,Ireland,Netherlands,7.1
523,Ireland,United States,9.44
524,Romania,Germany,18.38
525,Romania,France,4.86
526,Romania,Russian Federation,12.52
527,Romania,Italy,17.23
528,Romania,Netherlands,4.24
529,Romania,Turkey,4.82
530,Romania,United States,3.66
531,Guinea,Japan,4.82
532,Guinea,Cote d'Ivoire,17.56
533,Guinea,France,18.84
534,Guinea,Belgium-Luxembourg,8.82
535,Guinea,Spain,9.52
536,Guinea,Ireland,9.03
537,Guinea,United States,28.92
538,Guinea,Canada,6.71
539,"Gambia, The",Germany,7.12
540,"Gambia, The",United Kingdom,12.11
541,"Gambia, The",Cote d'Ivoire,8.15
542,"Gambia, The",Belgium-Luxembourg,3.89
543,"Gambia, The",France,8.86
544,"Gambia, The",Italy,11.42
545,"Gambia, The",Netherlands,11.0
546,"Gambia, The",Guinea-Bissau,12.35
547,Grenada,United Kingdom,8.08
548,Grenada,Japan,3.72
549,Grenada,Canada,3.09
550,Grenada,Germany,8.8
551,Grenada,Trinidad and Tobago,21.19
552,Grenada,St. Lucia,9.27
553,Grenada,Netherlands,17.48
554,Grenada,United States,21.39
555,St. Lucia,United Kingdom,67.66
556,St. Lucia,Japan,4.84
557,St. Lucia,Dominica,3.82
558,St. Lucia,Trinidad and Tobago,2.9
559,St. Lucia,Barbados,3.59
560,St. Lucia,United States,14.89
561,Greenland,Denmark,86.22
562,Greenland,Japan,2.45
563,Greenland,Canada,2.88
564,Greenland,Iceland,1.56
565,Greenland,Norway,11.56
566,Greenland,United Kingdom,4.05
567,Greenland,United States,3.59
568,Iceland,Denmark,7.2
569,Iceland,Germany,12.85
570,Iceland,United Kingdom,18.96
571,Iceland,Norway,13.52
572,Iceland,Japan,9.79
573,Iceland,United States,12.34
574,El Salvador,Japan,4.27
575,El Salvador,Guatemala,20.56
576,El Salvador,Germany,15.52
577,El Salvador,Mexico,6.45
578,El Salvador,Costa Rica,9.11
579,El Salvador,Panama,6.58
580,El Salvador,Honduras,9.51
581,El Salvador,United States,19.28
582,Honduras,Japan,4.12
583,Honduras,Belgium-Luxembourg,3.26
584,Honduras,Germany,8.58
585,Honduras,Mexico,4.73
586,Honduras,El Salvador,4.61
587,Honduras,Spain,4.68
588,Honduras,Guatemala,7.04
589,Honduras,United States,53.65
590,Croatia,Germany,18.61
591,Croatia,Bosnia and Herzegovina,12.16
592,Croatia,Slovenia,9.88
593,Croatia,Liberia,5.89
594,Croatia,Italy,21.05
595,Croatia,Austria,7.67
596,Croatia,Libya,3.11
597,Slovenia,Germany,30.63
598,Slovenia,Croatia,6.27
599,Slovenia,France,9.81
600,Slovenia,Italy,13.28
601,Slovenia,Austria,8.86
602,Indonesia,Germany,6.99
603,Indonesia,Japan,19.81
604,Indonesia,China,4.13
605,Indonesia,"Korea, Rep.",6.59
606,Indonesia,Singapore,6.7
607,Indonesia,Australia,5.91
608,Indonesia,United States,13.64
609,Kazakhstan,Germany,4.66
610,Kazakhstan,China,7.78
611,Kazakhstan,Switzerland,3.62
612,Kazakhstan,Turkmenistan,4.16
613,Kazakhstan,United Kingdom,3.91
614,Kazakhstan,Russian Federation,42.06
615,Kazakhstan,Turkey,3.57
616,Kazakhstan,Netherlands,5.14
617,Kazakhstan,Belarus,2.84
618,Kyrgyz Republic,Kazakhstan,22.28
619,Kyrgyz Republic,Canada,5.07
620,Kyrgyz Republic,China,7.18
621,Kyrgyz Republic,Uzbekistan,23.04
622,Kyrgyz Republic,Russian Federation,26.56
623,Kyrgyz Republic,Turkey,5.68
624,Kyrgyz Republic,United States,3.48
625,Kiribati,Denmark,6.16
626,Kiribati,Japan,8.43
627,Kiribati,"Hong Kong, China",8.18
628,Kiribati,Fiji,18.3
629,Kiribati,China,5.83
630,Kiribati,Australia,45.71
631,Kiribati,New Zealand,8.11
632,Kiribati,United States,13.02
633,Kiribati,Bangladesh,55.17
634,St. Kitts and Nevis,Guyana,0.87
635,St. Kitts and Nevis,United Kingdom,36.46
636,St. Kitts and Nevis,Japan,5.49
637,St. Kitts and Nevis,Trinidad and Tobago,0.68
638,St. Kitts and Nevis,Barbados,2.55
639,St. Kitts and Nevis,Anguila,39.52
640,St. Kitts and Nevis,United States,18.06
641,Lithuania,Germany,12.83
642,Lithuania,United Kingdom,3.91
643,Lithuania,Poland,5.07
644,Lithuania,Denmark,3.79
645,Lithuania,Belarus,10.19
646,Lithuania,Latvia,9.21
647,Lithuania,Russian Federation,24.04
648,Lithuania,Ukraine,7.66
649,Macao,Japan,8.98
650,Macao,"Hong Kong, China",29.06
651,Macao,China,12.57
652,Macao,Germany,10.16
653,Macao,United Kingdom,7.23
654,Macao,"Other Asia, nes",8.81
655,Macao,United States,38.2
656,Morocco,Germany,6.08
657,Morocco,India,6.31
658,Morocco,France,20.85
659,Morocco,Japan,6.95
660,Morocco,Italy,6.3
661,Morocco,Spain,8.76
662,Morocco,United States,7.41
663,Moldova,Germany,3.74
664,Moldova,Romania,6.14
665,Moldova,Belarus,5.38
666,Moldova,Russian Federation,53.95
667,Moldova,Ukraine,24.43
668,Madagascar,Germany,6.37
669,Madagascar,Japan,4.84
670,Madagascar,South Africa,12.45
671,Madagascar,Belgium-Luxembourg,4.37
672,Madagascar,France,26.24
673,Madagascar,Italy,4.43
674,Madagascar,"Iran, Islamic Rep.",14.0
675,Maldives,United Arab Emirates,6.34
676,Maldives,Germany,10.77
677,Maldives,Sri Lanka,18.25
678,Maldives,India,11.96
679,Maldives,Singapore,31.99
680,Maldives,Malaysia,8.53
681,Maldives,Japan,10.57
682,Maldives,United Kingdom,21.73
683,Maldives,United States,10.24
684,Malaysia,Japan,24.68
685,Malaysia,"Other Asia, nes",4.1
686,Malaysia,"Hong Kong, China",5.88
687,Malaysia,"Korea, Rep.",5.23
688,Malaysia,Singapore,13.44
689,Malaysia,United States,18.2
690,"Serbia, FR(Serbia/Montenegro)",Germany,7.95
691,"Serbia, FR(Serbia/Montenegro)",Bulgaria,5.34
692,"Serbia, FR(Serbia/Montenegro)",Bosnia and Herzegovina,20.66
693,"Serbia, FR(Serbia/Montenegro)",North Macedonia,11.5
694,"Serbia, FR(Serbia/Montenegro)",Russian Federation,8.49
695,"Serbia, FR(Serbia/Montenegro)",Italy,9.81
696,Senegal,India,27.03
697,Senegal,France,22.69
698,Senegal,Bunkers,20.23
699,Senegal,Free Zones,5.22
700,Senegal,Benin,3.22
701,Senegal,Mali,9.35
702,Senegal,Special Categories,9.86
703,Senegal,Nigeria,7.78
704,Malta,Germany,14.35
705,Malta,United Kingdom,14.23
706,Malta,France,15.82
707,Malta,Italy,12.78
708,Malta,United States,13.39
709,Malta,Singapore,11.99
710,Mongolia,Germany,7.39
711,Mongolia,Japan,11.71
712,Mongolia,"Hong Kong, China",1.43
713,Mongolia,China,17.91
714,Mongolia,"Korea, Rep.",2.16
715,Mongolia,United Kingdom,12.69
716,Mongolia,Russian Federation,63.06
717,Mozambique,South Africa,34.54
718,Mozambique,India,11.84
719,Mozambique,France,4.44
720,Mozambique,Portugal,6.3
721,Mozambique,Spain,21.06
722,Mozambique,United States,11.41
723,Mauritius,Germany,5.51
724,Mauritius,United Kingdom,35.32
725,Mauritius,South Africa,12.18
726,Mauritius,France,11.21
727,Mauritius,India,8.85
728,Mauritius,Italy,4.15
729,Mauritius,United States,13.39
730,Niger,United Kingdom,14.57
731,Niger,Nigeria,11.78
732,Niger,Cote d'Ivoire,10.06
733,Niger,France,20.3
734,Niger,Algeria,2.98
735,Niger,Ghana,2.37
736,Niger,Benin,36.55
737,Nicaragua,Japan,7.69
738,Nicaragua,Germany,9.25
739,Nicaragua,United Kingdom,3.7
740,Nicaragua,Spain,11.1
741,Nicaragua,Guatemala,8.39
742,Nicaragua,Panama,6.15
743,Nicaragua,El Salvador,8.8
744,Nicaragua,United States,44.88
745,Nicaragua,Costa Rica,8.41
746,Oman,Germany,5.16
747,Oman,United Kingdom,8.82
748,Oman,Japan,17.18
749,Oman,United Arab Emirates,8.4
750,Oman,"Hong Kong, China",1.57
751,Oman,United States,1.03
752,Oman,"Iran, Islamic Rep.",1.88
753,Philippines,Japan,21.84
754,Philippines,"Korea, Rep.",5.15
755,Philippines,Singapore,5.26
756,Philippines,United Kingdom,4.56
757,Philippines,Saudi Arabia,5.05
758,Philippines,Netherlands,5.43
759,Philippines,United States,34.26
760,Paraguay,Japan,6.58
761,Paraguay,Brazil,49.93
762,Paraguay,Uruguay,4.17
763,Paraguay,Argentina,9.15
764,Paraguay,"Other Asia, nes",6.99
765,Paraguay,Netherlands,16.55
766,Paraguay,United States,3.6
767,Uruguay,Chile,4.82
768,Uruguay,China,4.85
769,Uruguay,France,3.55
770,Uruguay,Brazil,37.89
771,Uruguay,Argentina,11.18
772,Uruguay,Italy,5.16
773,Uruguay,United States,6.01
774,French Polynesia,Japan,3.58
775,French Polynesia,"Hong Kong, China",5.24
776,French Polynesia,France,42.82
777,French Polynesia,Australia,7.13
778,French Polynesia,New Zealand,6.73
779,French Polynesia,United States,9.49
780,French Polynesia,Singapore,4.95
781,Uganda,United Kingdom,24.54
782,Uganda,Kenya,7.29
783,Uganda,Japan,7.9
784,Uganda,Rwanda,7.19
785,Uganda,United Arab Emirates,5.2
786,Uganda,Switzerland,28.74
787,Uganda,India,5.45
788,Uganda,"Congo, Dem. Rep.",5.64
789,Tanzania,United Kingdom,11.01
790,Tanzania,Kenya,7.39
791,Tanzania,Japan,7.55
792,Tanzania,United Arab Emirates,7.22
793,Tanzania,India,5.89
794,Fm Sudan,United Kingdom,15.02
795,Fm Sudan,Japan,5.56
796,Fm Sudan,China,8.12
797,Fm Sudan,France,5.36
798,Fm Sudan,Saudi Arabia,20.07
799,Fm Sudan,"Egypt, Arab Rep.",5.28
800,Fm Sudan,Italy,5.77
801,Fm Sudan,United States,8.54
802,Thailand,Germany,5.05
803,Thailand,Japan,28.27
804,Thailand,"Hong Kong, China",5.82
805,Thailand,Singapore,5.53
806,Thailand,Malaysia,3.62
807,Thailand,United States,18.01
808,Solomon Islands,Japan,10.04
809,Solomon Islands,Singapore,6.02
810,Solomon Islands,China,2.82
811,Solomon Islands,Australia,51.75
812,Solomon Islands,New Zealand,13.11
813,Suriname,Norway,23.56
814,Suriname,Japan,2.88
815,Suriname,Netherlands Antilles,7.21
816,Suriname,Trinidad and Tobago,13.6
817,Suriname,Netherlands,18.07
818,Suriname,Venezuela,3.45
819,Suriname,United States,19.7
820,Seychelles,United Kingdom,9.21
821,Seychelles,South Africa,11.33
822,Seychelles,France,7.74
823,Seychelles,Singapore,10.13
824,Seychelles,Yemen,21.12
825,Seychelles,United States,37.34
826,Tunisia,Germany,15.63
827,Tunisia,Belgium-Luxembourg,4.52
828,Tunisia,France,24.4
829,Tunisia,Italy,20.72
830,Tunisia,Spain,3.61
831,Tunisia,United States,4.16
832, World,Germany,8.57
833, World,Japan,8.01
834, World,France,5.22
835, World,China,4.8
836, World,United Kingdom,5.39
837, World,United States,14.93
838,Zambia,United Kingdom,10.01
839,Zambia,South Africa,37.72
840,Zambia,Thailand,12.08
841,Zambia,Belgium-Luxembourg,8.13
842,Zambia,Saudi Arabia,10.82
843,Zambia,Japan,13.01
844,Zambia,Zimbabwe,8.81
845,Zambia,Malaysia,8.67
846,Zambia,United States,4.87
