,source,target,1997
0,Albania,Germany,6.85
1,Albania,Bulgaria,2.65
2,Albania,Croatia,4.2
3,Albania,Greece,20.46
4,Albania,Italy,49.41
5,Albania,Turkey,4.36
6,Albania,Netherlands,5.55
7,Germany,United Kingdom,8.25
8,Germany,France,10.44
9,Germany,Netherlands,6.73
10,Germany,Italy,7.18
11,Germany,United States,8.37
12,Bulgaria,Germany,9.49
13,Bulgaria,Greece,8.24
14,Bulgaria,Russian Federation,7.95
15,Bulgaria,Italy,11.7
16,Bulgaria,Turkey,9.01
17,Bulgaria,United States,3.75
18,Croatia,Germany,17.84
19,Croatia,Bosnia and Herzegovina,14.94
20,Croatia,Slovenia,8.28
21,Croatia,Russian Federation,5.01
22,Croatia,Italy,20.85
23,Croatia,Austria,7.77
24,Greece,Germany,18.62
25,Greece,United Kingdom,6.44
26,Greece,France,8.87
27,Greece,Netherlands,6.2
28,Greece,Italy,12.76
29,Greece,United States,4.38
30,Italy,Germany,16.35
31,Italy,United Kingdom,7.11
32,Italy,France,13.19
33,Italy,Netherlands,6.15
34,Italy,Spain,5.18
35,Italy,United States,7.94
36,Turkey,Germany,20.02
37,Turkey,United Kingdom,5.76
38,Turkey,France,6.11
39,Turkey,Russian Federation,7.84
40,Turkey,Italy,5.29
41,Turkey,United States,7.72
42,Netherlands,Germany,24.99
43,Netherlands,United Kingdom,9.66
44,Netherlands,Belgium-Luxembourg,9.41
45,Netherlands,France,6.93
46,Netherlands,Italy,6.04
47,Netherlands,United States,9.93
48,Andorra,Germany,0.97
49,Andorra,United Kingdom,5.75
50,Andorra,Belgium-Luxembourg,3.39
51,Andorra,France,29.44
52,Andorra,Spain,40.08
53,Andorra,Netherlands,2.57
54,Andorra,United States,4.7
55,United Kingdom,Germany,11.68
56,United Kingdom,France,9.28
57,United Kingdom,Netherlands,7.89
58,United Kingdom,Italy,5.12
59,United Kingdom,Ireland,5.6
60,United Kingdom,United States,12.55
61,Belgium-Luxembourg,Germany,18.59
62,Belgium-Luxembourg,United Kingdom,9.74
63,Belgium-Luxembourg,France,13.97
64,Belgium-Luxembourg,Netherlands,12.37
65,Belgium-Luxembourg,Italy,5.11
66,Belgium-Luxembourg,United States,7.65
67,France,Germany,15.87
68,France,United Kingdom,10.11
69,France,Belgium-Luxembourg,8.03
70,France,Italy,9.29
71,France,Spain,8.03
72,France,United States,8.76
73,Spain,Germany,13.38
74,Spain,United Kingdom,8.75
75,Spain,France,17.56
76,Spain,Italy,9.74
77,Spain,Portugal,9.07
78,Spain,United States,6.26
79,United States,Germany,4.92
80,United States,Japan,13.84
81,United States,Canada,19.08
82,United States,Mexico,10.38
83,United States,"Korea, Rep.",3.65
84,United States,China,7.33
85,United States,United Kingdom,5.3
86,Argentina,Germany,5.45
87,Argentina,Chile,7.31
88,Argentina,China,3.3
89,Argentina,France,4.52
90,Argentina,Brazil,30.77
91,Argentina,Italy,5.72
92,Argentina,Netherlands,3.33
93,Argentina,United States,8.34
94,Chile,Japan,5.82
95,Chile,Mexico,5.94
96,Chile,Brazil,5.84
97,Chile,"Korea, Rep.",5.94
98,Chile,United Kingdom,6.24
99,Chile,Argentina,10.14
100,Chile,United States,14.62
101,China,Japan,20.37
102,China,"Hong Kong, China",4.91
103,China,Germany,3.55
104,China,"Korea, Rep.",10.49
105,China,"Other Asia, nes",11.55
106,China,United States,17.91
107,Brazil,Germany,4.92
108,Brazil,Japan,5.85
109,Brazil,Argentina,12.77
110,Brazil,Italy,5.57
111,Brazil,Netherlands,7.55
112,Brazil,United States,17.76
113,Armenia,United Arab Emirates,5.04
114,Armenia,Belgium-Luxembourg,6.34
115,Armenia,Germany,4.3
116,Armenia,Turkmenistan,6.36
117,Armenia,Russian Federation,23.01
118,Armenia,"Iran, Islamic Rep.",19.69
119,Armenia,United States,15.2
120,Turkmenistan,Kazakhstan,4.1
121,Turkmenistan,Russian Federation,7.51
122,Turkmenistan,Turkey,6.78
123,Turkmenistan,"Iran, Islamic Rep.",16.44
124,Turkmenistan,United States,7.43
125,Turkmenistan,Ukraine,23.99
126,Russian Federation,Germany,7.48
127,Russian Federation,Belarus,6.84
128,Russian Federation,Netherlands,5.21
129,Russian Federation,United States,5.13
130,Russian Federation,Special Categories,21.88
131,Russian Federation,Ukraine,5.89
132,"Iran, Islamic Rep.",Germany,13.07
133,"Iran, Islamic Rep.",Japan,6.22
134,"Iran, Islamic Rep.",Russian Federation,4.97
135,"Iran, Islamic Rep.",France,4.41
136,"Iran, Islamic Rep.",Italy,9.97
137,"Iran, Islamic Rep.",Monaco,18.38
138,"Iran, Islamic Rep.",Argentina,5.87
139,Australia,Germany,5.44
140,Australia,United Kingdom,6.3
141,Australia,Japan,13.53
142,Australia,New Zealand,6.97
143,Australia,"Korea, Rep.",7.03
144,Australia,China,5.62
145,Australia,United States,5.83
146,Japan,"Other Asia, nes",6.55
147,Japan,"Hong Kong, China",6.47
148,Japan,China,5.16
149,Japan,"Korea, Rep.",4.3
150,Japan,Australia,4.31
151,Japan,United States,28.12
152,Japan,Indonesia,4.32
153,New Zealand,United Kingdom,6.16
154,New Zealand,Japan,11.74
155,New Zealand,"Korea, Rep.",4.51
156,New Zealand,China,4.66
157,New Zealand,Australia,25.11
158,New Zealand,United States,10.37
159,"Korea, Rep.",Japan,19.3
160,"Korea, Rep.","Hong Kong, China",8.61
161,"Korea, Rep.",China,9.97
162,"Korea, Rep.",Saudi Arabia,4.95
163,"Korea, Rep.",Australia,4.08
164,"Korea, Rep.",United States,16.05
165,"Korea, Rep.",Singapore,4.26
166,Austria,Germany,35.6
167,Austria,Switzerland,5.37
168,Austria,France,4.76
169,Austria,United Kingdom,4.14
170,Austria,Italy,8.34
171,Austria,United States,5.4
172,Austria,Hungary,4.99
173,Switzerland,Germany,22.37
174,Switzerland,United Kingdom,5.8
175,Switzerland,France,10.98
176,Switzerland,Italy,7.46
177,Switzerland,United States,10.5
178,Hungary,Germany,36.82
179,Hungary,France,4.35
180,Hungary,Russian Federation,4.96
181,Hungary,Italy,5.74
182,Hungary,Austria,10.43
183,Azerbaijan,United Arab Emirates,5.26
184,Azerbaijan,"Hong Kong, China",5.6
185,Azerbaijan,Russian Federation,23.11
186,Azerbaijan,Turkey,5.28
187,Azerbaijan,Georgia,17.08
188,Azerbaijan,"Iran, Islamic Rep.",24.28
189,Azerbaijan,Ukraine,10.78
190,"Hong Kong, China",Japan,13.45
191,"Hong Kong, China",China,34.86
192,"Hong Kong, China",Germany,3.9
193,"Hong Kong, China","Korea, Rep.",5.13
194,"Hong Kong, China",United Kingdom,3.42
195,"Hong Kong, China","Other Asia, nes",7.54
196,"Hong Kong, China",United States,21.75
197,Georgia,Switzerland,5.81
198,Georgia,Armenia,7.9
199,Georgia,Azerbaijan,10.47
200,Georgia,Russian Federation,28.65
201,Georgia,Turkey,16.44
202,Georgia,United States,7.47
203,Georgia,Ukraine,5.91
204,Ukraine,Germany,3.81
205,Ukraine,Poland,3.21
206,Ukraine,China,7.74
207,Ukraine,Turkmenistan,5.68
208,Ukraine,Belarus,5.81
209,Ukraine,Russian Federation,26.08
210,Ukraine,Turkey,4.72
211,Ukraine,United States,3.78
212,Burundi,Germany,19.36
213,Burundi,Japan,6.2
214,Burundi,Belgium-Luxembourg,18.17
215,Burundi,Switzerland,13.0
216,Burundi,France,9.51
217,Burundi,United Kingdom,31.4
218,Burundi,Saudi Arabia,9.24
219,Burundi,Djibouti,7.44
220,Burkina Faso,Germany,4.22
221,Burkina Faso,Japan,8.8
222,Burkina Faso,Cote d'Ivoire,18.2
223,Burkina Faso,Belgium-Luxembourg,9.12
224,Burkina Faso,Switzerland,18.71
225,Burkina Faso,France,26.24
226,Burkina Faso,United States,4.02
227,Cote d'Ivoire,Germany,4.66
228,Cote d'Ivoire,Japan,4.36
229,Cote d'Ivoire,France,26.82
230,Cote d'Ivoire,Italy,5.24
231,Cote d'Ivoire,Netherlands,13.21
232,Cote d'Ivoire,Mali,4.86
233,Cote d'Ivoire,United States,7.47
234,Cote d'Ivoire,Nigeria,15.56
235,Bangladesh,Japan,7.26
236,Bangladesh,Germany,8.56
237,Bangladesh,India,19.7
238,Bangladesh,Singapore,6.84
239,Bangladesh,China,7.69
240,Bangladesh,United Kingdom,8.34
241,Bangladesh,France,8.58
242,Bangladesh,Netherlands,5.13
243,Bangladesh,United States,34.63
244,India,Germany,5.52
245,India,"Hong Kong, China",5.54
246,India,Switzerland,6.37
247,India,Japan,5.44
248,India,United Kingdom,6.02
249,India,Belgium-Luxembourg,6.44
250,India,United States,19.36
251,Singapore,Japan,17.58
252,Singapore,Thailand,4.6
253,Singapore,"Hong Kong, China",9.62
254,Singapore,Malaysia,17.46
255,Singapore,"Other Asia, nes",4.3
256,Singapore,United States,18.42
257,"Bahamas, The",United Kingdom,2.1
258,"Bahamas, The",Netherlands Antilles,2.55
259,"Bahamas, The",Canada,0.67
260,"Bahamas, The",France,0.73
261,"Bahamas, The",Mexico,1.94
262,"Bahamas, The",United States,77.31
263,Canada,United Kingdom,1.29
264,Canada,Japan,4.6
265,Canada,Germany,0.91
266,Canada,Mexico,2.57
267,Canada,"Korea, Rep.",1.01
268,Canada,China,2.32
269,Canada,United States,81.88
270,Mexico,Germany,3.57
271,Mexico,Chile,0.88
272,Mexico,Japan,3.99
273,Mexico,Canada,1.8
274,Mexico,"Korea, Rep.",1.47
275,Mexico,Spain,0.86
276,Mexico,United States,84.53
277,Belize,United Kingdom,30.07
278,Belize,Netherlands Antilles,9.22
279,Belize,Canada,2.72
280,Belize,Mexico,3.33
281,Belize,Netherlands,7.02
282,Belize,United States,46.7
283,Bermuda,United Kingdom,4.95
284,Bermuda,Japan,3.39
285,Bermuda,Canada,5.33
286,Bermuda,France,1.27
287,Bermuda,United States,75.56
288,Bolivia,Japan,12.37
289,Bolivia,Chile,6.42
290,Bolivia,Switzerland,9.08
291,Bolivia,Brazil,11.92
292,Bolivia,Peru,12.45
293,Bolivia,Argentina,14.39
294,Bolivia,United Kingdom,12.16
295,Bolivia,United States,20.76
296,Peru,Japan,5.6
297,Peru,China,7.26
298,Peru,Switzerland,6.1
299,Peru,Germany,5.72
300,Peru,Brazil,4.38
301,Peru,Venezuela,6.62
302,Peru,Colombia,7.17
303,Peru,United States,23.63
304,Barbados,United Kingdom,17.12
305,Barbados,Japan,6.83
306,Barbados,Canada,3.9
307,Barbados,Trinidad and Tobago,6.72
308,Barbados,Jamaica,7.19
309,Barbados,Bunkers,15.58
310,Barbados,United States,14.65
311,Trinidad and Tobago,Germany,4.5
312,Trinidad and Tobago,Guyana,4.29
313,Trinidad and Tobago,United Kingdom,4.9
314,Trinidad and Tobago,Japan,3.58
315,Trinidad and Tobago,Jamaica,8.26
316,Trinidad and Tobago,Barbados,3.69
317,Trinidad and Tobago,Venezuela,8.58
318,Trinidad and Tobago,France,6.77
319,Trinidad and Tobago,United States,43.9
320,Jamaica,United Kingdom,13.45
321,Jamaica,Norway,5.79
322,Jamaica,Japan,6.91
323,Jamaica,France,5.03
324,Jamaica,Trinidad and Tobago,7.88
325,Jamaica,Netherlands,10.24
326,Jamaica,United States,33.45
327,Jamaica,Canada,14.08
328,Brunei,United Kingdom,6.07
329,Brunei,Japan,11.18
330,Brunei,Thailand,11.18
331,Brunei,"Korea, Rep.",18.15
332,Brunei,Singapore,25.6
333,Brunei,Malaysia,2.79
334,Brunei,United States,10.0
335,Thailand,Germany,4.73
336,Thailand,Japan,25.57
337,Thailand,"Hong Kong, China",5.95
338,Thailand,Singapore,5.04
339,Thailand,Malaysia,4.3
340,Thailand,United States,19.64
341,Malaysia,Japan,22.12
342,Malaysia,"Other Asia, nes",4.29
343,Malaysia,"Hong Kong, China",5.51
344,Malaysia,"Korea, Rep.",5.18
345,Malaysia,Singapore,13.22
346,Malaysia,United States,18.62
347,Central African Republic,Japan,6.05
348,Central African Republic,Belgium-Luxembourg,65.25
349,Central African Republic,Cameroon,3.32
350,Central African Republic,France,46.9
351,Central African Republic,"Congo, Dem. Rep.",1.75
352,Central African Republic,Chad,4.79
353,Cameroon,Germany,6.59
354,Cameroon,Japan,5.69
355,Cameroon,"Other Asia, nes",3.08
356,Cameroon,France,25.82
357,Cameroon,Italy,24.8
358,Cameroon,Spain,15.29
359,Cameroon,Netherlands,9.25
360,Cameroon,United States,9.01
361,Cameroon,Nigeria,7.73
362,"Other Asia, nes",Germany,4.69
363,"Other Asia, nes",Japan,25.36
364,"Other Asia, nes","Hong Kong, China",23.56
365,"Other Asia, nes","Korea, Rep.",4.4
366,"Other Asia, nes",France,4.19
367,"Other Asia, nes",Netherlands,3.53
368,"Other Asia, nes",United States,24.32
369,"Other Asia, nes",Singapore,4.01
370,Mali,Cote d'Ivoire,31.42
371,Mali,Switzerland,2.71
372,Mali,France,21.48
373,Mali,China,3.54
374,Mali,United Kingdom,1.74
375,Mali,Senegal,6.38
376,Mali,United States,3.52
377,Nigeria,Germany,10.03
378,Nigeria,United Kingdom,12.05
379,Nigeria,France,5.74
380,Nigeria,"Korea, Rep.",5.76
381,Nigeria,China,9.19
382,Nigeria,Italy,5.82
383,Nigeria,Spain,8.78
384,Nigeria,Netherlands,8.01
385,Nigeria,United States,41.56
386,Colombia,Germany,6.32
387,Colombia,Japan,6.19
388,Colombia,Mexico,3.86
389,Colombia,Peru,4.7
390,Colombia,Venezuela,10.4
391,Colombia,United States,37.92
392,Colombia,Ecuador,4.69
393,Venezuela,Germany,4.13
394,Venezuela,Japan,4.5
395,Venezuela,Netherlands Antilles,4.78
396,Venezuela,Brazil,4.23
397,Venezuela,Colombia,5.85
398,Venezuela,United States,56.97
399,Ecuador,Germany,4.17
400,Ecuador,Chile,4.56
401,Ecuador,Japan,5.83
402,Ecuador,Peru,4.27
403,Ecuador,Colombia,6.75
404,Ecuador,Venezuela,6.69
405,Ecuador,Italy,5.21
406,Ecuador,United States,38.2
407,Comoros,Kenya,6.92
408,Comoros,South Africa,10.58
409,Comoros,United Arab Emirates,3.38
410,Comoros,Germany,12.7
411,Comoros,France,38.46
412,Comoros,Madagascar,6.19
413,Comoros,United States,18.01
414,Comoros,Pakistan,10.1
415,Kenya,United Kingdom,12.12
416,Kenya,Japan,7.53
417,Kenya,South Africa,11.43
418,Kenya,United Arab Emirates,9.97
419,Kenya,Uganda,14.27
420,Kenya,Tanzania,12.17
421,Kenya,Germany,6.68
422,Kenya,Netherlands,4.96
423,Kenya,United States,7.4
424,South Africa,Germany,6.28
425,South Africa,United Kingdom,6.22
426,South Africa,Japan,6.73
427,South Africa,United States,9.62
428,South Africa,Special Categories,18.25
429,Madagascar,Japan,6.07
430,Madagascar,South Africa,9.64
431,Madagascar,Germany,4.85
432,Madagascar,France,22.97
433,Madagascar,"Iran, Islamic Rep.",8.84
434,Madagascar,United States,4.47
435,Madagascar,Free Zones,5.72
436,Madagascar,Mauritius,3.94
437,Cape Verde,Germany,3.45
438,Cape Verde,France,8.78
439,Cape Verde,Netherlands,2.68
440,Cape Verde,Bunkers,24.91
441,Cape Verde,Portugal,39.74
442,Cape Verde,United States,9.98
443,Cape Verde,Guinea-Bissau,5.56
444,Portugal,Germany,19.83
445,Portugal,United Kingdom,12.16
446,Portugal,France,10.76
447,Portugal,Spain,23.58
448,Portugal,Italy,8.11
449,Portugal,Netherlands,4.97
450,Costa Rica,Japan,5.32
451,Costa Rica,Panama,3.03
452,Costa Rica,Guatemala,3.87
453,Costa Rica,Germany,4.79
454,Costa Rica,Mexico,6.21
455,Costa Rica,Venezuela,6.31
456,Costa Rica,Italy,3.19
457,Costa Rica,United States,48.66
458,Panama,Ecuador,5.58
459,Panama,Sweden,8.27
460,Panama,Japan,7.04
461,Panama,Belgium-Luxembourg,5.31
462,Panama,Mexico,4.91
463,Panama,Costa Rica,6.23
464,Panama,Free Zones,13.53
465,Panama,Honduras,4.13
466,Panama,United States,49.1
467,Guatemala,Japan,3.38
468,Guatemala,Germany,4.84
469,Guatemala,Mexico,11.38
470,Guatemala,El Salvador,5.93
471,Guatemala,Costa Rica,4.77
472,Guatemala,Venezuela,4.69
473,Guatemala,Honduras,7.56
474,Guatemala,United States,35.89
475,Cyprus,Germany,5.97
476,Cyprus,United Kingdom,9.42
477,Cyprus,Greece,7.18
478,Cyprus,Bulgaria,7.88
479,Cyprus,United Arab Emirates,5.63
480,Cyprus,Russian Federation,19.58
481,Cyprus,Italy,8.23
482,Cyprus,United States,18.96
483,Czech Republic,Germany,35.75
484,Czech Republic,Slovak Republic,12.92
485,Czech Republic,Poland,5.74
486,Czech Republic,Russian Federation,6.78
487,Czech Republic,Italy,3.66
488,Czech Republic,Austria,6.06
489,Slovak Republic,Germany,23.7
490,Slovak Republic,Czech Republic,21.35
491,Slovak Republic,Poland,5.24
492,Slovak Republic,Russian Federation,13.87
493,Slovak Republic,Italy,6.0
494,Slovak Republic,Austria,4.99
495,Poland,Germany,33.01
496,Poland,United Kingdom,5.49
497,Poland,France,5.92
498,Poland,Russian Federation,8.38
499,Poland,Italy,5.89
500,Poland,Netherlands,4.68
501,Poland,Ukraine,4.7
502,Dominica,United Kingdom,32.26
503,Dominica,Japan,4.38
504,Dominica,Trinidad and Tobago,13.93
505,Dominica,Jamaica,21.95
506,Dominica,Barbados,3.82
507,Dominica,France,7.12
508,Dominica,United States,6.42
509,Dominica,Antigua and Barbuda,6.1
510,Denmark,Germany,19.82
511,Denmark,United Kingdom,9.02
512,Denmark,Sweden,10.97
513,Denmark,Norway,6.0
514,Denmark,France,5.51
515,Denmark,Netherlands,7.74
516,Sweden,Denmark,6.25
517,Sweden,Germany,11.27
518,Sweden,United Kingdom,9.33
519,Sweden,Norway,8.51
520,Sweden,Netherlands,7.93
521,Sweden,United States,8.43
522,Norway,Germany,10.88
523,Norway,United Kingdom,19.27
524,Norway,Sweden,8.79
525,Norway,Denmark,7.04
526,Norway,France,8.49
527,Norway,Netherlands,11.41
528,Norway,United States,6.66
529,Algeria,Canada,5.63
530,Algeria,France,23.13
531,Algeria,Italy,20.63
532,Algeria,Spain,6.95
533,Algeria,Netherlands,8.42
534,Algeria,United States,15.99
535,"Egypt, Arab Rep.",Germany,6.8
536,"Egypt, Arab Rep.",France,6.12
537,"Egypt, Arab Rep.",Italy,11.21
538,"Egypt, Arab Rep.",Free Zones,4.15
539,"Egypt, Arab Rep.",Netherlands,6.77
540,"Egypt, Arab Rep.",Israel,8.39
541,"Egypt, Arab Rep.",United States,11.44
542,Israel,Germany,9.4
543,Israel,United Kingdom,6.23
544,Israel,"Hong Kong, China",5.26
545,Israel,Belgium-Luxembourg,12.47
546,Israel,Japan,4.58
547,Israel,United States,32.06
548,Estonia,Germany,10.01
549,Estonia,Sweden,13.44
550,Estonia,Finland,15.68
551,Estonia,Lithuania,6.08
552,Estonia,Latvia,8.62
553,Estonia,Russian Federation,18.79
554,Estonia,United States,3.71
555,Finland,Germany,10.78
556,Finland,United Kingdom,9.81
557,Finland,Sweden,9.67
558,Finland,Russian Federation,7.2
559,Finland,United States,6.89
560,Lithuania,Germany,11.36
561,Lithuania,Poland,5.76
562,Lithuania,Denmark,4.29
563,Lithuania,Belarus,10.28
564,Lithuania,Finland,3.43
565,Lithuania,Latvia,8.6
566,Lithuania,Russian Federation,24.48
567,Lithuania,Ukraine,8.84
568,Latvia,Germany,13.77
569,Latvia,Sweden,8.3
570,Latvia,Lithuania,7.51
571,Latvia,Finland,9.69
572,Latvia,United Kingdom,14.34
573,Latvia,Russian Federation,20.95
574,Ethiopia(excludes Eritrea),Germany,16.99
575,Ethiopia(excludes Eritrea),United Kingdom,5.99
576,Ethiopia(excludes Eritrea),Japan,10.45
577,Ethiopia(excludes Eritrea),Saudi Arabia,8.86
578,Ethiopia(excludes Eritrea),Italy,8.32
579,Ethiopia(excludes Eritrea),United States,12.05
580,Faeroe Islands,Denmark,30.2
581,Faeroe Islands,Germany,7.99
582,Faeroe Islands,United Kingdom,26.35
583,Faeroe Islands,Norway,6.59
584,Faeroe Islands,France,6.79
585,Faeroe Islands,Iceland,7.3
586,Iceland,Germany,13.07
587,Iceland,United Kingdom,18.91
588,Iceland,Denmark,8.63
589,Iceland,Norway,11.52
590,Iceland,Japan,6.63
591,Iceland,France,6.34
592,Iceland,United States,14.25
593,Gabon,Germany,4.29
594,Gabon,Japan,6.94
595,Gabon,China,6.09
596,Gabon,France,39.85
597,Gabon,"Korea, Rep.",1.9
598,Gabon,Belgium-Luxembourg,3.94
599,Gabon,Netherlands,5.76
600,Gabon,United States,63.78
601,Ireland,Germany,12.58
602,Ireland,United Kingdom,24.63
603,Ireland,Japan,6.9
604,Ireland,Singapore,5.47
605,Ireland,France,8.04
606,Ireland,Netherlands,7.17
607,Ireland,United States,11.24
608,Ghana,Germany,7.31
609,Ghana,United Kingdom,18.12
610,Ghana,Switzerland,26.66
611,Ghana,France,5.98
612,Ghana,Netherlands,12.82
613,Ghana,United States,11.27
614,Guinea,United Kingdom,11.79
615,Guinea,Cote d'Ivoire,7.6
616,Guinea,France,22.25
617,Guinea,Belgium-Luxembourg,8.19
618,Guinea,Spain,14.83
619,Guinea,Ireland,9.3
620,Guinea,United States,20.73
621,"Gambia, The",Germany,7.7
622,"Gambia, The",United Kingdom,13.41
623,"Gambia, The",Cote d'Ivoire,9.96
624,"Gambia, The",Spain,10.04
625,"Gambia, The",Mauritania,6.55
626,"Gambia, The",Italy,7.72
627,"Gambia, The",Mali,8.24
628,"Gambia, The",Senegal,6.61
629,Senegal,Cote d'Ivoire,4.36
630,Senegal,India,29.36
631,Senegal,France,26.39
632,Senegal,Bunkers,21.52
633,Senegal,Italy,4.57
634,Senegal,Mali,8.4
635,Senegal,Spain,4.26
636,Senegal,United States,3.61
637,Senegal,Nigeria,11.12
638,Grenada,United Kingdom,9.22
639,Grenada,Japan,5.08
640,Grenada,Germany,9.09
641,Grenada,Trinidad and Tobago,20.64
642,Grenada,Barbados,3.15
643,Grenada,St. Lucia,10.74
644,Grenada,Netherlands,16.36
645,Grenada,United States,22.69
646,St. Lucia,United Kingdom,59.02
647,St. Lucia,Japan,4.46
648,St. Lucia,Dominica,2.01
649,St. Lucia,Trinidad and Tobago,4.93
650,St. Lucia,Finland,3.46
651,St. Lucia,Barbados,3.34
652,St. Lucia,United States,20.14
653,Greenland,Denmark,87.67
654,Greenland,Germany,2.35
655,Greenland,Norway,1.57
656,Greenland,Japan,2.91
657,Greenland,United Kingdom,3.49
658,Greenland,United States,2.09
659,El Salvador,Germany,17.54
660,El Salvador,Guatemala,19.5
661,El Salvador,Mexico,7.94
662,El Salvador,Costa Rica,3.93
663,El Salvador,Honduras,10.05
664,El Salvador,United States,19.21
665,Honduras,Japan,3.5
666,Honduras,Germany,6.06
667,Honduras,Mexico,5.17
668,Honduras,El Salvador,5.09
669,Honduras,United Kingdom,2.31
670,Honduras,Nicaragua,4.49
671,Honduras,Guatemala,7.25
672,Honduras,United States,66.13
673,Guyana,United Kingdom,21.06
674,Guyana,Japan,8.62
675,Guyana,Germany,4.28
676,Guyana,Trinidad and Tobago,13.62
677,Guyana,Jamaica,4.48
678,Guyana,Venezuela,10.6
679,Guyana,United States,26.15
680,Guyana,Canada,19.32
681,Nicaragua,Germany,9.08
682,Nicaragua,Mexico,5.65
683,Nicaragua,Spain,9.01
684,Nicaragua,Guatemala,6.63
685,Nicaragua,Panama,6.65
686,Nicaragua,Honduras,4.27
687,Nicaragua,El Salvador,8.51
688,Nicaragua,United States,45.81
689,Nicaragua,Costa Rica,8.17
690,Slovenia,Germany,29.39
691,Slovenia,Croatia,4.98
692,Slovenia,France,10.46
693,Slovenia,Italy,14.92
694,Slovenia,Austria,8.42
695,Indonesia,Germany,6.31
696,Indonesia,Japan,19.8
697,Indonesia,China,4.17
698,Indonesia,"Korea, Rep.",6.48
699,Indonesia,Singapore,8.18
700,Indonesia,Australia,5.82
701,Indonesia,United States,13.39
702,Jordan,Germany,10.11
703,Jordan,Japan,4.97
704,Jordan,India,8.85
705,Jordan,Iraq,9.95
706,Jordan,Saudi Arabia,10.64
707,Jordan,Italy,6.02
708,Jordan,United States,9.52
709,Jordan,Free Zones,6.78
710,Kazakhstan,Germany,5.44
711,Kazakhstan,United Kingdom,8.46
712,Kazakhstan,China,6.7
713,Kazakhstan,Russian Federation,35.23
714,Kazakhstan,Italy,5.51
715,Kazakhstan,Turkey,4.12
716,Kazakhstan,United States,4.69
717,Uganda,United Kingdom,18.23
718,Uganda,Kenya,5.7
719,Uganda,Japan,7.6
720,Uganda,Rwanda,8.88
721,Uganda,United Arab Emirates,6.47
722,Uganda,Switzerland,30.49
723,Uganda,India,7.03
724,Tanzania,United Kingdom,8.64
725,Tanzania,Kenya,7.42
726,Tanzania,South Africa,8.11
727,Tanzania,United Arab Emirates,7.07
728,Tanzania,India,12.31
729,Tanzania,Germany,11.23
730,Tanzania,Japan,6.54
731,Tanzania,Netherlands,5.26
732,Kiribati,Denmark,5.42
733,Kiribati,Japan,18.39
734,Kiribati,Fiji,15.61
735,Kiribati,Australia,40.0
736,Kiribati,New Zealand,4.79
737,Kiribati,United States,11.48
738,Kiribati,Tuvalu,2.24
739,Kiribati,Bangladesh,58.63
740,Tuvalu,Japan,15.5
741,Tuvalu,Fiji,29.07
742,Tuvalu,China,2.89
743,Tuvalu,Australia,35.65
744,Tuvalu,New Zealand,8.99
745,St. Kitts and Nevis,United Kingdom,32.76
746,St. Kitts and Nevis,Japan,4.18
747,St. Kitts and Nevis,Canada,2.26
748,St. Kitts and Nevis,Dominica,1.23
749,St. Kitts and Nevis,Trinidad and Tobago,12.21
750,St. Kitts and Nevis,Montserrat,0.54
751,St. Kitts and Nevis,United States,57.26
752,Lebanon,Germany,8.71
753,Lebanon,Switzerland,6.62
754,Lebanon,France,9.55
755,Lebanon,Syrian Arab Republic,5.86
756,Lebanon,Saudi Arabia,15.09
757,Lebanon,United Arab Emirates,8.98
758,Lebanon,Italy,13.27
759,Lebanon,United States,6.0
760,Macao,Japan,8.54
761,Macao,"Hong Kong, China",25.18
762,Macao,China,11.67
763,Macao,Germany,9.27
764,Macao,United Kingdom,7.38
765,Macao,"Other Asia, nes",9.27
766,Macao,United States,42.53
767,Morocco,India,8.26
768,Morocco,France,20.74
769,Morocco,Japan,5.54
770,Morocco,Italy,6.39
771,Morocco,Spain,9.03
772,Morocco,Saudi Arabia,6.88
773,Morocco,United States,6.52
774,Moldova,Germany,10.47
775,Moldova,Romania,6.68
776,Moldova,Bulgaria,6.43
777,Moldova,Belarus,5.11
778,Moldova,Russian Federation,48.77
779,Moldova,United States,8.43
780,Moldova,Ukraine,22.3
781,Romania,Germany,16.83
782,Romania,"Korea, Rep.",5.12
783,Romania,France,5.75
784,Romania,Russian Federation,12.02
785,Romania,Italy,19.58
786,Romania,United States,3.79
787,Romania,Turkey,4.2
788,Mauritius,Germany,5.63
789,Mauritius,United Kingdom,34.39
790,Mauritius,South Africa,12.48
791,Mauritius,France,15.74
792,Mauritius,India,9.81
793,Mauritius,Italy,3.85
794,Mauritius,United States,14.2
795,Maldives,United Arab Emirates,9.17
796,Maldives,Sri Lanka,15.85
797,Maldives,India,11.65
798,Maldives,Singapore,29.64
799,Maldives,Malaysia,8.73
800,Maldives,Japan,14.1
801,Maldives,United Kingdom,21.25
802,Maldives,United States,18.22
803,North Macedonia,Germany,16.09
804,North Macedonia,Bulgaria,5.56
805,North Macedonia,Switzerland,7.02
806,North Macedonia,Greece,8.0
807,North Macedonia,Slovenia,7.73
808,North Macedonia,"Serbia, FR(Serbia/Montenegro)",22.11
809,North Macedonia,United States,9.46
810,"Serbia, FR(Serbia/Montenegro)",Germany,9.21
811,"Serbia, FR(Serbia/Montenegro)",Bosnia and Herzegovina,18.89
812,"Serbia, FR(Serbia/Montenegro)",North Macedonia,6.03
813,"Serbia, FR(Serbia/Montenegro)",Russian Federation,7.45
814,"Serbia, FR(Serbia/Montenegro)",Italy,11.5
815,Malta,Germany,13.4
816,Malta,United Kingdom,8.12
817,Malta,France,16.55
818,Malta,Italy,20.23
819,Malta,United States,15.03
820,Malta,Singapore,10.28
821,Mongolia,Japan,7.41
822,Mongolia,China,51.91
823,Mongolia,Uzbekistan,6.68
824,Mongolia,Russian Federation,18.3
825,Mongolia,Italy,6.34
826,Mongolia,United States,6.49
827,Mozambique,Japan,4.46
828,Mozambique,South Africa,35.72
829,Mozambique,Portugal,5.88
830,Mozambique,Spain,18.54
831,Mozambique,United States,11.52
832,Niger,Nigeria,11.06
833,Niger,Cote d'Ivoire,12.77
834,Niger,France,23.72
835,Niger,Burkina Faso,2.79
836,Niger,Netherlands,5.92
837,Niger,Algeria,4.56
838,Niger,Benin,33.39
839,Niger,United States,5.71
840,Oman,Germany,5.31
841,Oman,United Kingdom,7.39
842,Oman,Japan,16.54
843,Oman,United Arab Emirates,9.76
844,Oman,Thailand,17.48
845,Oman,China,16.84
846,Oman,"Korea, Rep.",12.47
847,Oman,United States,8.03
848,Philippines,Japan,20.62
849,Philippines,"Hong Kong, China",4.64
850,Philippines,"Korea, Rep.",5.95
851,Philippines,Singapore,5.93
852,Philippines,"Other Asia, nes",4.98
853,Philippines,Netherlands,6.59
854,Philippines,United States,35.1
855,Paraguay,Japan,7.84
856,Paraguay,Brazil,40.11
857,Paraguay,Bermuda,3.78
858,Paraguay,Argentina,9.08
859,Paraguay,"Other Asia, nes",7.15
860,Paraguay,Netherlands,24.24
861,Paraguay,United States,5.09
862,French Polynesia,Japan,4.21
863,French Polynesia,"Hong Kong, China",3.87
864,French Polynesia,France,37.85
865,French Polynesia,Australia,7.88
866,French Polynesia,New Zealand,7.33
867,French Polynesia,United States,15.53
868,French Polynesia,Singapore,2.83
869,Rwanda,Kenya,67.12
870,Rwanda,United Arab Emirates,6.05
871,Rwanda,Belgium-Luxembourg,17.27
872,Rwanda,Tanzania,5.52
873,Rwanda,Germany,4.59
874,Rwanda,Uganda,5.7
875,Rwanda,United Kingdom,3.21
876,Fm Sudan,Germany,9.0
877,Fm Sudan,United Kingdom,11.31
878,Fm Sudan,Saudi Arabia,18.6
879,Fm Sudan,China,6.63
880,Fm Sudan,"Egypt, Arab Rep.",6.25
881,Fm Sudan,Italy,6.93
882,Fm Sudan,United States,5.24
883,Seychelles,United Kingdom,12.0
884,Seychelles,South Africa,14.59
885,Seychelles,Germany,16.89
886,Seychelles,France,12.74
887,Seychelles,Singapore,11.38
888,Seychelles,Yemen,7.22
889,Seychelles,Italy,14.9
890,Seychelles,Bahrain,11.36
891,Togo,"Other Asia, nes",6.28
892,Togo,Cote d'Ivoire,10.57
893,Togo,Switzerland,8.45
894,Togo,France,19.68
895,Togo,Netherlands,7.42
896,Togo,Ghana,6.28
897,Togo,Benin,10.53
898,Togo,Spain,4.66
899,Togo,Canada,8.28
900,Togo,Nigeria,6.11
901,Tunisia,Germany,14.53
902,Tunisia,Belgium-Luxembourg,6.11
903,Tunisia,France,23.78
904,Tunisia,Libya,4.62
905,Tunisia,Italy,21.35
906,Tunisia,Spain,4.16
907,Tunisia,United States,4.29
908,Uruguay,China,4.51
909,Uruguay,Germany,4.41
910,Uruguay,France,3.23
911,Uruguay,Brazil,34.44
912,Uruguay,Argentina,12.98
913,Uruguay,Italy,4.59
914,Uruguay,United States,5.96
915,St. Vincent and the Grenadines,United Kingdom,31.17
916,St. Vincent and the Grenadines,Japan,4.64
917,St. Vincent and the Grenadines,Trinidad and Tobago,9.96
918,St. Vincent and the Grenadines,St. Lucia,13.71
919,St. Vincent and the Grenadines,Italy,4.17
920,St. Vincent and the Grenadines,United States,7.11
921,St. Vincent and the Grenadines,Antigua and Barbuda,9.04
922, World,Germany,8.04
923, World,Japan,8.17
924, World,France,5.09
925, World,China,5.17
926, World,United Kingdom,5.42
927, World,United States,15.72
928,Zambia,Japan,3.71
929,Zambia,South Africa,39.94
930,Zambia,United Arab Emirates,14.46
931,Zambia,Thailand,9.09
932,Zambia,Belgium-Luxembourg,9.18
933,Zambia,Saudi Arabia,11.43
934,Zambia,Zimbabwe,7.37
