,source,target,1998
0,Albania,Germany,5.73
1,Albania,Bulgaria,2.6
2,Albania,Greece,19.81
3,Albania,Italy,60.05
4,Albania,Turkey,3.28
5,Albania,United States,1.66
6,Albania,Austria,1.6
7,Germany,United Kingdom,8.36
8,Germany,France,10.66
9,Germany,Netherlands,6.69
10,Germany,Italy,7.24
11,Germany,United States,9.21
12,Bulgaria,Germany,10.45
13,Bulgaria,Greece,8.78
14,Bulgaria,Russian Federation,20.08
15,Bulgaria,Italy,12.68
16,Bulgaria,Turkey,7.95
17,Bulgaria,Ukraine,6.56
18,Greece,Germany,18.35
19,Greece,United Kingdom,6.96
20,Greece,France,8.58
21,Greece,Netherlands,6.19
22,Greece,Italy,11.9
23,Greece,United States,4.75
24,Italy,Germany,16.48
25,Italy,United Kingdom,7.2
26,Italy,France,13.17
27,Italy,Netherlands,6.18
28,Italy,Spain,5.8
29,Italy,United States,8.58
30,Turkey,Germany,20.27
31,Turkey,United Kingdom,6.36
32,Turkey,France,6.61
33,Turkey,Russian Federation,5.01
34,Turkey,Italy,5.79
35,Turkey,United States,8.29
36,United States,Germany,3.91
37,United States,Japan,13.25
38,United States,Canada,18.84
39,United States,Mexico,11.61
40,United States,China,7.95
41,United States,United Kingdom,5.74
42,Austria,Germany,36.41
43,Austria,Switzerland,5.5
44,Austria,France,4.98
45,Austria,Italy,8.6
46,Austria,United States,4.9
47,Austria,Hungary,5.0
48,Andorra,Germany,4.44
49,Andorra,Japan,3.27
50,Andorra,Belgium-Luxembourg,2.18
51,Andorra,France,31.24
52,Andorra,Spain,42.1
53,Andorra,Italy,3.75
54,Andorra,Netherlands,2.78
55,Japan,"Other Asia, nes",6.6
56,Japan,"Hong Kong, China",5.82
57,Japan,China,5.18
58,Japan,Germany,4.91
59,Japan,"Korea, Rep.",4.3
60,Japan,Australia,4.64
61,Japan,United States,30.88
62,Japan,Indonesia,3.86
63,Belgium-Luxembourg,Germany,19.54
64,Belgium-Luxembourg,United Kingdom,9.93
65,Belgium-Luxembourg,France,13.71
66,Belgium-Luxembourg,Netherlands,12.55
67,Belgium-Luxembourg,Italy,5.89
68,Belgium-Luxembourg,United States,8.0
69,France,Germany,15.97
70,France,United Kingdom,10.02
71,France,Belgium-Luxembourg,7.73
72,France,Italy,9.15
73,France,Spain,8.72
74,France,United States,8.86
75,Spain,Germany,13.63
76,Spain,United Kingdom,8.42
77,Spain,France,18.37
78,Spain,Italy,9.25
79,Spain,Portugal,9.42
80,Spain,United States,5.72
81,Netherlands,Germany,23.64
82,Netherlands,United Kingdom,8.97
83,Netherlands,Belgium-Luxembourg,9.19
84,Netherlands,France,6.53
85,Netherlands,United States,9.38
86,Netherlands,Special Categories,10.09
87,Argentina,Germany,5.98
88,Argentina,Chile,7.03
89,Argentina,France,5.9
90,Argentina,Brazil,30.07
91,Argentina,Uruguay,3.22
92,Argentina,Italy,5.12
93,Argentina,Netherlands,4.2
94,Argentina,United States,8.37
95,Chile,Japan,5.82
96,Chile,Mexico,4.98
97,Chile,Brazil,5.58
98,Chile,Argentina,4.95
99,Chile,United Kingdom,7.79
100,Chile,United States,15.9
101,Brazil,Germany,5.88
102,Brazil,Japan,5.64
103,Brazil,Argentina,13.2
104,Brazil,Italy,5.47
105,Brazil,Netherlands,5.37
106,Brazil,United States,19.34
107,Uruguay,Germany,4.05
108,Uruguay,France,4.66
109,Uruguay,Brazil,33.76
110,Uruguay,Argentina,18.54
111,Uruguay,United Kingdom,3.4
112,Uruguay,Italy,4.63
113,Uruguay,United States,5.79
114,Australia,Germany,5.86
115,Australia,United Kingdom,5.93
116,Australia,Japan,13.56
117,Australia,New Zealand,6.01
118,Australia,"Korea, Rep.",5.91
119,Australia,China,5.97
120,Australia,United States,7.88
121,United Kingdom,Germany,12.19
122,United Kingdom,France,9.13
123,United Kingdom,Netherlands,7.67
124,United Kingdom,Italy,5.2
125,United Kingdom,Ireland,5.96
126,United Kingdom,United States,13.51
127,New Zealand,United Kingdom,5.91
128,New Zealand,Japan,11.84
129,New Zealand,"Korea, Rep.",3.21
130,New Zealand,China,5.2
131,New Zealand,Australia,21.58
132,New Zealand,United States,12.99
133,"Korea, Rep.",Japan,17.73
134,"Korea, Rep.","Hong Kong, China",6.49
135,"Korea, Rep.",China,8.29
136,"Korea, Rep.",Switzerland,3.65
137,"Korea, Rep.",Saudi Arabia,4.24
138,"Korea, Rep.",Australia,4.94
139,"Korea, Rep.",United States,17.22
140,China,Germany,4.0
141,China,Japan,20.16
142,China,"Hong Kong, China",21.08
143,China,"Korea, Rep.",10.71
144,China,"Other Asia, nes",11.86
145,China,United States,20.66
146,Switzerland,Germany,23.05
147,Switzerland,United Kingdom,5.92
148,Switzerland,France,10.86
149,Switzerland,Italy,7.7
150,Switzerland,United States,11.0
151,Hungary,Germany,36.33
152,Hungary,France,4.78
153,Hungary,Russian Federation,5.96
154,Hungary,Italy,5.49
155,Hungary,Netherlands,4.67
156,Hungary,Austria,9.58
157,Hungary,United States,4.5
158,Azerbaijan,Germany,4.33
159,Azerbaijan,United Kingdom,6.4
160,Azerbaijan,Russian Federation,17.45
161,Azerbaijan,Italy,7.44
162,Azerbaijan,Turkey,22.41
163,Azerbaijan,Georgia,12.69
164,Azerbaijan,"Iran, Islamic Rep.",7.34
165,Azerbaijan,Ukraine,8.64
166,Russian Federation,Germany,7.92
167,Russian Federation,Belarus,10.51
168,Russian Federation,Kazakhstan,4.31
169,Russian Federation,Netherlands,5.53
170,Russian Federation,United States,7.11
171,Russian Federation,Ukraine,7.51
172,Georgia,Germany,6.88
173,Georgia,Armenia,9.27
174,Georgia,Azerbaijan,9.6
175,Georgia,Russian Federation,28.72
176,Georgia,Turkey,10.55
177,Georgia,United States,8.62
178,"Iran, Islamic Rep.",Germany,3.1
179,"Iran, Islamic Rep.",Japan,7.03
180,"Iran, Islamic Rep.",United Arab Emirates,5.51
181,"Iran, Islamic Rep.",Italy,1.53
182,"Iran, Islamic Rep.",Belgium-Luxembourg,6.31
183,"Iran, Islamic Rep.",Turkey,1.2
184,Ukraine,Germany,4.93
185,Ukraine,Poland,3.31
186,Ukraine,China,5.83
187,Ukraine,Russian Federation,22.95
188,Ukraine,Italy,4.38
189,Ukraine,Turkey,5.51
190,Ukraine,United States,3.98
191,Burundi,Germany,10.13
192,Burundi,Zambia,8.04
193,Burundi,Switzerland,9.63
194,Burundi,France,9.14
195,Burundi,United Kingdom,12.29
196,Burundi,Belgium-Luxembourg,19.3
197,Burundi,Saudi Arabia,12.43
198,Burundi,United States,22.23
199,Zambia,United Kingdom,24.7
200,Zambia,Japan,3.43
201,Zambia,South Africa,40.42
202,Zambia,Saudi Arabia,9.5
203,Zambia,France,6.64
204,Zambia,Zimbabwe,10.35
205,Saudi Arabia,Germany,6.27
206,Saudi Arabia,United Kingdom,8.48
207,Saudi Arabia,Japan,8.6
208,Saudi Arabia,France,5.22
209,Saudi Arabia,United Arab Emirates,2.02
210,Saudi Arabia,"Egypt, Arab Rep.",0.81
211,Saudi Arabia,Kuwait,1.27
212,Saudi Arabia,United States,1.45
213,Benin,United Kingdom,7.07
214,Benin,Nigeria,4.5
215,Benin,Cote d'Ivoire,11.17
216,Benin,Thailand,4.87
217,Benin,France,20.73
218,Benin,Netherlands,5.08
219,Benin,Brazil,16.41
220,Benin,United States,5.91
221,Benin,Niger,8.71
222,Nigeria,Germany,9.75
223,Nigeria,United Kingdom,13.84
224,Nigeria,France,6.46
225,Nigeria,Netherlands,5.36
226,Nigeria,Brazil,4.69
227,Nigeria,Italy,5.06
228,Nigeria,Spain,5.96
229,Nigeria,United States,42.71
230,Cote d'Ivoire,Germany,4.55
231,Cote d'Ivoire,France,28.55
232,Cote d'Ivoire,Italy,5.86
233,Cote d'Ivoire,Ghana,5.74
234,Cote d'Ivoire,Netherlands,12.19
235,Cote d'Ivoire,United States,9.04
236,Cote d'Ivoire,Nigeria,10.66
237,Thailand,Japan,24.03
238,Thailand,"Hong Kong, China",5.21
239,Thailand,Singapore,5.65
240,Thailand,Malaysia,5.16
241,Thailand,"Other Asia, nes",5.27
242,Thailand,Netherlands,4.05
243,Thailand,United States,22.68
244,Niger,Nigeria,7.88
245,Niger,Cote d'Ivoire,12.06
246,Niger,France,24.37
247,Niger,Burkina Faso,4.15
248,Niger,Algeria,3.77
249,Niger,Benin,37.47
250,Niger,Italy,5.98
251,Niger,Mali,4.46
252,Niger,United States,7.25
253,Burkina Faso,Germany,3.64
254,Burkina Faso,Japan,8.02
255,Burkina Faso,Cote d'Ivoire,19.22
256,Burkina Faso,Belgium-Luxembourg,8.72
257,Burkina Faso,Switzerland,33.42
258,Burkina Faso,France,27.76
259,Burkina Faso,United States,4.06
260,Burkina Faso,Singapore,5.31
261,Singapore,Japan,16.74
262,Singapore,Thailand,4.78
263,Singapore,"Other Asia, nes",4.32
264,Singapore,"Hong Kong, China",8.39
265,Singapore,China,4.78
266,Singapore,Malaysia,15.24
267,Singapore,United States,19.9
268,Bangladesh,Japan,6.82
269,Bangladesh,Germany,8.88
270,Bangladesh,"Korea, Rep.",6.06
271,Bangladesh,India,14.83
272,Bangladesh,Singapore,6.49
273,Bangladesh,China,10.35
274,Bangladesh,United Kingdom,7.34
275,Bangladesh,France,8.85
276,Bangladesh,Italy,5.41
277,Bangladesh,United States,39.41
278,India,United Kingdom,5.59
279,India,Japan,5.82
280,India,"Hong Kong, China",5.66
281,India,Switzerland,6.94
282,India,Germany,5.57
283,India,United Arab Emirates,5.62
284,India,Belgium-Luxembourg,6.79
285,India,United States,21.68
286,"Bahamas, The",Japan,1.31
287,"Bahamas, The",Canada,2.15
288,"Bahamas, The",Mexico,1.56
289,"Bahamas, The",United Kingdom,2.3
290,"Bahamas, The",France,8.54
291,"Bahamas, The",Spain,2.78
292,"Bahamas, The",United States,75.6
293,Canada,United Kingdom,1.39
294,Canada,Japan,4.69
295,Canada,China,0.78
296,Canada,Germany,0.85
297,Canada,Mexico,2.57
298,Canada,United States,84.74
299,Mexico,Germany,0.95
300,Mexico,Chile,0.62
301,Mexico,Japan,3.62
302,Mexico,Canada,1.8
303,Mexico,"Korea, Rep.",1.45
304,Mexico,Brazil,0.63
305,Mexico,United States,86.88
306,Belarus,Germany,2.82
307,Belarus,Poland,2.62
308,Belarus,Lithuania,2.43
309,Belarus,Latvia,2.42
310,Belarus,Russian Federation,65.18
311,Belarus,Ukraine,8.65
312,Poland,Germany,36.3
313,Poland,United Kingdom,4.9
314,Poland,France,6.46
315,Poland,Russian Federation,5.67
316,Poland,Italy,5.91
317,Poland,Netherlands,4.8
318,Lithuania,Germany,13.12
319,Lithuania,Poland,6.56
320,Lithuania,Denmark,4.61
321,Lithuania,Belarus,8.85
322,Lithuania,Finland,4.17
323,Lithuania,Latvia,11.05
324,Lithuania,Russian Federation,16.52
325,Lithuania,Ukraine,7.76
326,Latvia,Germany,15.61
327,Latvia,Sweden,10.29
328,Latvia,Estonia,6.63
329,Latvia,Finland,9.52
330,Latvia,Lithuania,7.42
331,Latvia,United Kingdom,13.5
332,Latvia,Russian Federation,12.07
333,Belize,United Kingdom,31.51
334,Belize,Mexico,3.82
335,Belize,Jamaica,3.27
336,Belize,Guatemala,2.82
337,Belize,Netherlands,8.44
338,Belize,United States,40.71
339,Belize,Cuba,4.65
340,Jamaica,United Kingdom,12.07
341,Jamaica,Japan,6.7
342,Jamaica,Canada,3.02
343,Jamaica,Trinidad and Tobago,7.7
344,Jamaica,Russian Federation,6.95
345,Jamaica,Netherlands,9.37
346,Jamaica,United States,39.78
347,Guatemala,Japan,4.5
348,Guatemala,Germany,4.3
349,Guatemala,Mexico,10.43
350,Guatemala,El Salvador,7.2
351,Guatemala,Costa Rica,3.51
352,Guatemala,Honduras,8.36
353,Guatemala,United States,32.61
354,Bolivia,Japan,19.7
355,Bolivia,Chile,6.03
356,Bolivia,Brazil,10.93
357,Bolivia,Peru,10.62
358,Bolivia,Argentina,10.68
359,Bolivia,Colombia,6.54
360,Bolivia,United Kingdom,15.03
361,Bolivia,United States,22.91
362,Peru,Japan,6.52
363,Peru,China,4.11
364,Peru,Switzerland,8.53
365,Peru,Germany,4.06
366,Peru,Brazil,4.64
367,Peru,Venezuela,4.94
368,Peru,United Kingdom,4.8
369,Peru,Colombia,5.36
370,Peru,United States,32.36
371,Colombia,Germany,6.31
372,Colombia,Japan,6.74
373,Colombia,Mexico,4.3
374,Colombia,Peru,3.42
375,Colombia,Venezuela,8.94
376,Colombia,United States,38.26
377,Colombia,Ecuador,5.3
378,Barbados,United Kingdom,15.97
379,Barbados,Japan,7.28
380,Barbados,Canada,4.07
381,Barbados,Trinidad and Tobago,10.59
382,Barbados,Jamaica,7.75
383,Barbados,Bunkers,13.73
384,Barbados,United States,16.11
385,Trinidad and Tobago,Guyana,3.7
386,Trinidad and Tobago,United Kingdom,4.91
387,Trinidad and Tobago,Japan,4.81
388,Trinidad and Tobago,Jamaica,10.46
389,Trinidad and Tobago,Barbados,5.6
390,Trinidad and Tobago,Venezuela,7.08
391,Trinidad and Tobago,France,4.97
392,Trinidad and Tobago,Colombia,5.7
393,Trinidad and Tobago,United States,39.89
394,Brunei,United Kingdom,6.63
395,Brunei,Japan,6.41
396,Brunei,Thailand,6.11
397,Brunei,"Korea, Rep.",17.95
398,Brunei,Singapore,22.72
399,Brunei,Malaysia,16.89
400,Brunei,United States,9.12
401,Malaysia,Japan,19.82
402,Malaysia,"Hong Kong, China",4.64
403,Malaysia,"Korea, Rep.",5.81
404,Malaysia,Singapore,13.68
405,Malaysia,"Other Asia, nes",5.15
406,Malaysia,Netherlands,4.69
407,Malaysia,United States,21.68
408,Bhutan,Japan,7.44
409,Bhutan,Thailand,0.27
410,Bhutan,Denmark,1.58
411,Bhutan,India,93.71
412,Bhutan,Singapore,7.22
413,Bhutan,Nepal,0.29
414,Bhutan,United States,0.68
415,Bhutan,Bangladesh,4.37
416,Denmark,Germany,19.45
417,Denmark,United Kingdom,8.92
418,Denmark,Sweden,10.55
419,Denmark,Norway,5.74
420,Denmark,France,5.7
421,Denmark,Netherlands,7.54
422,Nepal,United Arab Emirates,5.01
423,Nepal,India,33.38
424,Nepal,Germany,25.24
425,Nepal,Singapore,14.64
426,Nepal,China,4.83
427,Nepal,France,1.8
428,Nepal,"Hong Kong, China",10.75
429,Nepal,United States,26.32
430,Nepal,Bangladesh,2.2
431,Central African Republic,Japan,6.81
432,Central African Republic,Belgium-Luxembourg,53.17
433,Central African Republic,Switzerland,5.6
434,Central African Republic,France,39.06
435,Central African Republic,"Congo, Rep.",3.77
436,Central African Republic,Cameroon,7.7
437,Central African Republic,Chad,6.06
438,Cameroon,Germany,6.67
439,Cameroon,Japan,5.55
440,Cameroon,France,27.15
441,Cameroon,United States,8.12
442,Cameroon,Nigeria,8.42
443,"Hong Kong, China",Japan,12.51
444,"Hong Kong, China",China,34.23
445,"Hong Kong, China",Germany,3.86
446,"Hong Kong, China","Korea, Rep.",5.05
447,"Hong Kong, China",United Kingdom,4.11
448,"Hong Kong, China","Other Asia, nes",7.2
449,"Hong Kong, China",United States,23.27
450,"Other Asia, nes",Germany,3.65
451,"Other Asia, nes",Japan,25.8
452,"Other Asia, nes","Hong Kong, China",22.55
453,"Other Asia, nes","Korea, Rep.",5.41
454,"Other Asia, nes",France,5.08
455,"Other Asia, nes",Netherlands,3.89
456,"Other Asia, nes",United States,26.72
457,Ghana,Germany,7.55
458,Ghana,United Kingdom,18.95
459,Ghana,Netherlands,15.92
460,Ghana,France,5.75
461,Ghana,Spain,7.54
462,Ghana,Italy,4.37
463,Ghana,United States,10.77
464,Venezuela,Germany,4.81
465,Venezuela,Japan,4.63
466,Venezuela,Netherlands Antilles,6.06
467,Venezuela,Brazil,3.88
468,Venezuela,Colombia,8.4
469,Venezuela,Cuba,2.54
470,Venezuela,United States,51.46
471,Ecuador,Germany,4.1
472,Ecuador,Japan,8.63
473,Ecuador,Peru,4.74
474,Ecuador,Colombia,6.72
475,Ecuador,Venezuela,4.83
476,Ecuador,Italy,6.12
477,Ecuador,Spain,3.33
478,Ecuador,United States,38.95
479,Comoros,Kenya,7.48
480,Comoros,South Africa,9.05
481,Comoros,United Arab Emirates,7.59
482,Comoros,Germany,12.86
483,Comoros,France,38.2
484,Comoros,Madagascar,10.85
485,Comoros,United Kingdom,7.22
486,Comoros,Canada,3.15
487,Comoros,Pakistan,12.13
488,Kenya,United Kingdom,14.02
489,Kenya,Japan,7.87
490,Kenya,South Africa,7.11
491,Kenya,United Arab Emirates,9.44
492,Kenya,Uganda,15.02
493,Kenya,Tanzania,11.93
494,Kenya,"Egypt, Arab Rep.",4.92
495,Kenya,Pakistan,7.17
496,Kenya,United States,7.92
497,South Africa,Germany,8.5
498,South Africa,United Kingdom,7.81
499,South Africa,Japan,7.34
500,South Africa,United States,12.35
501,South Africa,Special Categories,8.53
502,Madagascar,Germany,4.52
503,Madagascar,South Africa,6.07
504,Madagascar,France,21.82
505,Madagascar,Free Zones,8.18
506,Madagascar,"Iran, Islamic Rep.",8.01
507,Madagascar,United States,6.01
508,Madagascar,Mauritius,6.84
509,Cape Verde,Germany,4.58
510,Cape Verde,France,4.88
511,Cape Verde,Netherlands,6.88
512,Cape Verde,United Kingdom,4.65
513,Cape Verde,Bunkers,36.78
514,Cape Verde,Portugal,46.49
515,Cape Verde,Spain,2.0
516,Cape Verde,United States,5.68
517,Cape Verde,Guinea-Bissau,3.46
518,Portugal,Germany,19.77
519,Portugal,United Kingdom,12.08
520,Portugal,France,11.15
521,Portugal,Spain,24.05
522,Portugal,Italy,7.94
523,Portugal,United States,4.92
524,Costa Rica,Japan,6.17
525,Costa Rica,Guatemala,4.36
526,Costa Rica,Germany,4.2
527,Costa Rica,Mexico,5.26
528,Costa Rica,Venezuela,2.99
529,Costa Rica,United Kingdom,4.2
530,Costa Rica,Nicaragua,9.23
531,Costa Rica,United States,40.79
532,Nicaragua,Japan,6.51
533,Nicaragua,Germany,11.07
534,Nicaragua,Costa Rica,10.61
535,Nicaragua,Spain,4.24
536,Nicaragua,Guatemala,7.36
537,Nicaragua,Panama,6.64
538,Nicaragua,El Salvador,10.43
539,Nicaragua,United States,38.13
540,Cyprus,Germany,8.46
541,Cyprus,United Kingdom,14.57
542,Cyprus,Greece,9.78
543,Cyprus,Lebanon,5.49
544,Cyprus,Russian Federation,10.31
545,Cyprus,Italy,9.37
546,Cyprus,United States,12.53
547,Lebanon,Germany,8.7
548,Lebanon,Switzerland,6.32
549,Lebanon,France,9.75
550,Lebanon,Syrian Arab Republic,7.01
551,Lebanon,Saudi Arabia,13.09
552,Lebanon,United Arab Emirates,9.11
553,Lebanon,Italy,11.52
554,Lebanon,United States,6.84
555,Czech Republic,Germany,40.62
556,Czech Republic,Slovak Republic,10.04
557,Czech Republic,Poland,5.41
558,Czech Republic,Russian Federation,5.22
559,Czech Republic,Italy,3.63
560,Czech Republic,Austria,6.02
561,Slovak Republic,Germany,28.81
562,Slovak Republic,Czech Republic,18.38
563,Slovak Republic,Poland,5.9
564,Slovak Republic,Russian Federation,10.43
565,Slovak Republic,Italy,7.17
566,Slovak Republic,Austria,4.66
567,Sweden,Denmark,6.37
568,Sweden,Germany,11.39
569,Sweden,United Kingdom,9.5
570,Sweden,Norway,8.52
571,Sweden,Netherlands,8.51
572,Sweden,United States,8.55
573,Norway,Germany,12.34
574,Norway,United Kingdom,16.93
575,Norway,Sweden,9.78
576,Norway,Denmark,6.65
577,Norway,France,8.46
578,Norway,Netherlands,9.65
579,Norway,United States,7.88
580,Algeria,Germany,6.86
581,Algeria,France,23.83
582,Algeria,Italy,18.72
583,Algeria,Spain,5.82
584,Algeria,Netherlands,8.2
585,Algeria,United States,15.45
586,"Egypt, Arab Rep.",Germany,8.91
587,"Egypt, Arab Rep.",France,5.6
588,"Egypt, Arab Rep.",Saudi Arabia,5.52
589,"Egypt, Arab Rep.",Italy,10.01
590,"Egypt, Arab Rep.",Bunkers,7.09
591,"Egypt, Arab Rep.",Free Zones,6.55
592,"Egypt, Arab Rep.",Netherlands,7.8
593,"Egypt, Arab Rep.",United States,12.19
594,Estonia,Germany,5.51
595,Estonia,Sweden,16.69
596,Estonia,Japan,4.97
597,Estonia,Finland,18.87
598,Estonia,Latvia,9.44
599,Estonia,Russian Federation,13.28
600,Finland,Germany,11.53
601,Finland,United Kingdom,9.02
602,Finland,Sweden,9.28
603,Finland,Russian Federation,5.88
604,Finland,United States,7.25
605,Ethiopia(excludes Eritrea),Germany,24.69
606,Ethiopia(excludes Eritrea),Japan,6.21
607,Ethiopia(excludes Eritrea),India,5.59
608,Ethiopia(excludes Eritrea),Saudi Arabia,9.9
609,Ethiopia(excludes Eritrea),Italy,6.79
610,Ethiopia(excludes Eritrea),Djibouti,9.87
611,Faeroe Islands,Denmark,30.28
612,Faeroe Islands,Germany,9.81
613,Faeroe Islands,United Kingdom,24.79
614,Faeroe Islands,Norway,17.74
615,Faeroe Islands,France,7.23
616,Faeroe Islands,Spain,5.46
617,Faeroe Islands,Sweden,5.3
618,Gabon,Germany,4.02
619,Gabon,United Kingdom,4.28
620,Gabon,Japan,5.91
621,Gabon,China,3.49
622,Gabon,Switzerland,2.6
623,Gabon,France,43.11
624,Gabon,Spain,2.96
625,Gabon,United States,67.02
626,Ireland,Germany,15.03
627,Ireland,United Kingdom,22.11
628,Ireland,Japan,7.05
629,Ireland,Belgium-Luxembourg,6.37
630,Ireland,Singapore,4.95
631,Ireland,France,8.23
632,Ireland,United States,13.6
633,Guinea,Cote d'Ivoire,8.06
634,Guinea,Switzerland,8.02
635,Guinea,France,22.5
636,Guinea,China,7.33
637,Guinea,Belgium-Luxembourg,13.29
638,Guinea,Spain,12.46
639,Guinea,Ireland,15.68
640,Guinea,United States,18.82
641,"Gambia, The",United Kingdom,11.74
642,"Gambia, The",Cote d'Ivoire,8.2
643,"Gambia, The",Belgium-Luxembourg,4.64
644,"Gambia, The",France,7.76
645,"Gambia, The",Singapore,6.91
646,"Gambia, The",Mauritania,4.38
647,"Gambia, The",Italy,6.68
648,"Gambia, The",Guinea,4.03
649,Grenada,United Kingdom,9.47
650,Grenada,Japan,4.95
651,Grenada,Canada,3.16
652,Grenada,Trinidad and Tobago,22.05
653,Grenada,Barbados,5.46
654,Grenada,St. Lucia,7.8
655,Grenada,Netherlands,13.27
656,Grenada,Ireland,5.84
657,Grenada,United States,36.17
658,St. Lucia,United Kingdom,61.64
659,St. Lucia,Japan,5.28
660,St. Lucia,Canada,3.41
661,St. Lucia,Dominica,2.5
662,St. Lucia,Trinidad and Tobago,5.78
663,St. Lucia,Barbados,4.1
664,St. Lucia,United States,15.63
665,Greenland,Denmark,83.12
666,Greenland,Japan,3.03
667,Greenland,Canada,2.45
668,Greenland,Thailand,1.34
669,Greenland,France,4.47
670,Greenland,Norway,5.64
671,Greenland,United States,1.72
672,El Salvador,Japan,4.67
673,El Salvador,Guatemala,22.47
674,El Salvador,Germany,11.13
675,El Salvador,Mexico,7.67
676,El Salvador,Costa Rica,3.7
677,El Salvador,Honduras,11.83
678,El Salvador,United States,21.48
679,Honduras,Japan,4.55
680,Honduras,Guatemala,5.3
681,Honduras,Germany,3.98
682,Honduras,Mexico,4.92
683,Honduras,El Salvador,5.16
684,Honduras,Nicaragua,6.35
685,Honduras,United States,58.62
686,Guyana,United Kingdom,20.31
687,Guyana,Japan,5.39
688,Guyana,Trinidad and Tobago,14.23
689,Guyana,Jamaica,4.48
690,Guyana,Venezuela,9.03
691,Guyana,Portugal,6.29
692,Guyana,United States,30.82
693,Guyana,Canada,20.62
694,Croatia,Germany,16.89
695,Croatia,Bosnia and Herzegovina,14.4
696,Croatia,France,4.79
697,Croatia,Slovenia,8.61
698,Croatia,Liberia,7.4
699,Croatia,Italy,17.67
700,Croatia,Austria,7.3
701,Slovenia,Germany,28.41
702,Slovenia,Croatia,4.27
703,Slovenia,France,12.44
704,Slovenia,Italy,13.86
705,Slovenia,Austria,7.92
706,Indonesia,Germany,8.65
707,Indonesia,Japan,15.7
708,Indonesia,"Hong Kong, China",3.82
709,Indonesia,"Korea, Rep.",5.26
710,Indonesia,Singapore,9.3
711,Indonesia,Australia,6.44
712,Indonesia,United States,14.42
713,Iceland,Denmark,5.45
714,Iceland,Germany,15.0
715,Iceland,United Kingdom,18.96
716,Iceland,Norway,9.18
717,Iceland,France,6.75
718,Iceland,United States,13.2
719,Israel,Germany,4.77
720,Israel,United Kingdom,5.68
721,Israel,Belgium-Luxembourg,10.45
722,Israel,Italy,6.65
723,Israel,Netherlands,4.79
724,Israel,United States,35.42
725,Jordan,Germany,9.79
726,Jordan,United Kingdom,5.09
727,Jordan,Japan,5.86
728,Jordan,India,11.94
729,Jordan,Iraq,10.83
730,Jordan,Saudi Arabia,10.58
731,Jordan,United Arab Emirates,3.71
732,Jordan,United States,9.51
733,Kazakhstan,Germany,8.47
734,Kazakhstan,United Kingdom,9.04
735,Kazakhstan,China,7.39
736,Kazakhstan,Switzerland,6.12
737,Kazakhstan,Russian Federation,30.32
738,Kazakhstan,Italy,9.51
739,Kazakhstan,Turkey,4.75
740,Kazakhstan,United States,6.14
741,Uganda,United Kingdom,11.32
742,Uganda,Kenya,9.56
743,Uganda,Japan,6.21
744,Uganda,South Africa,6.8
745,Uganda,Switzerland,9.36
746,Uganda,India,6.01
747,Uganda,Netherlands,10.35
748,Uganda,United States,5.21
749,Tanzania,United Kingdom,15.1
750,Tanzania,Kenya,5.75
751,Tanzania,Japan,10.78
752,Tanzania,South Africa,11.13
753,Tanzania,India,18.16
754,Tanzania,Germany,5.83
755,Tanzania,Netherlands,5.27
756,Tanzania,United States,6.01
757,Kiribati,Denmark,7.09
758,Kiribati,Japan,8.16
759,Kiribati,"Hong Kong, China",5.85
760,Kiribati,Fiji,18.35
761,Kiribati,China,6.53
762,Kiribati,Australia,45.99
763,Kiribati,United States,12.62
764,Kiribati,Bangladesh,51.31
765,Macao,Japan,7.75
766,Macao,"Hong Kong, China",23.72
767,Macao,China,6.77
768,Macao,Germany,8.75
769,Macao,United Kingdom,7.74
770,Macao,"Other Asia, nes",9.86
771,Macao,United States,47.65
772,Morocco,Germany,6.04
773,Morocco,France,26.31
774,Morocco,United Kingdom,9.5
775,Morocco,Italy,4.98
776,Morocco,Spain,10.3
777,Morocco,United States,6.27
778,Moldova,Germany,3.78
779,Moldova,Romania,11.02
780,Moldova,Belarus,5.04
781,Moldova,Russian Federation,53.31
782,Moldova,Italy,6.35
783,Moldova,Ukraine,14.8
784,Romania,Germany,19.62
785,Romania,France,6.89
786,Romania,Russian Federation,8.98
787,Romania,Italy,22.15
788,Romania,Hungary,4.62
789,Romania,United States,3.86
790,Romania,Turkey,3.89
791,Mauritius,United Kingdom,33.05
792,Mauritius,South Africa,10.77
793,Mauritius,Germany,5.69
794,Mauritius,France,11.18
795,Mauritius,India,9.27
796,Mauritius,China,5.22
797,Mauritius,Madagascar,4.19
798,Mauritius,United States,16.72
799,Maldives,United Arab Emirates,10.86
800,Maldives,Thailand,12.86
801,Maldives,Sri Lanka,17.22
802,Maldives,India,10.98
803,Maldives,Singapore,28.21
804,Maldives,Malaysia,5.13
805,Maldives,Japan,14.4
806,Maldives,United Kingdom,19.35
807,Maldives,United States,20.67
808,North Macedonia,Germany,21.41
809,North Macedonia,Greece,6.34
810,North Macedonia,Slovenia,7.76
811,North Macedonia,"Serbia, FR(Serbia/Montenegro)",18.31
812,North Macedonia,Italy,7.02
813,North Macedonia,United States,13.27
814,North Macedonia,Ukraine,6.24
815,"Serbia, FR(Serbia/Montenegro)",Germany,11.74
816,"Serbia, FR(Serbia/Montenegro)",Bosnia and Herzegovina,21.1
817,"Serbia, FR(Serbia/Montenegro)",Switzerland,8.59
818,"Serbia, FR(Serbia/Montenegro)",North Macedonia,5.02
819,"Serbia, FR(Serbia/Montenegro)",Russian Federation,11.35
820,"Serbia, FR(Serbia/Montenegro)",Italy,10.87
821,Mali,Cote d'Ivoire,27.29
822,Mali,Switzerland,1.42
823,Mali,France,21.61
824,Mali,Burkina Faso,1.47
825,Mali,South Africa,40.04
826,Mali,Belgium-Luxembourg,4.59
827,Mali,Senegal,6.77
828,Mali,United States,4.43
829,Senegal,Germany,4.29
830,Senegal,Thailand,5.31
831,Senegal,India,27.63
832,Senegal,France,34.16
833,Senegal,Bunkers,12.31
834,Senegal,Mauritania,4.12
835,Senegal,Mali,8.22
836,Senegal,United States,5.48
837,Senegal,Nigeria,5.85
838,Malta,Germany,12.6
839,Malta,United Kingdom,7.67
840,Malta,France,17.81
841,Malta,Italy,19.26
842,Malta,United States,18.15
843,Malta,Singapore,14.55
844,Mongolia,Japan,12.11
845,Mongolia,China,56.48
846,Mongolia,"Korea, Rep.",7.69
847,Mongolia,United Kingdom,3.74
848,Mongolia,Russian Federation,13.57
849,Mongolia,Italy,2.9
850,Mongolia,United States,9.48
851,Panama,Ecuador,3.2
852,Panama,Sweden,7.22
853,Panama,Japan,8.95
854,Panama,Belgium-Luxembourg,4.3
855,Panama,Mexico,4.82
856,Panama,Costa Rica,6.58
857,Panama,Spain,5.42
858,Panama,Free Zones,13.02
859,Panama,United States,42.23
860,Oman,United Kingdom,7.28
861,Oman,Japan,15.74
862,Oman,United Arab Emirates,13.52
863,Oman,Thailand,17.71
864,Oman,China,8.75
865,Oman,"Korea, Rep.",13.67
866,Oman,Italy,5.87
867,Oman,United States,7.03
868,Philippines,Japan,20.2
869,Philippines,"Other Asia, nes",5.96
870,Philippines,"Korea, Rep.",7.27
871,Philippines,Singapore,5.79
872,Philippines,Netherlands,7.86
873,Philippines,United States,34.39
874,Papua New Guinea,Japan,12.28
875,Papua New Guinea,"Korea, Rep.",4.76
876,Papua New Guinea,Singapore,5.16
877,Papua New Guinea,Australia,45.84
878,Papua New Guinea,Pitcairn,7.26
879,Papua New Guinea,United States,9.49
880,Paraguay,Chile,3.95
881,Paraguay,"Korea, Rep.",8.88
882,Paraguay,Brazil,34.45
883,Paraguay,Argentina,15.06
884,Paraguay,"Other Asia, nes",8.0
885,Paraguay,Netherlands,23.78
886,Paraguay,United States,8.1
887,French Polynesia,Japan,4.09
888,French Polynesia,"Hong Kong, China",5.92
889,French Polynesia,France,45.78
890,French Polynesia,New Caledonia,3.8
891,French Polynesia,Australia,6.51
892,French Polynesia,New Zealand,5.89
893,French Polynesia,United States,12.29
894,Rwanda,Kenya,68.9
895,Rwanda,Burundi,2.43
896,Rwanda,United Arab Emirates,5.9
897,Rwanda,Belgium-Luxembourg,19.06
898,Rwanda,Tanzania,4.93
899,Rwanda,Switzerland,2.39
900,Rwanda,Uganda,4.44
901,Fm Sudan,United Kingdom,14.96
902,Fm Sudan,Japan,7.08
903,Fm Sudan,India,4.34
904,Fm Sudan,Saudi Arabia,24.11
905,Fm Sudan,China,13.04
906,Fm Sudan,"Egypt, Arab Rep.",7.49
907,Fm Sudan,Italy,7.29
908,Seychelles,United Kingdom,23.02
909,Seychelles,South Africa,12.99
910,Seychelles,Germany,19.44
911,Seychelles,France,9.26
912,Seychelles,Singapore,9.92
913,Seychelles,Yemen,21.19
914,Seychelles,Italy,12.95
915,Togo,"Other Asia, nes",12.54
916,Togo,Cote d'Ivoire,9.24
917,Togo,Philippines,9.74
918,Togo,France,27.92
919,Togo,Netherlands,6.37
920,Togo,Ghana,8.54
921,Togo,Benin,11.37
922,Togo,Italy,5.44
923,Togo,Spain,4.25
924,Togo,Canada,11.79
925,Turkmenistan,Germany,7.79
926,Turkmenistan,Switzerland,8.26
927,Turkmenistan,United Arab Emirates,5.38
928,Turkmenistan,Azerbaijan,7.17
929,Turkmenistan,Russian Federation,13.09
930,Turkmenistan,Turkey,18.94
931,Turkmenistan,"Iran, Islamic Rep.",24.3
932,Turkmenistan,United States,7.24
933,Turkmenistan,Ukraine,18.23
934,Tunisia,Germany,15.43
935,Tunisia,Belgium-Luxembourg,3.86
936,Tunisia,France,27.08
937,Tunisia,Libya,3.86
938,Tunisia,Italy,21.36
939,Tunisia,Spain,4.29
940,Tuvalu,Japan,8.59
941,Tuvalu,Fiji,33.41
942,Tuvalu,China,3.54
943,Tuvalu,Australia,36.13
944,Tuvalu,New Zealand,7.62
945,St. Vincent and the Grenadines,United Kingdom,42.22
946,St. Vincent and the Grenadines,Trinidad and Tobago,10.95
947,St. Vincent and the Grenadines,Barbados,4.31
948,St. Vincent and the Grenadines,St. Lucia,10.39
949,St. Vincent and the Grenadines,Italy,3.97
950,St. Vincent and the Grenadines,United States,39.96
951,St. Vincent and the Grenadines,Antigua and Barbuda,6.26
952, World,Germany,8.45
953, World,Japan,7.66
954, World,France,5.47
955, World,China,5.29
956, World,United Kingdom,5.66
957, World,United States,16.6
