,source,target,1999
0,Albania,Denmark,1.47
1,Albania,Germany,6.63
2,Albania,Greece,13.48
3,Albania,Italy,69.54
4,Albania,Turkey,5.07
5,Albania,Austria,1.73
6,Albania,United States,2.72
7,Denmark,Germany,18.6
8,Denmark,United Kingdom,8.81
9,Denmark,Sweden,11.09
10,Denmark,Norway,5.64
11,Denmark,France,5.75
12,Denmark,Netherlands,7.9
13,Germany,United Kingdom,8.26
14,Germany,France,10.19
15,Germany,Netherlands,6.44
16,Germany,Italy,7.37
17,Germany,United States,9.89
18,Greece,Germany,16.52
19,Greece,United Kingdom,6.71
20,Greece,France,8.86
21,Greece,Netherlands,6.45
22,Greece,Italy,13.84
23,Greece,United States,5.41
24,Italy,Germany,16.61
25,Italy,United Kingdom,7.17
26,Italy,France,12.55
27,Italy,Netherlands,6.18
28,Italy,Spain,6.41
29,Italy,United States,9.27
30,Turkey,Germany,20.59
31,Turkey,France,7.69
32,Turkey,United Kingdom,6.88
33,Turkey,Russian Federation,5.84
34,Turkey,Italy,6.33
35,Turkey,United States,9.17
36,Austria,Germany,35.73
37,Austria,Switzerland,5.92
38,Austria,France,5.25
39,Austria,Netherlands,3.32
40,Austria,United Kingdom,4.57
41,Austria,Italy,8.67
42,Austria,United States,5.38
43,United States,Germany,3.87
44,United States,Japan,12.73
45,United States,Canada,19.02
46,United States,Mexico,12.56
47,United States,China,8.29
48,United States,United Kingdom,5.53
49,Andorra,Germany,4.19
50,Andorra,Japan,3.42
51,Andorra,Switzerland,1.94
52,Andorra,France,29.64
53,Andorra,Russian Federation,1.4
54,Andorra,Spain,44.13
55,Andorra,Italy,4.14
56,Andorra,Belgium,1.24
57,Japan,"Other Asia, nes",6.89
58,Japan,"Hong Kong, China",5.27
59,Japan,China,5.59
60,Japan,"Korea, Rep.",5.17
61,Japan,Australia,4.13
62,Japan,United States,31.08
63,Switzerland,Germany,22.56
64,Switzerland,United Kingdom,5.47
65,Switzerland,France,12.01
66,Switzerland,Italy,7.95
67,Switzerland,United States,12.39
68,France,Germany,15.74
69,France,United Kingdom,10.32
70,France,Italy,9.13
71,France,Spain,7.1
72,France,United States,7.78
73,Russian Federation,Germany,8.31
74,Russian Federation,Belarus,8.0
75,Russian Federation,Italy,5.03
76,Russian Federation,United States,6.31
77,Russian Federation,Special Categories,25.07
78,Russian Federation,Ukraine,6.25
79,Spain,Germany,13.14
80,Spain,United Kingdom,8.35
81,Spain,France,17.89
82,Spain,Italy,9.0
83,Spain,Portugal,10.02
84,Spain,United States,5.5
85,Belgium,Germany,17.74
86,Belgium,United Kingdom,10.07
87,Belgium,France,13.74
88,Belgium,Netherlands,12.77
89,Belgium,Italy,5.58
90,Belgium,United States,7.53
91,United Arab Emirates,Germany,7.12
92,United Arab Emirates,United Kingdom,8.08
93,United Arab Emirates,Japan,9.46
94,United Arab Emirates,"Other Asia, nes",22.41
95,United Arab Emirates,India,7.66
96,United Arab Emirates,United States,2.23
97,United Arab Emirates,"Iran, Islamic Rep.",3.97
98,United Kingdom,Germany,11.16
99,United Kingdom,Japan,4.84
100,United Kingdom,France,8.73
101,United Kingdom,Netherlands,7.64
102,United Kingdom,Ireland,6.56
103,United Kingdom,United States,14.06
104,"Other Asia, nes",Germany,3.31
105,"Other Asia, nes",Japan,27.63
106,"Other Asia, nes","Hong Kong, China",21.68
107,"Other Asia, nes","Korea, Rep.",6.5
108,"Other Asia, nes",China,4.09
109,"Other Asia, nes",Netherlands,3.42
110,"Other Asia, nes",United States,25.42
111,India,United Kingdom,5.54
112,India,"Hong Kong, China",6.78
113,India,Germany,4.72
114,India,United Arab Emirates,5.65
115,India,Saudi Arabia,6.07
116,India,United States,22.85
117,India,Belgium,7.4
118,India,Nigeria,5.89
119,"Iran, Islamic Rep.",Germany,2.11
120,"Iran, Islamic Rep.",South Africa,5.71
121,"Iran, Islamic Rep.",United Arab Emirates,4.39
122,"Iran, Islamic Rep.",France,5.43
123,"Iran, Islamic Rep.",Italy,0.91
124,"Iran, Islamic Rep.",Turkey,0.99
125,Argentina,Germany,5.53
126,Argentina,Chile,8.01
127,Argentina,France,6.96
128,Argentina,Brazil,24.38
129,Argentina,Spain,4.12
130,Argentina,Italy,5.31
131,Argentina,Netherlands,4.38
132,Argentina,United States,11.37
133,Chile,Japan,4.55
134,Chile,Brazil,4.49
135,Chile,China,4.74
136,Chile,Argentina,4.65
137,Chile,United Kingdom,6.81
138,Chile,United States,18.0
139,Brazil,Germany,5.3
140,Brazil,Japan,5.23
141,Brazil,Argentina,11.17
142,Brazil,Italy,5.23
143,Brazil,Netherlands,5.4
144,Brazil,United States,22.64
145,Netherlands,Germany,24.44
146,Netherlands,United Kingdom,9.91
147,Netherlands,France,6.11
148,Netherlands,United States,9.92
149,Netherlands,Belgium,8.89
150,Netherlands,Special Categories,6.04
151,Armenia,United Kingdom,8.26
152,Armenia,Russian Federation,14.6
153,Armenia,Georgia,4.79
154,Armenia,"Iran, Islamic Rep.",14.74
155,Armenia,United States,6.91
156,Armenia,Belgium,10.5
157,Georgia,Germany,10.3
158,Georgia,Armenia,6.3
159,Georgia,Azerbaijan,8.05
160,Georgia,Russian Federation,18.73
161,Georgia,Turkey,15.84
162,Georgia,United States,11.9
163,Antigua and Barbuda,United Kingdom,6.94
164,Antigua and Barbuda,Japan,10.17
165,Antigua and Barbuda,Netherlands Antilles,5.49
166,Antigua and Barbuda,St. Kitts and Nevis,10.91
167,Antigua and Barbuda,Trinidad and Tobago,5.99
168,Antigua and Barbuda,Montserrat,13.02
169,Antigua and Barbuda,France,7.17
170,Antigua and Barbuda,United States,21.12
171,St. Kitts and Nevis,United Kingdom,23.99
172,St. Kitts and Nevis,Japan,4.4
173,St. Kitts and Nevis,Netherlands Antilles,0.97
174,St. Kitts and Nevis,Canada,5.59
175,St. Kitts and Nevis,Dominica,1.6
176,St. Kitts and Nevis,Trinidad and Tobago,10.59
177,St. Kitts and Nevis,United States,68.9
178,St. Kitts and Nevis,Antigua and Barbuda,0.8
179,Trinidad and Tobago,Japan,5.08
180,Trinidad and Tobago,Netherlands Antilles,3.56
181,Trinidad and Tobago,Canada,4.89
182,Trinidad and Tobago,Jamaica,8.75
183,Trinidad and Tobago,Barbados,5.37
184,Trinidad and Tobago,Venezuela,11.94
185,Trinidad and Tobago,France,4.58
186,Trinidad and Tobago,Colombia,5.17
187,Trinidad and Tobago,United States,41.35
188,Montserrat,United Kingdom,8.68
189,Montserrat,Japan,9.22
190,Montserrat,Netherlands Antilles,2.73
191,Montserrat,St. Kitts and Nevis,5.56
192,Montserrat,Dominica,25.56
193,Montserrat,Trinidad and Tobago,4.84
194,Montserrat,Barbados,2.58
195,Montserrat,United States,26.4
196,Montserrat,Antigua and Barbuda,31.38
197,Australia,Germany,5.63
198,Australia,United Kingdom,5.32
199,Australia,Japan,13.27
200,Australia,New Zealand,7.51
201,Australia,"Korea, Rep.",6.33
202,Australia,China,6.5
203,Australia,United States,8.32
204,New Zealand,Germany,4.11
205,New Zealand,Japan,12.37
206,New Zealand,"Korea, Rep.",4.2
207,New Zealand,China,5.27
208,New Zealand,Australia,24.09
209,New Zealand,United Kingdom,6.58
210,New Zealand,United States,13.64
211,"Korea, Rep.",Japan,20.16
212,"Korea, Rep.","Other Asia, nes",4.42
213,"Korea, Rep.","Hong Kong, China",6.3
214,"Korea, Rep.",China,9.52
215,"Korea, Rep.",Saudi Arabia,4.73
216,"Korea, Rep.",Australia,3.9
217,"Korea, Rep.",United States,20.6
218,China,Germany,3.99
219,China,Japan,20.38
220,China,"Hong Kong, China",18.91
221,China,"Korea, Rep.",10.4
222,China,"Other Asia, nes",11.78
223,China,United States,21.55
224,Azerbaijan,United Kingdom,6.47
225,Azerbaijan,Japan,5.36
226,Azerbaijan,Russian Federation,8.94
227,Azerbaijan,France,6.25
228,Azerbaijan,Italy,33.69
229,Azerbaijan,Turkey,7.43
230,Azerbaijan,Georgia,7.72
231,Azerbaijan,United States,8.01
232,Burundi,Zambia,5.23
233,Burundi,Switzerland,17.83
234,Burundi,France,4.76
235,Burundi,United Kingdom,14.34
236,Burundi,Saudi Arabia,13.09
237,Burundi,Italy,12.3
238,Burundi,Netherlands,9.6
239,Burundi,Belgium,14.97
240,Zambia,United Kingdom,39.94
241,Zambia,Japan,3.86
242,Zambia,South Africa,42.85
243,Zambia,Tanzania,2.53
244,Zambia,Switzerland,12.84
245,Zambia,"Congo, Rep.",3.79
246,Zambia,Zimbabwe,9.05
247,Zambia,Belgium,5.22
248,Saudi Arabia,Germany,7.28
249,Saudi Arabia,United Kingdom,8.05
250,Saudi Arabia,Japan,9.2
251,Saudi Arabia,"Other Asia, nes",36.88
252,Saudi Arabia,Monaco,5.63
253,Saudi Arabia,Italy,4.21
254,Saudi Arabia,United States,19.4
255,Benin,Nigeria,5.69
256,Benin,Cote d'Ivoire,5.39
257,Benin,Thailand,4.87
258,Benin,India,14.35
259,Benin,France,26.33
260,Benin,China,6.19
261,Benin,Indonesia,9.19
262,Benin,Netherlands,5.83
263,Benin,Brazil,18.18
264,Benin,United States,5.84
265,Nigeria,Germany,8.04
266,Nigeria,United Kingdom,10.97
267,Nigeria,India,17.72
268,Nigeria,France,6.84
269,Nigeria,Netherlands,6.64
270,Nigeria,Brazil,4.44
271,Nigeria,Spain,6.1
272,Nigeria,United States,33.93
273,Cote d'Ivoire,Japan,4.33
274,Cote d'Ivoire,France,25.93
275,Cote d'Ivoire,Brazil,7.71
276,Cote d'Ivoire,Italy,5.59
277,Cote d'Ivoire,Netherlands,13.09
278,Cote d'Ivoire,Mali,4.7
279,Cote d'Ivoire,United States,8.48
280,Cote d'Ivoire,Nigeria,13.68
281,Thailand,Japan,24.36
282,Thailand,"Hong Kong, China",5.09
283,Thailand,Singapore,5.93
284,Thailand,China,4.96
285,Thailand,Malaysia,4.99
286,Thailand,Netherlands,3.75
287,Thailand,United States,21.67
288,Indonesia,Germany,5.83
289,Indonesia,Japan,12.14
290,Indonesia,China,4.13
291,Indonesia,"Korea, Rep.",6.82
292,Indonesia,Singapore,10.52
293,Indonesia,Australia,6.08
294,Indonesia,United States,14.19
295,Burkina Faso,Germany,4.72
296,Burkina Faso,Japan,11.21
297,Burkina Faso,Cote d'Ivoire,19.97
298,Burkina Faso,Switzerland,25.25
299,Burkina Faso,France,23.07
300,Burkina Faso,United States,4.28
301,Burkina Faso,Belgium,7.17
302,Burkina Faso,Singapore,3.87
303,Singapore,Japan,16.65
304,Singapore,Thailand,4.72
305,Singapore,"Other Asia, nes",4.88
306,Singapore,"Hong Kong, China",7.68
307,Singapore,China,5.13
308,Singapore,Malaysia,16.55
309,Singapore,United States,19.23
310,Bulgaria,Germany,9.89
311,Bulgaria,Greece,8.63
312,Bulgaria,France,5.23
313,Bulgaria,Russian Federation,20.71
314,Bulgaria,Italy,14.13
315,Bulgaria,Turkey,7.28
316,Bulgaria,Ukraine,6.25
317,Ukraine,Germany,4.66
318,Ukraine,China,6.3
319,Ukraine,Turkmenistan,4.06
320,Ukraine,France,3.17
321,Ukraine,Russian Federation,20.59
322,Ukraine,Turkey,5.74
323,Ukraine,United States,3.34
324,"Bahamas, The",United Kingdom,3.32
325,"Bahamas, The",Japan,1.25
326,"Bahamas, The",Netherlands Antilles,2.13
327,"Bahamas, The",Canada,1.23
328,"Bahamas, The",Germany,2.53
329,"Bahamas, The",France,4.96
330,"Bahamas, The",Spain,2.79
331,"Bahamas, The",United States,79.54
332,Canada,United Kingdom,2.29
333,Canada,Japan,4.7
334,Canada,China,0.75
335,Canada,Germany,0.68
336,Canada,Mexico,2.98
337,Canada,United States,85.86
338,Belarus,Germany,3.65
339,Belarus,Poland,3.53
340,Belarus,Latvia,4.41
341,Belarus,Russian Federation,54.53
342,Belarus,Italy,2.52
343,Belarus,Ukraine,6.23
344,Poland,Germany,36.18
345,Poland,United Kingdom,4.02
346,Poland,France,6.84
347,Poland,Russian Federation,5.83
348,Poland,Italy,6.58
349,Poland,Netherlands,5.28
350,Latvia,Germany,16.87
351,Latvia,Sweden,10.68
352,Latvia,Lithuania,7.52
353,Latvia,Finland,9.1
354,Latvia,United Kingdom,16.43
355,Latvia,Russian Federation,6.58
356,Belize,United Kingdom,3.67
357,Belize,Mexico,2.99
358,Belize,Trinidad and Tobago,30.86
359,Belize,Suriname,5.08
360,Belize,Jamaica,3.16
361,Belize,St. Lucia,5.32
362,Belize,Bunkers,36.91
363,Belize,United States,21.22
364,Mexico,Germany,1.53
365,Mexico,Japan,3.58
366,Mexico,Canada,2.08
367,Mexico,"Korea, Rep.",1.96
368,Mexico,Spain,0.6
369,Mexico,United States,88.4
370,Suriname,Norway,27.21
371,Suriname,Japan,11.2
372,Suriname,Trinidad and Tobago,10.54
373,Suriname,Netherlands,17.52
374,Suriname,France,12.97
375,Suriname,United States,28.28
376,Jamaica,United Kingdom,12.74
377,Jamaica,Norway,6.89
378,Jamaica,Japan,6.17
379,Jamaica,Canada,3.32
380,Jamaica,Trinidad and Tobago,9.93
381,Jamaica,Netherlands,11.71
382,Jamaica,United States,37.34
383,St. Lucia,United Kingdom,59.79
384,St. Lucia,Japan,5.6
385,St. Lucia,Canada,3.29
386,St. Lucia,Trinidad and Tobago,3.67
387,St. Lucia,Barbados,7.4
388,St. Lucia,United States,13.54
389,St. Lucia,Antigua and Barbuda,3.1
390,Bolivia,Japan,8.55
391,Bolivia,Chile,7.07
392,Bolivia,Brazil,13.65
393,Bolivia,Uruguay,5.56
394,Bolivia,Argentina,5.48
395,Bolivia,Colombia,9.05
396,Bolivia,United Kingdom,12.84
397,Bolivia,United States,33.19
398,Uruguay,Germany,4.96
399,Uruguay,France,4.18
400,Uruguay,Brazil,24.89
401,Uruguay,Argentina,16.48
402,Uruguay,Venezuela,3.7
403,Uruguay,Paraguay,3.63
404,Uruguay,United States,6.87
405,Colombia,Germany,4.18
406,Colombia,Japan,4.95
407,Colombia,Mexico,4.37
408,Colombia,Peru,3.08
409,Colombia,Venezuela,8.15
410,Colombia,United States,50.08
411,Colombia,Ecuador,2.84
412,Barbados,United Kingdom,13.8
413,Barbados,Japan,7.85
414,Barbados,Canada,4.27
415,Barbados,Trinidad and Tobago,13.05
416,Barbados,Jamaica,7.48
417,Barbados,Bunkers,9.02
418,Barbados,United States,17.53
419,Bhutan,Japan,3.33
420,Bhutan,Thailand,3.1
421,Bhutan,Switzerland,1.26
422,Bhutan,India,94.44
423,Bhutan,Singapore,12.75
424,Bhutan,Nepal,0.51
425,Bhutan,United States,0.52
426,Bhutan,Bangladesh,4.2
427,Nepal,United Arab Emirates,4.36
428,Nepal,China,1.68
429,Nepal,India,35.59
430,Nepal,Germany,22.04
431,Nepal,Singapore,9.69
432,Nepal,"Hong Kong, China",2.86
433,Nepal,United States,26.68
434,Nepal,Bangladesh,3.47
435,Central African Republic,Japan,12.02
436,Central African Republic,Switzerland,6.09
437,Central African Republic,Cameroon,8.4
438,Central African Republic,France,36.04
439,Central African Republic,Belgium,54.06
440,Central African Republic,Chad,6.96
441,Cameroon,Germany,5.92
442,Cameroon,Japan,5.39
443,Cameroon,France,26.62
444,Cameroon,Belgium,5.18
445,Cameroon,Nigeria,12.74
446,"Hong Kong, China",Japan,11.63
447,"Hong Kong, China",China,33.26
448,"Hong Kong, China",Germany,3.91
449,"Hong Kong, China","Korea, Rep.",4.86
450,"Hong Kong, China",United Kingdom,4.18
451,"Hong Kong, China","Other Asia, nes",7.16
452,"Hong Kong, China",United States,23.75
453,Mali,Cote d'Ivoire,23.17
454,Mali,Switzerland,10.08
455,Mali,France,23.41
456,Mali,China,3.87
457,Mali,South Africa,31.28
458,Mali,Senegal,4.93
459,Mali,Belgium,4.4
460,Peru,Japan,6.98
461,Peru,Switzerland,9.43
462,Peru,Germany,4.14
463,Peru,Brazil,4.42
464,Peru,Venezuela,5.16
465,Peru,United Kingdom,9.35
466,Peru,Colombia,6.19
467,Peru,United States,29.09
468,Venezuela,Germany,4.53
469,Venezuela,Netherlands Antilles,7.07
470,Venezuela,Mexico,3.67
471,Venezuela,Colombia,3.93
472,Venezuela,Brazil,4.08
473,Venezuela,Italy,11.24
474,Venezuela,United States,55.96
475,Ecuador,Germany,4.17
476,Ecuador,Japan,4.71
477,Ecuador,Panama,4.93
478,Ecuador,"Korea, Rep.",4.8
479,Ecuador,Colombia,5.11
480,Ecuador,Venezuela,6.4
481,Ecuador,Italy,4.68
482,Ecuador,United States,38.38
483,Comoros,Kenya,3.82
484,Comoros,Japan,1.95
485,Comoros,South Africa,54.75
486,Comoros,United Arab Emirates,3.63
487,Comoros,Germany,13.62
488,Comoros,France,23.84
489,Comoros,Indonesia,4.18
490,Comoros,United States,29.93
491,Comoros,Singapore,9.68
492,Kenya,United Kingdom,14.71
493,Kenya,Japan,7.83
494,Kenya,South Africa,8.93
495,Kenya,United Arab Emirates,7.53
496,Kenya,Uganda,16.06
497,Kenya,Tanzania,9.87
498,Kenya,"Egypt, Arab Rep.",5.82
499,Kenya,Pakistan,7.85
500,Kenya,United States,6.77
501,South Africa,Germany,9.46
502,South Africa,United Kingdom,10.92
503,South Africa,Japan,7.78
504,South Africa,Saudi Arabia,4.09
505,South Africa,Netherlands,4.38
506,South Africa,United States,12.04
507,Cape Verde,Germany,3.41
508,Cape Verde,Japan,5.21
509,Cape Verde,Netherlands,8.51
510,Cape Verde,United Kingdom,3.46
511,Cape Verde,Brazil,3.2
512,Cape Verde,Bunkers,41.02
513,Cape Verde,Portugal,45.75
514,Cape Verde,Senegal,5.44
515,Cape Verde,United States,5.21
516,Portugal,Germany,19.75
517,Portugal,United Kingdom,12.04
518,Portugal,France,11.42
519,Portugal,Spain,25.26
520,Portugal,Italy,7.75
521,Portugal,United States,4.95
522,Senegal,Germany,4.29
523,Senegal,Thailand,5.22
524,Senegal,India,27.92
525,Senegal,France,30.16
526,Senegal,Bunkers,11.1
527,Senegal,Mauritania,5.19
528,Senegal,Italy,5.93
529,Senegal,Mali,9.05
530,Senegal,Nigeria,7.05
531,Costa Rica,Japan,5.02
532,Costa Rica,Guatemala,2.85
533,Costa Rica,Mexico,5.75
534,Costa Rica,Venezuela,4.15
535,Costa Rica,United Kingdom,6.15
536,Costa Rica,Nicaragua,2.84
537,Costa Rica,Netherlands,7.1
538,Costa Rica,United States,51.94
539,Guatemala,Japan,3.99
540,Guatemala,Mexico,10.95
541,Guatemala,El Salvador,5.64
542,Guatemala,Costa Rica,4.93
543,Guatemala,Venezuela,4.51
544,Guatemala,Nicaragua,4.22
545,Guatemala,Honduras,8.48
546,Guatemala,United States,34.31
547,Nicaragua,Germany,10.51
548,Nicaragua,El Salvador,5.79
549,Nicaragua,Costa Rica,12.05
550,Nicaragua,Guatemala,7.75
551,Nicaragua,Panama,7.06
552,Nicaragua,Honduras,6.78
553,Nicaragua,United States,36.29
554,Cuba,Canada,8.35
555,Cuba,Germany,4.85
556,Cuba,Mexico,8.09
557,Cuba,China,10.0
558,Cuba,Venezuela,10.29
559,Cuba,Russian Federation,20.24
560,Cuba,Spain,16.7
561,Cuba,Netherlands,6.22
562,Cyprus,Germany,6.86
563,Cyprus,United Kingdom,16.07
564,Cyprus,Greece,8.99
565,Cyprus,Lebanon,4.87
566,Cyprus,Russian Federation,6.51
567,Cyprus,Italy,8.96
568,Cyprus,United States,10.78
569,Lebanon,Germany,8.9
570,Lebanon,Switzerland,6.59
571,Lebanon,France,9.59
572,Lebanon,Saudi Arabia,10.48
573,Lebanon,United Arab Emirates,7.96
574,Lebanon,Italy,10.94
575,Lebanon,United States,6.2
576,Czech Republic,Germany,42.07
577,Czech Republic,France,5.34
578,Czech Republic,Slovak Republic,8.24
579,Czech Republic,Poland,5.48
580,Czech Republic,Italy,5.31
581,Czech Republic,Austria,5.6
582,Slovak Republic,Germany,27.67
583,Slovak Republic,Czech Republic,16.68
584,Slovak Republic,Poland,5.35
585,Slovak Republic,Russian Federation,11.95
586,Slovak Republic,Italy,8.85
587,Slovak Republic,Austria,4.83
588,Dominica,United Kingdom,27.86
589,Dominica,Japan,7.19
590,Dominica,Trinidad and Tobago,13.76
591,Dominica,Jamaica,24.15
592,Dominica,Barbados,3.96
593,Dominica,France,6.8
594,Dominica,United States,6.36
595,Dominica,Antigua and Barbuda,7.27
596,Sweden,Denmark,6.3
597,Sweden,Germany,10.59
598,Sweden,United Kingdom,8.97
599,Sweden,Norway,8.37
600,Sweden,Netherlands,7.38
601,Sweden,United States,7.45
602,Norway,Germany,10.04
603,Norway,United Kingdom,18.16
604,Norway,Sweden,9.36
605,Norway,Denmark,6.83
606,Norway,France,8.34
607,Norway,Netherlands,10.55
608,Norway,United States,7.96
609,Algeria,Germany,7.41
610,Algeria,France,22.77
611,Algeria,Italy,23.49
612,Algeria,Spain,5.54
613,Algeria,Netherlands,8.15
614,Algeria,United States,14.01
615,Panama,Ecuador,5.27
616,Panama,Japan,7.23
617,Panama,Germany,10.74
618,Panama,Mexico,4.9
619,Panama,Costa Rica,5.29
620,Panama,Italy,4.1
621,Panama,Free Zones,13.12
622,Panama,United States,44.7
623,Panama,Belgium,4.42
624,"Egypt, Arab Rep.",Germany,8.66
625,"Egypt, Arab Rep.",France,4.93
626,"Egypt, Arab Rep.",Italy,10.07
627,"Egypt, Arab Rep.",Bunkers,10.26
628,"Egypt, Arab Rep.",Free Zones,4.56
629,"Egypt, Arab Rep.",Netherlands,7.12
630,"Egypt, Arab Rep.",Israel,5.34
631,"Egypt, Arab Rep.",United States,12.44
632,Israel,Germany,4.52
633,Israel,United Kingdom,5.53
634,Israel,United States,35.48
635,Israel,Belgium,11.28
636,Estonia,Germany,7.36
637,Estonia,Sweden,18.59
638,Estonia,Japan,4.73
639,Estonia,Finland,19.09
640,Estonia,Latvia,8.67
641,Estonia,Russian Federation,9.2
642,Finland,Germany,12.65
643,Finland,United Kingdom,8.91
644,Finland,Sweden,9.73
645,Finland,Russian Federation,7.14
646,Finland,France,5.12
647,Finland,United States,7.8
648,Ethiopia(excludes Eritrea),Germany,17.14
649,Ethiopia(excludes Eritrea),Japan,9.51
650,Ethiopia(excludes Eritrea),Saudi Arabia,11.49
651,Ethiopia(excludes Eritrea),Italy,6.7
652,Ethiopia(excludes Eritrea),Yemen,8.07
653,Ethiopia(excludes Eritrea),Djibouti,10.96
654,Ethiopia(excludes Eritrea),United States,6.53
655,Faeroe Islands,Denmark,32.18
656,Faeroe Islands,Germany,6.76
657,Faeroe Islands,United Kingdom,21.05
658,Faeroe Islands,Norway,26.13
659,Faeroe Islands,France,9.34
660,Faeroe Islands,Spain,6.7
661,Faeroe Islands,Sweden,4.51
662,Gabon,Germany,3.94
663,Gabon,Japan,5.21
664,Gabon,China,7.74
665,Gabon,Switzerland,3.15
666,Gabon,France,46.56
667,Gabon,"Korea, Rep.",2.42
668,Gabon,Italy,4.34
669,Gabon,United States,59.05
670,Ireland,Germany,11.94
671,Ireland,United Kingdom,21.94
672,Ireland,Japan,5.74
673,Ireland,France,4.11
674,Ireland,Netherlands,6.21
675,Ireland,United States,15.44
676,Ghana,Germany,7.41
677,Ghana,United Kingdom,22.68
678,Ghana,Burkina Faso,4.91
679,Ghana,Netherlands,14.11
680,Ghana,Italy,6.39
681,Ghana,United States,5.45
682,Ghana,Nigeria,8.01
683,Guinea,Japan,8.28
684,Guinea,Cote d'Ivoire,7.55
685,Guinea,France,21.35
686,Guinea,China,5.98
687,Guinea,Russian Federation,4.26
688,Guinea,Spain,18.53
689,Guinea,Ireland,34.16
690,Guinea,United States,5.6
691,Guinea,Belgium,7.6
692,"Gambia, The",Germany,13.91
693,"Gambia, The",United Kingdom,11.45
694,"Gambia, The",France,6.64
695,"Gambia, The",Brazil,6.18
696,"Gambia, The",China,6.43
697,"Gambia, The",Spain,4.59
698,"Gambia, The",Senegal,39.63
699,"Gambia, The",Belgium,15.8
700,"Gambia, The",Guinea-Bissau,8.77
701,Grenada,United Kingdom,7.96
702,Grenada,Japan,5.45
703,Grenada,Canada,3.49
704,Grenada,Germany,11.08
705,Grenada,Trinidad and Tobago,21.33
706,Grenada,St. Lucia,6.76
707,Grenada,France,5.57
708,Grenada,Netherlands,19.81
709,Grenada,United States,18.79
710,Greenland,Denmark,83.65
711,Greenland,Japan,3.22
712,Greenland,Thailand,1.89
713,Greenland,France,4.52
714,Greenland,Norway,5.46
715,Greenland,United States,1.72
716,Greenland,Cyprus,2.3
717,El Salvador,Japan,4.05
718,El Salvador,Guatemala,23.39
719,El Salvador,Germany,8.99
720,El Salvador,Mexico,8.45
721,El Salvador,Costa Rica,3.72
722,El Salvador,Honduras,14.74
723,El Salvador,United States,21.29
724,Honduras,Guatemala,7.88
725,Honduras,Germany,3.05
726,Honduras,Mexico,5.27
727,Honduras,El Salvador,6.21
728,Honduras,Spain,2.42
729,Honduras,Panama,4.09
730,Honduras,United States,56.67
731,Guyana,United Kingdom,23.7
732,Guyana,Japan,4.66
733,Guyana,Trinidad and Tobago,13.43
734,Guyana,Jamaica,4.11
735,Guyana,Venezuela,13.62
736,Guyana,Portugal,5.63
737,Guyana,United States,26.95
738,Guyana,Canada,19.73
739,Croatia,Germany,15.73
740,Croatia,Bosnia and Herzegovina,12.78
741,Croatia,Slovenia,7.92
742,Croatia,Russian Federation,8.59
743,Croatia,Italy,18.05
744,Croatia,Austria,7.06
745,Slovenia,Germany,30.74
746,Slovenia,Croatia,4.4
747,Slovenia,France,10.91
748,Slovenia,Italy,13.76
749,Slovenia,Austria,7.95
750,Hungary,Germany,38.38
751,Hungary,France,4.69
752,Hungary,Russian Federation,5.82
753,Hungary,Italy,5.9
754,Hungary,Netherlands,5.18
755,Hungary,Austria,8.94
756,Hungary,United States,5.19
757,Iceland,Germany,13.08
758,Iceland,United Kingdom,19.65
759,Iceland,Denmark,8.12
760,Iceland,Norway,10.4
761,Iceland,France,5.18
762,Iceland,Netherlands,6.01
763,Iceland,United States,15.05
764,Jordan,Germany,9.7
765,Jordan,Japan,6.35
766,Jordan,India,14.01
767,Jordan,"Korea, Rep.",4.38
768,Jordan,Iraq,6.36
769,Jordan,Saudi Arabia,8.07
770,Jordan,United States,9.73
771,Jordan,Free Zones,10.1
772,Kazakhstan,Germany,7.68
773,Kazakhstan,United Kingdom,6.17
774,Kazakhstan,Japan,3.25
775,Kazakhstan,China,8.15
776,Kazakhstan,Bermuda,15.81
777,Kazakhstan,Russian Federation,19.52
778,Kazakhstan,Italy,7.3
779,Kazakhstan,United States,9.43
780,Kazakhstan,British Virgin Islands,6.97
781,Uganda,United Kingdom,17.99
782,Uganda,Kenya,6.36
783,Uganda,Japan,8.09
784,Uganda,South Africa,5.61
785,Uganda,Switzerland,4.81
786,Uganda,India,6.44
787,Uganda,Singapore,4.91
788,Tanzania,United Kingdom,10.33
789,Tanzania,Kenya,6.69
790,Tanzania,Japan,8.23
791,Tanzania,South Africa,9.0
792,Tanzania,India,18.59
793,Tanzania,Germany,7.88
794,Tanzania,Netherlands,7.33
795,Kiribati,Denmark,8.13
796,Kiribati,Japan,14.86
797,Kiribati,Marshall Islands,12.53
798,Kiribati,"Hong Kong, China",3.37
799,Kiribati,Fiji,18.83
800,Kiribati,China,4.45
801,Kiribati,Australia,44.17
802,Kiribati,United States,16.96
803,Kiribati,Bangladesh,51.39
804,Sri Lanka,Japan,10.46
805,Sri Lanka,Germany,4.77
806,Sri Lanka,"Korea, Rep.",7.21
807,Sri Lanka,India,9.54
808,Sri Lanka,Singapore,8.33
809,Sri Lanka,United Kingdom,13.44
810,Sri Lanka,"Hong Kong, China",8.56
811,Sri Lanka,United States,39.94
812,Sri Lanka,Belgium,3.04
813,Lithuania,Denmark,6.2
814,Lithuania,Germany,16.04
815,Lithuania,Poland,6.99
816,Lithuania,Belarus,5.91
817,Lithuania,Latvia,4.59
818,Lithuania,Russian Federation,7.01
819,Luxembourg,Germany,24.25
820,Luxembourg,France,11.82
821,Luxembourg,Netherlands,4.82
822,Luxembourg,United Kingdom,8.41
823,Luxembourg,Italy,5.28
824,Luxembourg,United States,11.11
825,Luxembourg,Belgium,33.95
826,Macao,Germany,8.8
827,Macao,Japan,6.65
828,Macao,"Hong Kong, China",18.07
829,Macao,China,9.19
830,Macao,United Kingdom,7.41
831,Macao,"Other Asia, nes",9.51
832,Macao,United States,46.92
833,Morocco,Germany,5.69
834,Morocco,United Kingdom,8.87
835,Morocco,France,25.75
836,Morocco,Italy,5.06
837,Morocco,Spain,11.11
838,Morocco,United States,6.54
839,Moldova,Germany,7.21
840,Moldova,Romania,13.88
841,Moldova,Russian Federation,41.19
842,Moldova,Italy,5.52
843,Moldova,Ukraine,13.49
844,Romania,Germany,17.76
845,Romania,United Kingdom,4.86
846,Romania,France,6.73
847,Romania,Russian Federation,6.76
848,Romania,Italy,23.41
849,Romania,Turkey,5.52
850,Madagascar,Germany,6.41
851,Madagascar,France,20.7
852,Madagascar,China,6.68
853,Madagascar,Free Zones,10.88
854,Madagascar,"Iran, Islamic Rep.",12.45
855,Madagascar,United States,5.39
856,Madagascar,Bahrain,8.71
857,Madagascar,Singapore,7.49
858,Maldives,United Arab Emirates,10.15
859,Maldives,Thailand,17.05
860,Maldives,Germany,9.34
861,Maldives,Sri Lanka,19.27
862,Maldives,India,9.85
863,Maldives,Singapore,27.62
864,Maldives,Malaysia,6.61
865,Maldives,United Kingdom,7.2
866,Maldives,United States,35.41
867,Malaysia,Japan,20.99
868,Malaysia,"Other Asia, nes",4.55
869,Malaysia,"Korea, Rep.",5.26
870,Malaysia,Singapore,14.11
871,Malaysia,Netherlands,5.05
872,Malaysia,United States,21.93
873,North Macedonia,Germany,21.35
874,North Macedonia,Greece,7.21
875,North Macedonia,Slovenia,8.82
876,North Macedonia,"Serbia, FR(Serbia/Montenegro)",21.36
877,North Macedonia,Italy,6.52
878,North Macedonia,United States,11.42
879,North Macedonia,Ukraine,6.46
880,"Serbia, FR(Serbia/Montenegro)",Germany,11.13
881,"Serbia, FR(Serbia/Montenegro)",Bulgaria,4.53
882,"Serbia, FR(Serbia/Montenegro)",Bosnia and Herzegovina,20.21
883,"Serbia, FR(Serbia/Montenegro)",Switzerland,7.15
884,"Serbia, FR(Serbia/Montenegro)",North Macedonia,11.68
885,"Serbia, FR(Serbia/Montenegro)",Russian Federation,8.31
886,"Serbia, FR(Serbia/Montenegro)",Italy,10.5
887,Malta,Germany,12.56
888,Malta,United Kingdom,9.25
889,Malta,France,19.11
890,Malta,Singapore,9.51
891,Malta,Italy,16.72
892,Malta,United States,21.33
893,Mongolia,Japan,22.41
894,Mongolia,China,57.08
895,Mongolia,"Korea, Rep.",6.93
896,Mongolia,United Kingdom,3.78
897,Mongolia,Russian Federation,13.46
898,Mongolia,Italy,4.08
899,Mongolia,United States,12.93
900,Mauritius,Japan,5.95
901,Mauritius,South Africa,11.0
902,Mauritius,Germany,4.4
903,Mauritius,France,14.95
904,Mauritius,India,8.27
905,Mauritius,China,5.64
906,Mauritius,Madagascar,4.61
907,Mauritius,United Kingdom,33.42
908,Mauritius,United States,17.8
909,Malawi,Germany,15.65
910,Malawi,United Kingdom,9.28
911,Malawi,Japan,4.51
912,Malawi,South Africa,33.62
913,Malawi,Zimbabwe,10.41
914,Malawi,United States,13.46
915,New Caledonia,Japan,4.47
916,New Caledonia,"Other Asia, nes",10.64
917,New Caledonia,France,39.67
918,New Caledonia,"Korea, Rep.",8.9
919,New Caledonia,Australia,13.36
920,New Caledonia,New Zealand,4.95
921,New Caledonia,United States,6.1
922,Niger,Japan,5.58
923,Niger,Nigeria,6.9
924,Niger,Cote d'Ivoire,15.68
925,Niger,France,19.54
926,Niger,China,7.0
927,Niger,Algeria,5.92
928,Oman,Germany,3.94
929,Oman,United Kingdom,6.84
930,Oman,Japan,15.23
931,Oman,United Arab Emirates,9.93
932,Oman,Thailand,15.86
933,Oman,China,9.53
934,Oman,"Korea, Rep.",13.56
935,Oman,United States,6.42
936,Philippines,Japan,20.03
937,Philippines,"Other Asia, nes",8.54
938,Philippines,"Korea, Rep.",8.65
939,Philippines,Singapore,5.67
940,Philippines,Netherlands,8.18
941,Philippines,United States,29.95
942,Paraguay,Japan,6.14
943,Paraguay,Brazil,31.72
944,Paraguay,Argentina,7.19
945,Paraguay,United Kingdom,12.88
946,Paraguay,"Other Asia, nes",7.69
947,Paraguay,Netherlands,18.51
948,Paraguay,United States,7.85
949,French Polynesia,Japan,4.55
950,French Polynesia,"Hong Kong, China",12.85
951,French Polynesia,France,38.09
952,French Polynesia,New Caledonia,4.78
953,French Polynesia,Australia,6.43
954,French Polynesia,New Zealand,7.39
955,French Polynesia,United States,10.06
956,Rwanda,Kenya,59.21
957,Rwanda,Japan,4.82
958,Rwanda,United Arab Emirates,7.18
959,Rwanda,Tanzania,5.69
960,Rwanda,Switzerland,2.76
961,Rwanda,Germany,7.02
962,Rwanda,Belgium,21.26
963,Fm Sudan,United Kingdom,12.62
964,Fm Sudan,United Arab Emirates,5.34
965,Fm Sudan,Saudi Arabia,28.58
966,Fm Sudan,China,6.9
967,Fm Sudan,"Egypt, Arab Rep.",7.12
968,Fm Sudan,Japan,5.17
969,Sao Tome and Principe,Japan,44.7
970,Sao Tome and Principe,Angola,3.08
971,Sao Tome and Principe,France,3.24
972,Sao Tome and Principe,Gabon,0.23
973,Sao Tome and Principe,Portugal,28.66
974,Sao Tome and Principe,Netherlands,82.38
975,Sao Tome and Principe,Belgium,8.58
976,Seychelles,South Africa,10.77
977,Seychelles,Germany,5.31
978,Seychelles,France,10.12
979,Seychelles,Finland,10.29
980,Seychelles,Saudi Arabia,21.43
981,Seychelles,United Kingdom,37.95
982,Seychelles,Italy,15.95
983,Turks and Caicos Isl.,Guyana,0.61
984,Turks and Caicos Isl.,"Bahamas, The",0.84
985,Turks and Caicos Isl.,Venezuela,0.13
986,Turks and Caicos Isl.,Haiti,0.04
987,Turks and Caicos Isl.,United States,99.24
988,Turks and Caicos Isl.,Dominican Republic,0.24
989,Turks and Caicos Isl.,Trinidad and Tobago,0.16
990,Togo,South Africa,4.3
991,Togo,"Other Asia, nes",5.67
992,Togo,Cote d'Ivoire,11.59
993,Togo,Switzerland,6.24
994,Togo,France,17.52
995,Togo,Benin,16.58
996,Togo,Ghana,10.91
997,Togo,Canada,5.1
998,Turkmenistan,United Arab Emirates,10.09
999,Turkmenistan,Switzerland,5.58
1000,Turkmenistan,Russian Federation,11.31
1001,Turkmenistan,Italy,9.48
1002,Turkmenistan,Turkey,10.81
1003,Turkmenistan,"Iran, Islamic Rep.",13.73
1004,Turkmenistan,Ukraine,12.31
1005,Tunisia,Germany,13.99
1006,Tunisia,France,26.76
1007,Tunisia,Italy,22.61
1008,Tunisia,Spain,4.03
1009,Tunisia,United States,4.31
1010,Tunisia,Belgium,5.76
1011,Tuvalu,Japan,6.08
1012,Tuvalu,Fiji,32.17
1013,Tuvalu,China,1.94
1014,Tuvalu,Australia,38.23
1015,Tuvalu,New Zealand,11.3
1016,St. Vincent and the Grenadines,United Kingdom,40.32
1017,St. Vincent and the Grenadines,Japan,4.57
1018,St. Vincent and the Grenadines,Trinidad and Tobago,10.23
1019,St. Vincent and the Grenadines,Barbados,3.79
1020,St. Vincent and the Grenadines,St. Lucia,8.74
1021,St. Vincent and the Grenadines,United States,38.35
1022,St. Vincent and the Grenadines,Antigua and Barbuda,6.65
1023, World,Germany,7.99
1024, World,Japan,7.85
1025, World,France,5.19
1026, World,China,5.67
1027, World,United Kingdom,5.62
1028, World,United States,17.84
