,source,target,2000
0,Aruba,United Kingdom,5.09
1,Aruba,Panama,17.22
2,Aruba,Netherlands Antilles,3.55
3,Aruba,Netherlands,27.53
4,Aruba,Colombia,31.01
5,Aruba,Venezuela,3.29
6,Aruba,United States,5.76
7,United Kingdom,Germany,11.8
8,United Kingdom,Japan,5.52
9,United Kingdom,France,7.47
10,United Kingdom,Netherlands,7.74
11,United Kingdom,Ireland,6.62
12,United Kingdom,United States,15.42
13,Panama,Ecuador,7.17
14,Panama,Sweden,8.52
15,Panama,Japan,5.51
16,Panama,Costa Rica,5.03
17,Panama,Venezuela,6.58
18,Panama,Italy,3.28
19,Panama,United States,45.4
20,Panama,Belgium,5.23
21,Netherlands,Germany,25.73
22,Netherlands,United Kingdom,10.81
23,Netherlands,France,5.7
24,Netherlands,Italy,5.91
25,Netherlands,United States,10.21
26,Netherlands,Belgium,9.25
27,Colombia,Japan,4.62
28,Colombia,Germany,3.3
29,Colombia,Mexico,4.67
30,Colombia,Brazil,4.34
31,Colombia,Peru,2.83
32,Colombia,Venezuela,8.04
33,Colombia,United States,50.4
34,Colombia,Ecuador,3.55
35,Venezuela,Netherlands Antilles,5.61
36,Venezuela,Mexico,4.3
37,Venezuela,Brazil,3.65
38,Venezuela,Italy,4.39
39,Venezuela,Colombia,7.43
40,Venezuela,United States,59.59
41,Venezuela,Dominican Republic,2.78
42,United States,Germany,3.77
43,United States,Japan,12.03
44,United States,Canada,18.95
45,United States,Mexico,14.24
46,United States,China,8.21
47,United States,United Kingdom,5.32
48,Anguila,Guyana,5.42
49,Anguila,Japan,4.04
50,Anguila,Netherlands Antilles,6.7
51,Anguila,Trinidad and Tobago,7.72
52,Anguila,Finland,3.85
53,Anguila,France,5.06
54,Anguila,United States,69.28
55,Anguila,Canada,7.41
56,Guyana,United Kingdom,19.03
57,Guyana,Japan,3.77
58,Guyana,Trinidad and Tobago,4.35
59,Guyana,Jamaica,5.38
60,Guyana,Venezuela,15.67
61,Guyana,United States,31.31
62,Guyana,Canada,21.9
63,Japan,"Other Asia, nes",7.5
64,Japan,"Hong Kong, China",5.67
65,Japan,China,6.34
66,Japan,"Korea, Rep.",5.39
67,Japan,United States,29.73
68,Japan,Indonesia,4.31
69,Trinidad and Tobago,Gabon,3.75
70,Trinidad and Tobago,United Kingdom,3.58
71,Trinidad and Tobago,Jamaica,7.82
72,Trinidad and Tobago,Barbados,4.82
73,Trinidad and Tobago,Venezuela,18.4
74,Trinidad and Tobago,France,3.73
75,Trinidad and Tobago,Spain,2.96
76,Trinidad and Tobago,Colombia,7.94
77,Trinidad and Tobago,United States,46.59
78,Finland,Germany,12.21
79,Finland,United Kingdom,8.92
80,Finland,Sweden,9.1
81,Finland,Russian Federation,9.34
82,Finland,France,5.03
83,Finland,United States,7.37
84,France,Germany,15.05
85,France,United Kingdom,9.84
86,France,Italy,8.91
87,France,Spain,6.79
88,France,United States,8.78
89,Canada,United Kingdom,1.39
90,Canada,Japan,4.66
91,Canada,China,0.88
92,Canada,Germany,0.76
93,Canada,Mexico,3.39
94,Canada,United States,87.13
95,Albania,Denmark,1.03
96,Albania,Germany,6.56
97,Albania,Bulgaria,2.38
98,Albania,Greece,12.74
99,Albania,"Serbia, FR(Serbia/Montenegro)",2.73
100,Albania,Italy,70.61
101,Albania,Turkey,5.35
102,Denmark,Germany,16.81
103,Denmark,United Kingdom,9.01
104,Denmark,Sweden,12.49
105,Denmark,Norway,5.44
106,Denmark,France,5.13
107,Denmark,Netherlands,7.46
108,Germany,United Kingdom,8.33
109,Germany,France,9.57
110,Germany,Netherlands,6.46
111,Germany,Italy,7.59
112,Germany,United States,10.26
113,Bulgaria,Germany,9.02
114,Bulgaria,Greece,7.8
115,Bulgaria,France,4.86
116,Bulgaria,"Serbia, FR(Serbia/Montenegro)",7.8
117,Bulgaria,Russian Federation,24.36
118,Bulgaria,Italy,14.19
119,Bulgaria,Turkey,10.26
120,Greece,Germany,12.27
121,Greece,United Kingdom,6.31
122,Greece,France,7.22
123,Greece,Netherlands,5.82
124,Greece,Italy,9.21
125,Greece,United States,5.82
126,Greece,Turkey,5.02
127,"Serbia, FR(Serbia/Montenegro)",Germany,10.37
128,"Serbia, FR(Serbia/Montenegro)",Bulgaria,8.72
129,"Serbia, FR(Serbia/Montenegro)",Bosnia and Herzegovina,14.86
130,"Serbia, FR(Serbia/Montenegro)",Switzerland,6.38
131,"Serbia, FR(Serbia/Montenegro)",North Macedonia,12.25
132,"Serbia, FR(Serbia/Montenegro)",Russian Federation,8.6
133,"Serbia, FR(Serbia/Montenegro)",Italy,13.01
134,Italy,Germany,15.22
135,Italy,United Kingdom,6.94
136,Italy,France,11.7
137,Italy,Netherlands,5.9
138,Italy,Spain,6.26
139,Italy,United States,10.29
140,Turkey,Germany,18.65
141,Turkey,France,6.48
142,Turkey,United Kingdom,7.33
143,Turkey,Russian Federation,7.13
144,Turkey,Italy,6.44
145,Turkey,United States,11.29
146,Andorra,Germany,1.55
147,Andorra,Japan,3.11
148,Andorra,"Hong Kong, China",2.33
149,Andorra,Greece,1.68
150,Andorra,France,26.68
151,Andorra,Spain,48.42
152,Andorra,Italy,4.09
153,"Hong Kong, China",Japan,11.95
154,"Hong Kong, China",China,34.46
155,"Hong Kong, China",Germany,3.79
156,"Hong Kong, China","Korea, Rep.",4.98
157,"Hong Kong, China",United Kingdom,4.11
158,"Hong Kong, China","Other Asia, nes",7.45
159,"Hong Kong, China",United States,23.18
160,Spain,Germany,12.34
161,Spain,United Kingdom,8.21
162,Spain,France,17.11
163,Spain,Italy,8.74
164,Spain,Portugal,9.55
165,Spain,United States,5.17
166,United Arab Emirates,United Kingdom,8.08
167,United Arab Emirates,Japan,9.05
168,United Arab Emirates,France,7.01
169,United Arab Emirates,Saudi Arabia,1.03
170,United Arab Emirates,China,7.58
171,United Arab Emirates,Oman,2.61
172,United Arab Emirates,United States,1.02
173,United Arab Emirates,"Iran, Islamic Rep.",3.59
174,Saudi Arabia,Germany,8.22
175,Saudi Arabia,United Kingdom,6.35
176,Saudi Arabia,Japan,10.94
177,Saudi Arabia,"Other Asia, nes",45.23
178,Saudi Arabia,United Arab Emirates,1.07
179,Saudi Arabia,Kuwait,0.56
180,Saudi Arabia,Italy,4.1
181,Saudi Arabia,United States,0.82
182,China,Germany,3.72
183,China,Japan,18.44
184,China,"Hong Kong, China",17.86
185,China,"Korea, Rep.",10.31
186,China,"Other Asia, nes",11.33
187,China,United States,20.93
188,Oman,Germany,3.72
189,Oman,United Kingdom,5.82
190,Oman,Japan,18.11
191,Oman,United Arab Emirates,29.46
192,Oman,Thailand,8.4
193,Oman,China,27.08
194,Oman,"Korea, Rep.",13.25
195,Oman,United States,5.37
196,"Iran, Islamic Rep.",Germany,10.21
197,"Iran, Islamic Rep.",United Arab Emirates,7.4
198,"Iran, Islamic Rep.","Other Asia, nes",24.08
199,"Iran, Islamic Rep.","Korea, Rep.",5.33
200,"Iran, Islamic Rep.",Japan,17.53
201,"Iran, Islamic Rep.",Russian Federation,5.9
202,"Iran, Islamic Rep.",France,3.77
203,"Iran, Islamic Rep.",Italy,8.03
204,Argentina,Germany,4.99
205,Argentina,Chile,10.15
206,Argentina,Brazil,26.54
207,Argentina,China,4.58
208,Argentina,Uruguay,3.13
209,Argentina,Spain,3.48
210,Argentina,Italy,4.01
211,Argentina,United States,11.95
212,Chile,Japan,4.22
213,Chile,China,4.95
214,Chile,Brazil,5.32
215,Chile,United Kingdom,5.85
216,Chile,Argentina,17.25
217,Chile,United States,16.51
218,Brazil,Germany,4.59
219,Brazil,Japan,5.19
220,Brazil,Argentina,11.33
221,Brazil,Italy,3.78
222,Brazil,Netherlands,5.08
223,Brazil,United States,24.29
224,Uruguay,China,3.97
225,Uruguay,Germany,3.92
226,Uruguay,France,4.2
227,Uruguay,Brazil,23.09
228,Uruguay,Argentina,17.89
229,Uruguay,Venezuela,4.32
230,Uruguay,United States,8.35
231,Armenia,United Kingdom,7.08
232,Armenia,Switzerland,6.86
233,Armenia,Russian Federation,13.86
234,Armenia,"Iran, Islamic Rep.",10.21
235,Armenia,United States,12.59
236,Armenia,Belgium,10.03
237,Switzerland,Germany,18.93
238,Switzerland,United Kingdom,4.95
239,Switzerland,France,9.07
240,Switzerland,Italy,9.88
241,Switzerland,United States,11.5
242,Russian Federation,Germany,8.95
243,Russian Federation,China,5.09
244,Russian Federation,Belarus,10.95
245,Russian Federation,Kazakhstan,6.49
246,Russian Federation,Italy,7.04
247,Russian Federation,United States,7.98
248,Russian Federation,Ukraine,10.78
249,Belgium,Germany,16.94
250,Belgium,United Kingdom,9.92
251,Belgium,France,12.67
252,Belgium,Netherlands,12.63
253,Belgium,United States,5.83
254,Antigua and Barbuda,United Kingdom,19.76
255,Antigua and Barbuda,Netherlands Antilles,11.96
256,Antigua and Barbuda,Canada,3.72
257,Antigua and Barbuda,St. Vincent and the Grenadines,13.93
258,Antigua and Barbuda,St. Kitts and Nevis,7.1
259,Antigua and Barbuda,Trinidad and Tobago,6.41
260,Antigua and Barbuda,United States,19.21
261,St. Vincent and the Grenadines,United Kingdom,37.37
262,St. Vincent and the Grenadines,Japan,3.7
263,St. Vincent and the Grenadines,Trinidad and Tobago,9.56
264,St. Vincent and the Grenadines,Barbados,4.5
265,St. Vincent and the Grenadines,St. Lucia,7.8
266,St. Vincent and the Grenadines,Spain,6.67
267,St. Vincent and the Grenadines,United States,38.25
268,St. Kitts and Nevis,United Kingdom,20.82
269,St. Kitts and Nevis,Japan,3.73
270,St. Kitts and Nevis,Canada,7.65
271,St. Kitts and Nevis,Trinidad and Tobago,2.63
272,St. Kitts and Nevis,St. Lucia,2.03
273,St. Kitts and Nevis,United States,66.28
274,St. Kitts and Nevis,British Virgin Islands,1.49
275,Australia,Germany,5.01
276,Australia,United Kingdom,5.83
277,Australia,Japan,13.16
278,Australia,China,5.45
279,Australia,New Zealand,5.96
280,Australia,"Korea, Rep.",8.2
281,Australia,United States,9.95
282,New Zealand,Germany,4.25
283,New Zealand,Japan,11.21
284,New Zealand,"Korea, Rep.",4.5
285,New Zealand,China,6.26
286,New Zealand,Australia,22.14
287,New Zealand,United Kingdom,5.2
288,New Zealand,United States,14.52
289,"Korea, Rep.",Japan,19.83
290,"Korea, Rep.","Other Asia, nes",4.66
291,"Korea, Rep.","Hong Kong, China",6.22
292,"Korea, Rep.",China,10.71
293,"Korea, Rep.",Saudi Arabia,6.08
294,"Korea, Rep.",Australia,3.71
295,"Korea, Rep.",United States,21.95
296,Austria,Germany,33.2
297,Austria,Switzerland,6.84
298,Austria,France,4.41
299,Austria,Italy,8.67
300,Austria,Hungary,3.5
301,Austria,United States,5.04
302,Hungary,Germany,37.27
303,Hungary,Japan,5.3
304,Hungary,Russian Federation,8.07
305,Hungary,Italy,5.89
306,Hungary,Netherlands,5.42
307,Hungary,Austria,7.38
308,Hungary,United States,5.25
309,Azerbaijan,Germany,5.76
310,Azerbaijan,United Kingdom,5.02
311,Azerbaijan,Russian Federation,5.63
312,Azerbaijan,France,11.76
313,Azerbaijan,Italy,43.69
314,Azerbaijan,Turkey,6.02
315,Azerbaijan,Israel,7.74
316,Azerbaijan,United States,10.04
317,Israel,Germany,4.84
318,Israel,United Kingdom,7.59
319,Israel,"Hong Kong, China",4.41
320,Israel,United States,37.36
321,Israel,Belgium,9.93
322,Burundi,Kenya,5.1
323,Burundi,Tanzania,15.33
324,Burundi,Switzerland,26.01
325,Burundi,France,13.08
326,Burundi,United Kingdom,12.6
327,Burundi,Saudi Arabia,10.56
328,Burundi,Netherlands,8.76
329,Burundi,Belgium,12.22
330,Kenya,United Kingdom,15.53
331,Kenya,Japan,5.67
332,Kenya,South Africa,7.49
333,Kenya,United Arab Emirates,14.04
334,Kenya,Uganda,14.4
335,Kenya,Tanzania,7.29
336,Kenya,Pakistan,8.33
337,Kenya,Saudi Arabia,6.13
338,Kenya,Netherlands,6.08
339,Tanzania,United Kingdom,22.25
340,Tanzania,Japan,8.69
341,Tanzania,South Africa,9.98
342,Tanzania,Tanzania,6.19
343,Tanzania,India,15.0
344,Tanzania,Germany,9.17
345,Tanzania,France,5.56
346,Tanzania,Saudi Arabia,10.01
347,Tanzania,Netherlands,6.92
348,Benin,Cote d'Ivoire,9.3
349,Benin,Ghana,4.88
350,Benin,India,31.74
351,Benin,France,26.84
352,Benin,China,5.42
353,Benin,Indonesia,5.01
354,Benin,Netherlands,5.89
355,Benin,Brazil,8.92
356,Benin,Italy,6.38
357,Benin,Turkey,4.73
358,Cote d'Ivoire,Germany,3.61
359,Cote d'Ivoire,France,20.33
360,Cote d'Ivoire,Italy,4.76
361,Cote d'Ivoire,Netherlands,9.74
362,Cote d'Ivoire,Mali,5.73
363,Cote d'Ivoire,United States,8.3
364,Cote d'Ivoire,Belgium,4.04
365,Cote d'Ivoire,Nigeria,26.58
366,Ghana,Germany,5.37
367,Ghana,United Kingdom,18.85
368,Ghana,Switzerland,23.5
369,Ghana,Netherlands,11.18
370,Ghana,United States,5.87
371,Ghana,Nigeria,10.93
372,India,United Kingdom,5.21
373,India,"Hong Kong, China",6.5
374,India,Switzerland,5.26
375,India,United Arab Emirates,5.75
376,India,Japan,4.31
377,India,United States,21.97
378,India,Belgium,6.12
379,Indonesia,Japan,16.1
380,Indonesia,China,4.46
381,Indonesia,"Korea, Rep.",6.21
382,Indonesia,Singapore,11.3
383,Indonesia,United States,13.66
384,Burkina Faso,Germany,6.46
385,Burkina Faso,Japan,11.63
386,Burkina Faso,Cote d'Ivoire,22.25
387,Burkina Faso,Switzerland,28.49
388,Burkina Faso,France,19.69
389,Burkina Faso,China,3.83
390,Burkina Faso,Belgium,8.37
391,Burkina Faso,Singapore,5.43
392,Singapore,Japan,17.21
393,Singapore,"Other Asia, nes",5.97
394,Singapore,"Hong Kong, China",7.87
395,Singapore,China,5.29
396,Singapore,Malaysia,18.16
397,Singapore,United States,17.34
398,Bangladesh,Japan,7.38
399,Bangladesh,Germany,10.82
400,Bangladesh,"Korea, Rep.",6.32
401,Bangladesh,India,8.07
402,Bangladesh,Singapore,8.83
403,Bangladesh,China,11.26
404,Bangladesh,United Kingdom,8.28
405,Bangladesh,France,6.05
406,Bangladesh,Netherlands,5.38
407,Bangladesh,United States,40.0
408,Bahrain,United Kingdom,3.92
409,Bahrain,"Other Asia, nes",2.27
410,Bahrain,Saudi Arabia,3.96
411,Bahrain,Japan,1.51
412,Bahrain,Australia,5.57
413,Bahrain,United States,6.06
414,"Other Asia, nes",Germany,3.96
415,"Other Asia, nes",Japan,27.54
416,"Other Asia, nes","Hong Kong, China",21.13
417,"Other Asia, nes","Korea, Rep.",6.42
418,"Other Asia, nes",China,4.45
419,"Other Asia, nes",Netherlands,3.33
420,"Other Asia, nes",United States,23.53
421,"Other Asia, nes",Singapore,3.68
422,"Bahamas, The",Japan,1.25
423,"Bahamas, The",Netherlands Antilles,2.57
424,"Bahamas, The",Canada,1.1
425,"Bahamas, The",Venezuela,1.05
426,"Bahamas, The",United Kingdom,1.74
427,"Bahamas, The",France,4.31
428,"Bahamas, The",Spain,1.76
429,"Bahamas, The",United States,78.2
430,Belarus,Germany,6.8
431,Belarus,Poland,3.78
432,Belarus,Lithuania,4.76
433,Belarus,Latvia,6.37
434,Belarus,Russian Federation,50.68
435,Belarus,Italy,1.88
436,Belarus,Ukraine,3.94
437,Poland,Germany,35.55
438,Poland,United Kingdom,4.52
439,Poland,France,6.47
440,Poland,Russian Federation,9.57
441,Poland,Italy,6.39
442,Poland,Netherlands,5.09
443,Lithuania,Germany,14.33
444,Lithuania,United Kingdom,7.78
445,Lithuania,Poland,5.46
446,Lithuania,France,4.23
447,Lithuania,Latvia,15.01
448,Lithuania,Russian Federation,7.11
449,Latvia,Denmark,5.82
450,Latvia,Germany,17.17
451,Latvia,Sweden,10.83
452,Latvia,Lithuania,7.58
453,Latvia,Finland,8.64
454,Latvia,United Kingdom,17.37
455,Latvia,Russian Federation,11.61
456,Ukraine,Germany,4.87
457,Ukraine,Turkmenistan,6.78
458,Ukraine,Kazakhstan,2.96
459,Ukraine,Russian Federation,23.96
460,Ukraine,Italy,4.38
461,Ukraine,United States,4.92
462,Ukraine,Turkey,5.96
463,Ukraine,Belarus,4.31
464,Belize,Netherlands Antilles,4.82
465,Belize,Mexico,9.27
466,Belize,Jamaica,2.45
467,Belize,Netherlands,9.11
468,Belize,United Kingdom,24.08
469,Belize,United States,54.7
470,Belize,Canada,1.91
471,Belize,Cuba,4.51
472,Mexico,Germany,0.93
473,Mexico,Japan,3.6
474,Mexico,Canada,2.24
475,Mexico,Spain,0.93
476,Mexico,United States,88.16
477,Jamaica,Norway,9.18
478,Jamaica,Japan,6.0
479,Jamaica,Mexico,4.84
480,Jamaica,Trinidad and Tobago,10.01
481,Jamaica,Venezuela,3.92
482,Jamaica,United Kingdom,11.45
483,Jamaica,Netherlands,11.1
484,Jamaica,United States,39.16
485,Jamaica,Canada,10.23
486,Cuba,Canada,7.4
487,Cuba,Germany,7.21
488,Cuba,Mexico,6.88
489,Cuba,China,9.18
490,Cuba,Venezuela,18.56
491,Cuba,Russian Federation,19.37
492,Cuba,Spain,15.69
493,Cuba,Netherlands,6.97
494,Bolivia,Japan,5.24
495,Bolivia,Chile,8.43
496,Bolivia,Switzerland,11.1
497,Bolivia,Brazil,11.31
498,Bolivia,Colombia,13.31
499,Bolivia,United Kingdom,11.39
500,Bolivia,Argentina,15.7
501,Bolivia,United States,24.04
502,Barbados,United Kingdom,13.17
503,Barbados,Japan,5.2
504,Barbados,Canada,4.14
505,Barbados,Trinidad and Tobago,13.22
506,Barbados,Jamaica,7.03
507,Barbados,Bunkers,16.35
508,Barbados,United States,15.8
509,Botswana,United Kingdom,69.92
510,Botswana,Norway,2.77
511,Botswana,South Africa,73.58
512,Botswana,Switzerland,13.33
513,Botswana,Zimbabwe,3.89
514,Botswana,Sweden,1.98
515,Botswana,Italy,5.76
516,Norway,Germany,10.46
517,Norway,United Kingdom,20.61
518,Norway,Sweden,8.4
519,Norway,Denmark,6.37
520,Norway,France,10.05
521,Norway,Netherlands,11.44
522,Norway,United States,8.22
523,South Africa,Germany,7.22
524,South Africa,United Kingdom,8.7
525,South Africa,Japan,7.96
526,South Africa,Saudi Arabia,7.55
527,South Africa,United States,9.16
528,Zimbabwe,Botswana,4.63
529,Zimbabwe,United Kingdom,2.9
530,Zimbabwe,Japan,4.11
531,Zimbabwe,South Africa,44.49
532,Zimbabwe,Mozambique,17.03
533,Zimbabwe,Zambia,5.62
534,Zimbabwe,United States,4.51
535,Sweden,Denmark,5.77
536,Sweden,Germany,10.98
537,Sweden,United Kingdom,9.37
538,Sweden,Norway,7.54
539,Sweden,Netherlands,7.59
540,Sweden,United States,9.46
541,Central African Republic,Japan,10.19
542,Central African Republic,Germany,3.75
543,Central African Republic,France,38.95
544,Central African Republic,United Kingdom,6.43
545,Central African Republic,Fm Sudan,3.16
546,Central African Republic,Cameroon,12.26
547,Central African Republic,Belgium,6.04
548,Fm Sudan,Germany,6.07
549,Fm Sudan,United Kingdom,3.77
550,Fm Sudan,Japan,6.01
551,Fm Sudan,China,51.81
552,Fm Sudan,Saudi Arabia,5.4
553,Fm Sudan,Singapore,5.84
554,Cameroon,Japan,4.91
555,Cameroon,"Other Asia, nes",11.11
556,Cameroon,France,24.06
557,Cameroon,Italy,28.96
558,Cameroon,Spain,7.67
559,Cameroon,Netherlands,7.33
560,Cameroon,United States,4.75
561,Cameroon,Belgium,4.86
562,Cameroon,Nigeria,19.23
563,Mali,Cote d'Ivoire,64.68
564,Mali,Switzerland,13.13
565,Mali,France,4.58
566,Mali,Togo,3.18
567,Mali,South Africa,37.96
568,Mali,United Kingdom,4.7
569,Mali,Senegal,23.79
570,Mali,United States,0.55
571,Nigeria,Germany,10.22
572,Nigeria,United Kingdom,12.99
573,Nigeria,India,14.48
574,Nigeria,France,5.59
575,Nigeria,Italy,4.13
576,Nigeria,Spain,8.66
577,Nigeria,United States,42.47
578,Nigeria,Belgium,5.42
579,Peru,Japan,6.55
580,Peru,Chile,5.33
581,Peru,China,6.99
582,Peru,Switzerland,8.65
583,Peru,Venezuela,8.38
584,Peru,United Kingdom,8.89
585,Peru,Colombia,5.39
586,Peru,United States,27.46
587,Ecuador,Panama,6.08
588,Ecuador,Chile,5.82
589,Ecuador,Brazil,3.96
590,Ecuador,"Korea, Rep.",6.58
591,Ecuador,Peru,5.98
592,Ecuador,Colombia,5.38
593,Ecuador,Venezuela,7.88
594,Ecuador,United States,37.91
595,Comoros,Kenya,10.69
596,Comoros,South Africa,8.91
597,Comoros,United Arab Emirates,4.95
598,Comoros,Germany,6.61
599,Comoros,France,39.05
600,Comoros,United Kingdom,8.41
601,Comoros,United States,15.74
602,Comoros,Singapore,15.09
603,Comoros,Pakistan,13.48
604,Cape Verde,Japan,5.34
605,Cape Verde,France,4.69
606,Cape Verde,Netherlands,6.01
607,Cape Verde,United Kingdom,3.34
608,Cape Verde,Bunkers,12.63
609,Cape Verde,Portugal,48.04
610,Cape Verde,United States,2.97
611,Portugal,Germany,18.05
612,Portugal,United Kingdom,10.87
613,Portugal,France,10.62
614,Portugal,Spain,25.9
615,Portugal,Italy,7.13
616,Portugal,Belgium,5.94
617,Costa Rica,Japan,3.56
618,Costa Rica,Guatemala,3.52
619,Costa Rica,Mexico,6.45
620,Costa Rica,Venezuela,5.59
621,Costa Rica,United Kingdom,5.47
622,Costa Rica,Nicaragua,3.27
623,Costa Rica,Netherlands,7.16
624,Costa Rica,United States,52.02
625,Costa Rica,Spain,2.39
626,Nicaragua,Germany,8.75
627,Nicaragua,Costa Rica,11.55
628,Nicaragua,Venezuela,11.76
629,Nicaragua,Guatemala,8.26
630,Nicaragua,Panama,7.23
631,Nicaragua,Honduras,5.75
632,Nicaragua,El Salvador,11.24
633,Nicaragua,United States,39.26
634,Cyprus,Germany,7.0
635,Cyprus,United Kingdom,16.23
636,Cyprus,Greece,7.93
637,Cyprus,Syrian Arab Republic,6.42
638,Cyprus,Russian Federation,7.76
639,Cyprus,Italy,8.83
640,Cyprus,United States,10.38
641,Czech Republic,Germany,40.45
642,Czech Republic,France,4.95
643,Czech Republic,Slovak Republic,7.68
644,Czech Republic,Poland,5.43
645,Czech Republic,United Kingdom,4.29
646,Czech Republic,Russian Federation,6.45
647,Czech Republic,Italy,5.16
648,Czech Republic,Austria,5.97
649,Slovak Republic,Germany,26.78
650,Slovak Republic,Czech Republic,14.71
651,Slovak Republic,Poland,5.85
652,Slovak Republic,Russian Federation,17.04
653,Slovak Republic,Italy,9.18
654,Slovak Republic,Austria,3.94
655,Dominica,United Kingdom,23.99
656,Dominica,Japan,6.27
657,Dominica,Canada,4.23
658,Dominica,Trinidad and Tobago,16.38
659,Dominica,Jamaica,23.93
660,Dominica,France,7.47
661,Dominica,United States,7.44
662,Dominica,Antigua and Barbuda,7.38
663,Algeria,Germany,7.75
664,Algeria,France,23.59
665,Algeria,Italy,20.05
666,Algeria,Spain,5.97
667,Algeria,Netherlands,7.52
668,Algeria,United States,15.55
669,"Egypt, Arab Rep.",Germany,8.84
670,"Egypt, Arab Rep.",France,5.94
671,"Egypt, Arab Rep.",Italy,16.3
672,"Egypt, Arab Rep.",Saudi Arabia,7.4
673,"Egypt, Arab Rep.",Netherlands,6.38
674,"Egypt, Arab Rep.",United States,8.52
675,Estonia,Germany,7.57
676,Estonia,Sweden,17.32
677,Estonia,Japan,5.48
678,Estonia,Finland,27.07
679,Estonia,Latvia,7.19
680,Estonia,Russian Federation,6.83
681,Ethiopia(excludes Eritrea),Japan,8.17
682,Ethiopia(excludes Eritrea),Germany,19.57
683,Ethiopia(excludes Eritrea),India,5.2
684,Ethiopia(excludes Eritrea),Saudi Arabia,8.07
685,Ethiopia(excludes Eritrea),China,7.67
686,Ethiopia(excludes Eritrea),Italy,6.68
687,Ethiopia(excludes Eritrea),Yemen,19.09
688,Ethiopia(excludes Eritrea),Djibouti,10.67
689,European Union,Norway,3.11
690,European Union,Japan,9.28
691,European Union,Switzerland,8.63
692,European Union,China,7.52
693,European Union,Russian Federation,6.42
694,European Union,United States,28.04
695,European Union,Turkey,3.76
696,Fiji,New Zealand,17.38
697,Fiji,Singapore,6.12
698,Fiji,Australia,38.97
699,Fiji,Japan,4.52
700,Fiji,United Kingdom,17.02
701,Fiji,United States,22.36
702,Faeroe Islands,Denmark,24.1
703,Faeroe Islands,Germany,6.37
704,Faeroe Islands,United Kingdom,20.01
705,Faeroe Islands,Norway,28.56
706,Faeroe Islands,France,7.8
707,Faeroe Islands,Spain,8.49
708,Faeroe Islands,Vanuatu,4.8
709,Faeroe Islands,United States,7.79
710,Vanuatu,Japan,5.13
711,Vanuatu,"Hong Kong, China",5.87
712,Vanuatu,Fiji,9.13
713,Vanuatu,New Caledonia,5.78
714,Vanuatu,Australia,44.39
715,Vanuatu,United Kingdom,10.22
716,Vanuatu,New Zealand,11.52
717,Vanuatu,Bangladesh,21.46
718,Gabon,Japan,5.14
719,Gabon,China,6.74
720,Gabon,Switzerland,5.52
721,Gabon,France,44.21
722,Gabon,"Korea, Rep.",3.72
723,Gabon,Netherlands,4.59
724,Gabon,United States,62.61
725,Gabon,Belgium,4.56
726,Ireland,Germany,11.24
727,Ireland,United Kingdom,20.35
728,Ireland,Japan,4.8
729,Ireland,France,4.82
730,Ireland,Netherlands,5.58
731,Ireland,United States,16.97
732,Georgia,Germany,10.53
733,Georgia,Armenia,4.2
734,Georgia,Azerbaijan,6.28
735,Georgia,Russian Federation,20.83
736,Georgia,Turkey,22.57
737,Georgia,United States,9.81
738,Guinea,Japan,5.58
739,Guinea,Cote d'Ivoire,21.37
740,Guinea,Germany,6.15
741,Guinea,France,19.79
742,Guinea,Spain,9.59
743,Guinea,Ireland,9.09
744,Guinea,United States,12.76
745,Guinea,Belgium,7.73
746,"Gambia, The",Germany,7.58
747,"Gambia, The",United Kingdom,7.69
748,"Gambia, The",Cote d'Ivoire,11.01
749,"Gambia, The",France,7.16
750,"Gambia, The",China,7.53
751,"Gambia, The",South Africa,8.45
752,"Gambia, The",Senegal,39.57
753,"Gambia, The",Belgium,10.59
754,"Gambia, The",Guinea-Bissau,9.51
755,Senegal,Germany,3.53
756,Senegal,Thailand,5.32
757,Senegal,India,12.25
758,Senegal,France,27.38
759,Senegal,Italy,11.04
760,Senegal,Spain,6.28
761,Senegal,Mali,6.16
762,Senegal,United States,3.64
763,Senegal,Nigeria,18.89
764,Grenada,United Kingdom,8.85
765,Grenada,Japan,4.19
766,Grenada,Canada,2.65
767,Grenada,Germany,5.01
768,Grenada,Trinidad and Tobago,18.65
769,Grenada,St. Lucia,3.43
770,Grenada,Netherlands,4.15
771,Grenada,Ireland,16.36
772,Grenada,United States,47.48
773,St. Lucia,United Kingdom,50.95
774,St. Lucia,Japan,4.5
775,St. Lucia,Canada,3.84
776,St. Lucia,Trinidad and Tobago,14.43
777,St. Lucia,Barbados,11.01
778,St. Lucia,Grenada,2.93
779,St. Lucia,United States,18.59
780,St. Lucia,Antigua and Barbuda,4.43
781,Greenland,Denmark,85.97
782,Greenland,Canada,0.35
783,Greenland,Thailand,1.36
784,Greenland,Iceland,0.53
785,Greenland,Norway,8.36
786,Greenland,Japan,6.64
787,Greenland,United States,4.68
788,Thailand,Japan,24.69
789,Thailand,"Hong Kong, China",5.05
790,Thailand,China,4.09
791,Thailand,Singapore,5.49
792,Thailand,Malaysia,5.4
793,Thailand,United States,21.4
794,Iceland,Germany,16.42
795,Iceland,United Kingdom,19.31
796,Iceland,Denmark,7.95
797,Iceland,Norway,8.13
798,Iceland,Portugal,5.65
799,Iceland,Netherlands,7.73
800,Iceland,United States,12.41
801,Honduras,Guatemala,8.17
802,Honduras,Germany,4.4
803,Honduras,Mexico,4.97
804,Honduras,El Salvador,6.27
805,Honduras,Japan,3.94
806,Honduras,Panama,4.72
807,Honduras,United States,54.48
808,El Salvador,Guatemala,7.71
809,El Salvador,Germany,2.38
810,El Salvador,Honduras,2.63
811,El Salvador,Mexico,4.6
812,El Salvador,Nicaragua,2.64
813,El Salvador,United States,73.86
814,El Salvador,Costa Rica,2.56
815,Croatia,Germany,14.26
816,Croatia,Bosnia and Herzegovina,11.17
817,Croatia,Slovenia,7.94
818,Croatia,Russian Federation,8.52
819,Croatia,Italy,22.34
820,Croatia,Austria,6.7
821,Slovenia,Germany,27.21
822,Slovenia,Croatia,4.58
823,Slovenia,France,10.2
824,Slovenia,Italy,13.59
825,Slovenia,Austria,8.14
826,Jordan,Germany,11.55
827,Jordan,United Kingdom,4.57
828,Jordan,Japan,3.96
829,Jordan,India,12.83
830,Jordan,Iraq,9.26
831,Jordan,Saudi Arabia,7.33
832,Jordan,United States,9.95
833,Jordan,Free Zones,11.11
834,Kazakhstan,Germany,6.73
835,Kazakhstan,United Kingdom,4.47
836,Kazakhstan,China,7.75
837,Kazakhstan,Bermuda,13.66
838,Kazakhstan,Russian Federation,19.7
839,Kazakhstan,Italy,10.57
840,Kazakhstan,United States,5.56
841,Kazakhstan,British Virgin Islands,11.86
842,Uganda,United Kingdom,9.72
843,Uganda,Kenya,15.65
844,Uganda,Japan,7.08
845,Uganda,South Africa,6.91
846,Uganda,Switzerland,24.7
847,Uganda,India,5.04
848,Uganda,Netherlands,8.62
849,Kyrgyz Republic,China,8.75
850,Kyrgyz Republic,Switzerland,6.76
851,Kyrgyz Republic,Germany,28.66
852,Kyrgyz Republic,Uzbekistan,17.72
853,Kyrgyz Republic,Kazakhstan,10.36
854,Kyrgyz Republic,Russian Federation,12.91
855,Kyrgyz Republic,United States,9.71
856,Cambodia,Thailand,15.62
857,Cambodia,"Hong Kong, China",17.94
858,Cambodia,Germany,4.82
859,Cambodia,Singapore,7.47
860,Cambodia,China,7.96
861,Cambodia,United Kingdom,5.97
862,Cambodia,France,2.03
863,Cambodia,"Other Asia, nes",12.34
864,Cambodia,United States,54.02
865,Kuwait,Germany,8.13
866,Kuwait,United Kingdom,5.62
867,Kuwait,Japan,9.75
868,Kuwait,India,0.45
869,Kuwait,Saudi Arabia,0.78
870,Kuwait,United Arab Emirates,0.47
871,Kuwait,Indonesia,0.52
872,Kuwait,United States,10.9
873,Lebanon,Germany,8.35
874,Lebanon,Switzerland,7.14
875,Lebanon,France,8.45
876,Lebanon,Saudi Arabia,10.88
877,Lebanon,United Arab Emirates,10.49
878,Lebanon,Italy,10.92
879,Lebanon,United States,6.79
880,Sri Lanka,Japan,10.26
881,Sri Lanka,Germany,4.23
882,Sri Lanka,"Korea, Rep.",6.3
883,Sri Lanka,India,9.53
884,Sri Lanka,Singapore,7.88
885,Sri Lanka,United Kingdom,13.53
886,Sri Lanka,"Hong Kong, China",8.19
887,Sri Lanka,United States,40.26
888,Sri Lanka,Belgium,2.86
889,Lesotho,Botswana,0.24
890,Lesotho,South Africa,79.4
891,Lesotho,Greece,0.36
892,Lesotho,China,1.6
893,Lesotho,Malaysia,1.31
894,Lesotho,"Other Asia, nes",6.15
895,Lesotho,United States,71.91
896,Lesotho,Canada,0.07
897,Malaysia,Japan,21.04
898,Malaysia,"Hong Kong, China",4.52
899,Malaysia,"Korea, Rep.",4.47
900,Malaysia,Singapore,14.35
901,Malaysia,"Other Asia, nes",5.62
902,Malaysia,Netherlands,4.18
903,Malaysia,United States,20.52
904,Luxembourg,Germany,23.04
905,Luxembourg,France,12.47
906,Luxembourg,Netherlands,4.72
907,Luxembourg,United Kingdom,7.59
908,Luxembourg,Italy,5.39
909,Luxembourg,United States,6.53
910,Luxembourg,Belgium,34.51
911,Macao,Japan,6.64
912,Macao,China,10.14
913,Macao,Germany,7.99
914,Macao,United Kingdom,7.38
915,Macao,France,5.44
916,Macao,"Other Asia, nes",9.85
917,Macao,"Hong Kong, China",16.21
918,Macao,United States,51.84
919,Morocco,United Kingdom,9.59
920,Morocco,Germany,4.97
921,Morocco,France,24.03
922,Morocco,Italy,7.13
923,Morocco,Spain,9.87
924,Morocco,Saudi Arabia,4.97
925,Morocco,United States,5.58
926,Moldova,Germany,7.7
927,Moldova,Romania,15.33
928,Moldova,Russian Federation,44.43
929,Moldova,Italy,7.72
930,Moldova,Ukraine,13.58
931,Romania,Germany,15.69
932,Romania,United Kingdom,5.27
933,Romania,France,6.12
934,Romania,Russian Federation,8.58
935,Romania,Italy,22.37
936,Romania,Turkey,6.05
937,Madagascar,Germany,4.84
938,Madagascar,France,13.03
939,Madagascar,China,11.86
940,Madagascar,"Iran, Islamic Rep.",10.43
941,Madagascar,United States,18.25
942,Madagascar,Bahrain,9.09
943,Madagascar,Singapore,4.62
944,Maldives,United Arab Emirates,8.47
945,Maldives,Thailand,5.61
946,Maldives,Germany,9.63
947,Maldives,Sri Lanka,17.82
948,Maldives,India,9.17
949,Maldives,Singapore,25.54
950,Maldives,Malaysia,12.47
951,Maldives,United Kingdom,7.24
952,Maldives,United States,44.23
953,North Macedonia,Germany,19.47
954,North Macedonia,Greece,6.36
955,North Macedonia,"Serbia, FR(Serbia/Montenegro)",25.34
956,North Macedonia,Russian Federation,9.16
957,North Macedonia,Italy,6.86
958,North Macedonia,United States,12.52
959,North Macedonia,Ukraine,9.83
960,Togo,Germany,4.34
961,Togo,Cote d'Ivoire,11.75
962,Togo,Philippines,6.27
963,Togo,France,23.33
964,Togo,Netherlands,6.41
965,Togo,South Africa,5.64
966,Togo,Ghana,16.57
967,Togo,Benin,9.86
968,Togo,"Iran, Islamic Rep.",5.29
969,Togo,Belgium,4.97
970,Malta,Germany,9.59
971,Malta,France,18.89
972,Malta,Singapore,14.76
973,Malta,United Kingdom,7.28
974,Malta,Italy,16.73
975,Malta,United States,27.37
976,Mongolia,Germany,4.84
977,Mongolia,Japan,11.93
978,Mongolia,China,49.85
979,Mongolia,"Korea, Rep.",9.04
980,Mongolia,United Kingdom,3.26
981,Mongolia,Russian Federation,8.43
982,Mongolia,Italy,2.71
983,Mongolia,United States,24.31
984,Mozambique,Japan,4.58
985,Mozambique,South Africa,38.8
986,Mozambique,Portugal,7.64
987,Mozambique,Spain,10.71
988,Mozambique,Zimbabwe,17.7
989,Mozambique,United States,3.49
990,Mauritania,Germany,8.94
991,Mauritania,France,32.73
992,Mauritania,Japan,10.59
993,Mauritania,Italy,12.61
994,Mauritania,Spain,5.25
995,Mauritania,United States,8.24
996,Mauritania,Belgium,12.59
997,Montserrat,United Kingdom,51.79
998,Montserrat,Japan,8.79
999,Montserrat,St. Kitts and Nevis,5.29
1000,Montserrat,Trinidad and Tobago,3.74
1001,Montserrat,United States,19.28
1002,Montserrat,Canada,8.61
1003,Montserrat,Antigua and Barbuda,5.6
1004,Mauritius,United Kingdom,28.91
1005,Mauritius,South Africa,14.88
1006,Mauritius,France,9.66
1007,Mauritius,India,8.78
1008,Mauritius,China,7.57
1009,Mauritius,Madagascar,5.11
1010,Mauritius,Italy,3.92
1011,Mauritius,United States,20.48
1012,Malawi,United Kingdom,9.76
1013,Malawi,Japan,4.94
1014,Malawi,South Africa,40.99
1015,Malawi,Switzerland,6.63
1016,Malawi,Germany,12.32
1017,Malawi,India,4.78
1018,Malawi,Zimbabwe,6.68
1019,Malawi,United States,11.97
1020,Mayotte,Germany,0.77
1021,Mayotte,South Africa,5.5
1022,Mayotte,Thailand,3.22
1023,Mayotte,France,58.88
1024,Mayotte,Madagascar,8.18
1025,Mayotte,Comoros,12.58
1026,Mayotte,Italy,2.53
1027,Mayotte,Mauritius,1.99
1028,Namibia,Germany,1.97
1029,Namibia,United Kingdom,32.69
1030,Namibia,South Africa,86.21
1031,Namibia,Angola,7.04
1032,Namibia,France,0.62
1033,Namibia,Spain,10.02
1034,Namibia,United States,1.26
1035,New Caledonia,"Other Asia, nes",12.53
1036,New Caledonia,France,38.75
1037,New Caledonia,"Korea, Rep.",8.97
1038,New Caledonia,Singapore,6.25
1039,New Caledonia,Japan,26.84
1040,New Caledonia,Spain,8.07
1041,New Caledonia,Australia,16.79
1042,New Caledonia,New Zealand,4.83
1043,New Caledonia,United States,3.5
1044,Niger,Nigeria,9.48
1045,Niger,Cote d'Ivoire,14.1
1046,Niger,France,16.93
1047,Niger,China,7.3
1048,Niger,Japan,12.44
1049,Niger,United States,8.12
1050,Nepal,Switzerland,9.2
1051,Nepal,India,44.84
1052,Nepal,Germany,14.89
1053,Nepal,Singapore,7.23
1054,Nepal,China,7.53
1055,Nepal,United Kingdom,2.36
1056,Nepal,"Hong Kong, China",6.14
1057,Nepal,United States,27.11
1058,Nepal,Belgium,1.61
1059,Philippines,Japan,18.81
1060,Philippines,"Other Asia, nes",7.51
1061,Philippines,"Korea, Rep.",7.81
1062,Philippines,Singapore,6.79
1063,Philippines,Netherlands,7.83
1064,Philippines,United States,29.95
1065,Papua New Guinea,Japan,11.3
1066,Papua New Guinea,Germany,2.29
1067,Papua New Guinea,Singapore,5.38
1068,Papua New Guinea,Australia,55.84
1069,Papua New Guinea,New Zealand,3.54
1070,Papua New Guinea,United States,6.6
1071,Paraguay,Chile,2.27
1072,Paraguay,Japan,4.58
1073,Paraguay,Brazil,64.63
1074,Paraguay,China,11.52
1075,Paraguay,Uruguay,5.59
1076,Paraguay,Argentina,15.34
1077,Paraguay,Netherlands,2.8
1078,Paraguay,United States,7.1
1079,French Polynesia,Germany,4.76
1080,French Polynesia,"Hong Kong, China",20.93
1081,French Polynesia,France,35.93
1082,French Polynesia,New Caledonia,5.01
1083,French Polynesia,Japan,36.86
1084,French Polynesia,Australia,9.31
1085,French Polynesia,New Zealand,7.4
1086,French Polynesia,United States,12.13
1087,Qatar,Germany,8.17
1088,Qatar,United Kingdom,7.77
1089,Qatar,Japan,11.02
1090,Qatar,United Arab Emirates,5.8
1091,Qatar,"Korea, Rep.",22.07
1092,Qatar,United States,10.3
1093,Qatar,Singapore,9.31
1094,Sierra Leone,United Kingdom,4.93
1095,Sierra Leone,Cote d'Ivoire,19.55
1096,Sierra Leone,Germany,1.74
1097,Sierra Leone,Netherlands,8.24
1098,Sierra Leone,Lebanon,2.92
1099,Sierra Leone,United States,8.69
1100,Sierra Leone,Belgium,8.43
1101,Sierra Leone,Guinea,13.34
1102,Sao Tome and Principe,Japan,10.14
1103,Sao Tome and Principe,France,11.52
1104,Sao Tome and Principe,Angola,10.62
1105,Sao Tome and Principe,Portugal,47.18
1106,Sao Tome and Principe,Spain,5.23
1107,Sao Tome and Principe,Netherlands,72.43
1108,Sao Tome and Principe,Belgium,7.89
1109,Suriname,Guyana,1.67
1110,Suriname,Japan,7.79
1111,Suriname,Trinidad and Tobago,17.18
1112,Suriname,Netherlands,2.99
1113,Suriname,United Kingdom,4.03
1114,Suriname,Panama,2.57
1115,Suriname,Canada,7.74
1116,Suriname,United States,26.58
1117,Eswatini,Japan,0.74
1118,Eswatini,South Africa,93.16
1119,Eswatini,United Kingdom,3.7
1120,Eswatini,"Other Asia, nes",0.73
1121,Eswatini,Zimbabwe,3.75
1122,Eswatini,"Hong Kong, China",1.09
1123,Eswatini,United States,8.85
1124,Eswatini,Mozambique,6.22
1125,Seychelles,United Kingdom,30.83
1126,Seychelles,South Africa,11.09
1127,Seychelles,Germany,7.84
1128,Seychelles,France,9.55
1129,Seychelles,Saudi Arabia,31.7
1130,Seychelles,Italy,5.4
1131,Turks and Caicos Isl.,Canada,0.06
1132,Turks and Caicos Isl.,Finland,0.1
1133,Turks and Caicos Isl.,"Bahamas, The",0.25
1134,Turks and Caicos Isl.,Venezuela,0.14
1135,Turks and Caicos Isl.,United Kingdom,0.73
1136,Turks and Caicos Isl.,United States,97.93
1137,Turks and Caicos Isl.,San Marino,0.69
1138,Turks and Caicos Isl.,Dominican Republic,0.25
1139,Tajikistan,Switzerland,10.43
1140,Tajikistan,Uzbekistan,14.12
1141,Tajikistan,Kazakhstan,12.79
1142,Tajikistan,Russian Federation,37.38
1143,Tajikistan,Italy,2.82
1144,Tajikistan,Netherlands,25.74
1145,Tajikistan,Azerbaijan,9.8
1146,Tajikistan,Ukraine,13.1
1147,Turkmenistan,Japan,8.08
1148,Turkmenistan,United Arab Emirates,8.21
1149,Turkmenistan,Russian Federation,41.08
1150,Turkmenistan,Italy,16.02
1151,Turkmenistan,Turkey,7.42
1152,Turkmenistan,"Iran, Islamic Rep.",9.66
1153,Turkmenistan,Ukraine,12.0
1154,Tonga,Japan,5.34
1155,Tonga,American Samoa,5.61
1156,Tonga,Fiji,14.89
1157,Tonga,New Zealand,36.69
1158,Tonga,Australia,25.19
1159,Tonga,United States,25.93
1160,Tunisia,Germany,12.52
1161,Tunisia,France,26.31
1162,Tunisia,Italy,23.01
1163,Tunisia,Spain,3.99
1164,Tunisia,United States,4.61
1165,Tunisia,Belgium,5.07
1166,Vietnam,Japan,14.72
1167,Vietnam,"Other Asia, nes",5.22
1168,Vietnam,China,10.61
1169,Vietnam,"Korea, Rep.",11.21
1170,Vietnam,Singapore,17.23
1171,Vietnam,Australia,8.79
1172, World,Germany,7.46
1173, World,Japan,7.96
1174, World,France,4.6
1175, World,China,6.29
1176, World,United Kingdom,5.29
1177, World,United States,18.16
1178,Wallis and Futura Isl.,Japan,5.61
1179,Wallis and Futura Isl.,France,28.8
1180,Wallis and Futura Isl.,New Caledonia,6.51
1181,Wallis and Futura Isl.,Australia,22.46
1182,Wallis and Futura Isl.,New Zealand,13.55
1183,Zambia,United Kingdom,44.4
1184,Zambia,Japan,2.39
1185,Zambia,South Africa,57.65
1186,Zambia,Switzerland,11.68
1187,Zambia,Zimbabwe,6.98
1188,Zambia,United States,4.41
1189,Zambia,Belgium,4.44
1190,Zambia,"Congo, Dem. Rep.",4.26
