,source,target,2001
0,Aruba,United Kingdom,6.94
1,Aruba,Panama,20.34
2,Aruba,Netherlands Antilles,3.17
3,Aruba,Netherlands,25.29
4,Aruba,Colombia,28.7
5,Aruba,Venezuela,2.67
6,Aruba,United States,54.67
7,United Kingdom,Germany,12.2
8,United Kingdom,Japan,4.98
9,United Kingdom,France,7.81
10,United Kingdom,Netherlands,7.52
11,United Kingdom,Ireland,7.36
12,United Kingdom,United States,15.37
13,Panama,Ecuador,7.93
14,Panama,Sweden,3.75
15,Panama,Costa Rica,4.79
16,Panama,Venezuela,5.17
17,Panama,Nicaragua,5.08
18,Panama,Colombia,5.66
19,Panama,United States,49.74
20,Panama,Belgium,4.51
21,Netherlands,Germany,25.57
22,Netherlands,United Kingdom,11.14
23,Netherlands,France,5.78
24,Netherlands,Italy,6.25
25,Netherlands,United States,9.86
26,Netherlands,Belgium,9.24
27,Colombia,Germany,3.39
28,Colombia,Mexico,4.65
29,Colombia,Brazil,4.54
30,Colombia,Venezuela,6.18
31,Colombia,United Kingdom,2.34
32,Colombia,United States,43.45
33,Colombia,Ecuador,5.69
34,Venezuela,Japan,4.56
35,Venezuela,Netherlands Antilles,6.1
36,Venezuela,Mexico,4.71
37,Venezuela,Brazil,5.93
38,Venezuela,Colombia,2.89
39,Venezuela,United States,56.43
40,Venezuela,Dominican Republic,2.83
41,United States,Germany,4.11
42,United States,Japan,11.09
43,United States,Canada,18.95
44,United States,Mexico,13.89
45,United States,China,8.96
46,United States,United Kingdom,5.58
47,Anguila,United Kingdom,3.11
48,Anguila,Japan,2.71
49,Anguila,Netherlands Antilles,7.37
50,Anguila,Trinidad and Tobago,4.78
51,Anguila,France,10.75
52,Anguila,United States,38.09
53,Japan,"Other Asia, nes",6.01
54,Japan,"Hong Kong, China",5.77
55,Japan,China,7.68
56,Japan,"Korea, Rep.",4.92
57,Japan,Australia,4.14
58,Japan,United States,30.38
59,Japan,Indonesia,4.26
60,Trinidad and Tobago,United Kingdom,4.86
61,Trinidad and Tobago,Brazil,5.08
62,Trinidad and Tobago,Jamaica,6.98
63,Trinidad and Tobago,Barbados,5.54
64,Trinidad and Tobago,Venezuela,11.09
65,Trinidad and Tobago,Mexico,7.38
66,Trinidad and Tobago,France,3.85
67,Trinidad and Tobago,Panama,4.63
68,Trinidad and Tobago,United States,42.33
69,France,Germany,14.34
70,France,United Kingdom,9.83
71,France,Italy,8.78
72,France,Spain,6.8
73,France,United States,8.85
74,Albania,Germany,5.51
75,Albania,United Kingdom,3.56
76,Albania,Greece,12.7
77,Albania,North Macedonia,2.1
78,Albania,"Serbia, FR(Serbia/Montenegro)",3.13
79,Albania,Italy,71.0
80,Albania,Turkey,6.07
81,Germany,United Kingdom,8.12
82,Germany,France,9.1
83,Germany,Netherlands,5.95
84,Germany,Italy,7.24
85,Germany,United States,10.43
86,Greece,Germany,11.3
87,Greece,France,6.32
88,Greece,Bulgaria,5.48
89,Greece,Netherlands,5.6
90,Greece,United Kingdom,7.93
91,Greece,Russian Federation,5.57
92,Greece,Italy,8.44
93,Greece,United States,5.5
94,North Macedonia,Germany,20.63
95,North Macedonia,Greece,8.74
96,North Macedonia,Slovenia,7.02
97,North Macedonia,"Serbia, FR(Serbia/Montenegro)",23.07
98,North Macedonia,Russian Federation,8.25
99,North Macedonia,Italy,7.88
100,North Macedonia,United States,8.59
101,"Serbia, FR(Serbia/Montenegro)",Germany,12.14
102,"Serbia, FR(Serbia/Montenegro)",Bosnia and Herzegovina,13.08
103,"Serbia, FR(Serbia/Montenegro)",Switzerland,8.46
104,"Serbia, FR(Serbia/Montenegro)",North Macedonia,9.27
105,"Serbia, FR(Serbia/Montenegro)",Greece,4.51
106,"Serbia, FR(Serbia/Montenegro)",Russian Federation,14.16
107,"Serbia, FR(Serbia/Montenegro)",Italy,16.37
108,"Serbia, FR(Serbia/Montenegro)",Hungary,4.01
109,Italy,Germany,14.71
110,Italy,United Kingdom,6.78
111,Italy,France,11.63
112,Italy,Netherlands,6.11
113,Italy,Spain,6.19
114,Italy,United States,9.65
115,Turkey,Germany,17.13
116,Turkey,France,5.52
117,Turkey,United Kingdom,6.94
118,Turkey,Russian Federation,8.3
119,Turkey,Italy,7.47
120,Turkey,United States,9.98
121,Andorra,Germany,8.25
122,Andorra,Japan,4.18
123,Andorra,"Hong Kong, China",1.87
124,Andorra,France,25.45
125,Andorra,Lithuania,4.45
126,Andorra,Spain,48.96
127,Andorra,Italy,3.31
128,"Hong Kong, China",Japan,11.24
129,"Hong Kong, China",China,36.82
130,"Hong Kong, China",Germany,3.47
131,"Hong Kong, China",Singapore,4.64
132,"Hong Kong, China",United Kingdom,3.77
133,"Hong Kong, China","Other Asia, nes",6.85
134,"Hong Kong, China",United States,22.17
135,Lithuania,Germany,12.56
136,Lithuania,Poland,6.26
137,Lithuania,France,3.77
138,Lithuania,Latvia,12.64
139,Lithuania,United Kingdom,13.82
140,Lithuania,Russian Federation,11.02
141,Lithuania,Italy,4.22
142,Spain,Germany,11.85
143,Spain,United Kingdom,9.03
144,Spain,France,16.75
145,Spain,Italy,9.02
146,Spain,Portugal,10.19
147,Spain,United States,4.54
148,United Arab Emirates,Germany,7.36
149,United Arab Emirates,United Kingdom,7.03
150,United Arab Emirates,Japan,7.76
151,United Arab Emirates,India,1.79
152,United Arab Emirates,Saudi Arabia,1.46
153,United Arab Emirates,China,7.33
154,United Arab Emirates,Oman,2.46
155,United Arab Emirates,"Iran, Islamic Rep.",5.14
156,United Arab Emirates,United States,7.54
157,India,United Kingdom,5.01
158,India,"Hong Kong, China",5.51
159,India,Switzerland,6.75
160,India,United Arab Emirates,5.86
161,India,United States,19.15
162,India,Belgium,4.91
163,Saudi Arabia,Germany,8.25
164,Saudi Arabia,United Kingdom,6.98
165,Saudi Arabia,Japan,11.74
166,Saudi Arabia,"Other Asia, nes",45.84
167,Saudi Arabia,China,4.34
168,Saudi Arabia,United Arab Emirates,1.27
169,Saudi Arabia,Kuwait,0.56
170,Saudi Arabia,United States,0.87
171,China,Germany,3.66
172,China,Japan,17.57
173,China,"Hong Kong, China",17.49
174,China,"Korea, Rep.",9.6
175,China,"Other Asia, nes",11.23
176,China,United States,20.43
177,Oman,Germany,4.23
178,Oman,United Kingdom,6.01
179,Oman,Japan,15.39
180,Oman,United Arab Emirates,28.38
181,Oman,Thailand,10.19
182,Oman,China,11.18
183,Oman,"Korea, Rep.",18.03
184,Oman,United States,6.81
185,"Iran, Islamic Rep.",Germany,10.45
186,"Iran, Islamic Rep.",United Arab Emirates,9.16
187,"Iran, Islamic Rep.","Other Asia, nes",21.65
188,"Iran, Islamic Rep.",France,5.61
189,"Iran, Islamic Rep.",Brazil,5.11
190,"Iran, Islamic Rep.",Japan,21.37
191,"Iran, Islamic Rep.",Italy,8.65
192,Argentina,Germany,5.18
193,Argentina,Chile,10.72
194,Argentina,China,4.22
195,Argentina,Brazil,23.32
196,Argentina,Spain,4.13
197,Argentina,Italy,4.13
198,Argentina,United States,10.9
199,Chile,Germany,4.24
200,Chile,China,5.68
201,Chile,Brazil,9.24
202,Chile,Japan,12.33
203,Chile,United Kingdom,6.63
204,Chile,Mexico,4.89
205,Chile,Argentina,19.05
206,Chile,United States,18.58
207,Brazil,Germany,4.3
208,Brazil,Japan,5.37
209,Brazil,Argentina,8.6
210,Brazil,Italy,3.83
211,Brazil,Netherlands,4.93
212,Brazil,United States,24.71
213,Armenia,United Kingdom,10.89
214,Armenia,United Arab Emirates,5.32
215,Armenia,Russian Federation,17.18
216,Armenia,"Iran, Islamic Rep.",9.37
217,Armenia,Israel,9.94
218,Armenia,United States,15.33
219,Armenia,Belgium,13.84
220,Russian Federation,Germany,9.21
221,Russian Federation,China,5.6
222,Russian Federation,Belarus,9.41
223,Russian Federation,Kazakhstan,4.82
224,Russian Federation,Italy,7.41
225,Russian Federation,United States,7.79
226,Russian Federation,Ukraine,9.19
227,Israel,Germany,4.43
228,Israel,United Kingdom,6.63
229,Israel,"Hong Kong, China",4.32
230,Israel,United States,38.24
231,Israel,Belgium,7.91
232,Belgium,Germany,18.13
233,Belgium,United Kingdom,10.06
234,Belgium,France,13.47
235,Belgium,Netherlands,12.19
236,Belgium,Italy,5.77
237,Belgium,United States,6.99
238,Australia,Germany,5.62
239,Australia,United Kingdom,5.25
240,Australia,Japan,12.97
241,Australia,China,6.19
242,Australia,New Zealand,5.86
243,Australia,"Korea, Rep.",7.78
244,Australia,United States,9.75
245,New Zealand,Germany,4.82
246,New Zealand,Japan,11.03
247,New Zealand,"Korea, Rep.",4.41
248,New Zealand,China,6.97
249,New Zealand,Australia,21.9
250,New Zealand,United Kingdom,4.77
251,New Zealand,United States,14.85
252,"Korea, Rep.",Japan,18.88
253,"Korea, Rep.","Other Asia, nes",3.88
254,"Korea, Rep.","Hong Kong, China",6.28
255,"Korea, Rep.",China,12.09
256,"Korea, Rep.",Saudi Arabia,5.78
257,"Korea, Rep.",Australia,3.92
258,"Korea, Rep.",United States,20.84
259,Austria,Germany,32.54
260,Austria,Switzerland,5.62
261,Austria,France,4.06
262,Austria,United Kingdom,4.67
263,Austria,Italy,8.52
264,Austria,Hungary,3.42
265,Austria,United States,5.3
266,Switzerland,Germany,19.24
267,Switzerland,United Kingdom,4.91
268,Switzerland,France,9.12
269,Switzerland,Italy,9.96
270,Switzerland,United States,10.28
271,Hungary,Germany,35.61
272,Hungary,France,4.69
273,Hungary,Russian Federation,7.03
274,Hungary,Italy,6.25
275,Hungary,Austria,7.39
276,Hungary,United States,5.0
277,Azerbaijan,Turkmenistan,9.45
278,Azerbaijan,Iceland,3.71
279,Azerbaijan,Kazakhstan,6.96
280,Azerbaijan,Russian Federation,10.69
281,Azerbaijan,Italy,57.21
282,Azerbaijan,Turkey,10.36
283,Azerbaijan,Spain,4.4
284,Azerbaijan,Georgia,4.46
285,Azerbaijan,Israel,7.09
286,Azerbaijan,United States,16.14
287,Iceland,Germany,14.92
288,Iceland,United Kingdom,18.25
289,Iceland,Denmark,8.64
290,Iceland,Norway,7.8
291,Iceland,Portugal,5.51
292,Iceland,Netherlands,10.92
293,Iceland,United States,10.55
294,Kazakhstan,Germany,5.84
295,Kazakhstan,United Kingdom,3.97
296,Kazakhstan,China,7.62
297,Kazakhstan,Bermuda,14.39
298,Kazakhstan,Russian Federation,20.43
299,Kazakhstan,Italy,11.27
300,Kazakhstan,United States,5.53
301,Georgia,Germany,10.06
302,Georgia,Switzerland,5.14
303,Georgia,Turkmenistan,9.09
304,Georgia,United Kingdom,7.2
305,Georgia,Russian Federation,23.3
306,Georgia,Turkey,21.99
307,Georgia,Azerbaijan,9.72
308,Georgia,United States,8.49
309,Burundi,Kenya,10.94
310,Burundi,Tanzania,8.16
311,Burundi,Switzerland,24.26
312,Burundi,France,7.88
313,Burundi,United Kingdom,7.65
314,Burundi,Saudi Arabia,10.99
315,Burundi,Netherlands,8.57
316,Burundi,Belgium,15.55
317,Kenya,United Kingdom,15.81
318,Kenya,South Africa,6.27
319,Kenya,United Arab Emirates,14.05
320,Kenya,Uganda,10.48
321,Kenya,Tanzania,7.13
322,Kenya,Pakistan,7.4
323,Kenya,Saudi Arabia,5.77
324,Kenya,Netherlands,8.9
325,Kenya,United States,13.14
326,Tanzania,United Kingdom,18.28
327,Tanzania,Japan,8.71
328,Tanzania,South Africa,11.75
329,Tanzania,United Arab Emirates,6.3
330,Tanzania,India,10.7
331,Tanzania,France,18.03
332,Tanzania,Netherlands,6.73
333,Tanzania,Australia,8.16
334,Benin,Cote d'Ivoire,5.42
335,Benin,Ghana,5.24
336,Benin,India,27.27
337,Benin,France,23.04
338,Benin,Togo,6.22
339,Benin,China,7.98
340,Benin,Indonesia,4.99
341,Benin,Brazil,5.1
342,Cote d'Ivoire,France,21.1
343,Cote d'Ivoire,Netherlands,14.07
344,Cote d'Ivoire,Ghana,4.52
345,Cote d'Ivoire,Italy,4.52
346,Cote d'Ivoire,Mali,5.59
347,Cote d'Ivoire,United States,7.47
348,Cote d'Ivoire,Nigeria,18.79
349,Ghana,Germany,6.68
350,Ghana,United Kingdom,19.37
351,Ghana,Switzerland,20.63
352,Ghana,Netherlands,6.87
353,Ghana,Italy,4.79
354,Ghana,United States,7.34
355,Ghana,Nigeria,11.09
356,Togo,Germany,4.45
357,Togo,Canada,6.55
358,Togo,Cote d'Ivoire,5.73
359,Togo,Philippines,6.26
360,Togo,France,19.09
361,Togo,Burkina Faso,10.37
362,Togo,Ghana,22.43
363,Togo,Benin,16.87
364,Togo,Italy,6.05
365,Togo,Niger,4.43
366,Indonesia,Japan,15.15
367,Indonesia,China,3.91
368,Indonesia,"Korea, Rep.",7.14
369,Indonesia,Singapore,10.16
370,Indonesia,United States,13.78
371,Burkina Faso,Germany,7.92
372,Burkina Faso,Japan,11.81
373,Burkina Faso,Cote d'Ivoire,19.76
374,Burkina Faso,Switzerland,27.89
375,Burkina Faso,France,17.23
376,Burkina Faso,United States,3.62
377,Burkina Faso,Niger,5.17
378,Burkina Faso,Singapore,6.02
379,Niger,Nigeria,9.33
380,Niger,Cote d'Ivoire,13.36
381,Niger,France,16.6
382,Niger,China,5.62
383,Niger,Japan,12.63
384,Niger,United Kingdom,3.73
385,Niger,United States,12.02
386,Singapore,Japan,13.86
387,Singapore,Thailand,4.45
388,Singapore,"Other Asia, nes",5.15
389,Singapore,"Hong Kong, China",8.89
390,Singapore,China,6.21
391,Singapore,Malaysia,17.35
392,Singapore,United States,15.39
393,Bangladesh,Japan,7.28
394,Bangladesh,Germany,10.66
395,Bangladesh,"Korea, Rep.",6.72
396,Bangladesh,India,11.06
397,Bangladesh,Singapore,8.07
398,Bangladesh,China,11.12
399,Bangladesh,United Kingdom,9.25
400,Bangladesh,France,5.87
401,Bangladesh,Netherlands,5.09
402,Bangladesh,United States,40.76
403,Bulgaria,Germany,9.54
404,Bulgaria,Greece,8.77
405,Bulgaria,France,6.02
406,Bulgaria,Russian Federation,20.02
407,Bulgaria,Italy,14.96
408,Bulgaria,Turkey,8.07
409,Bahrain,Japan,5.25
410,Bahrain,"Other Asia, nes",3.23
411,Bahrain,Saudi Arabia,5.49
412,Bahrain,United Arab Emirates,1.54
413,Bahrain,Australia,6.62
414,Bahrain,United States,8.12
415,"Other Asia, nes",Germany,3.65
416,"Other Asia, nes",Japan,24.11
417,"Other Asia, nes","Hong Kong, China",21.95
418,"Other Asia, nes",China,3.87
419,"Other Asia, nes","Korea, Rep.",6.25
420,"Other Asia, nes",United States,22.56
421,"Bahamas, The",Japan,1.17
422,"Bahamas, The",Netherlands Antilles,2.58
423,"Bahamas, The",Canada,1.03
424,"Bahamas, The",Germany,3.86
425,"Bahamas, The",Venezuela,5.48
426,"Bahamas, The",United Kingdom,3.2
427,"Bahamas, The",France,5.72
428,"Bahamas, The",Spain,3.33
429,"Bahamas, The",United States,77.54
430,Canada,United Kingdom,1.25
431,Canada,Japan,4.27
432,Canada,China,1.06
433,Canada,Germany,0.73
434,Canada,Mexico,3.53
435,Canada,United States,87.05
436,Belarus,Germany,7.29
437,Belarus,Poland,3.33
438,Belarus,Lithuania,3.7
439,Belarus,Latvia,6.61
440,Belarus,Russian Federation,53.19
441,Belarus,Italy,1.98
442,Belarus,Ukraine,3.35
443,Poland,Germany,35.0
444,Poland,United Kingdom,5.03
445,Poland,France,6.84
446,Poland,Russian Federation,8.92
447,Poland,Italy,5.44
448,Poland,Netherlands,4.76
449,Latvia,Germany,16.67
450,Latvia,Sweden,9.56
451,Latvia,Lithuania,8.12
452,Latvia,Finland,8.01
453,Latvia,United Kingdom,15.66
454,Latvia,Russian Federation,5.85
455,Ukraine,Germany,4.15
456,Ukraine,Poland,2.85
457,Ukraine,Turkmenistan,10.49
458,Ukraine,Kazakhstan,4.22
459,Ukraine,Russian Federation,22.38
460,Ukraine,Italy,5.12
461,Ukraine,United States,3.45
462,Ukraine,Turkey,6.21
463,Belize,Mexico,8.4
464,Belize,Japan,7.83
465,Belize,United Kingdom,17.2
466,Belize,Guatemala,3.18
467,Belize,Panama,6.69
468,Belize,Netherlands,6.78
469,Belize,United States,50.63
470,Belize,Cuba,11.14
471,Mexico,Germany,0.95
472,Mexico,Japan,4.8
473,Mexico,Canada,2.51
474,Mexico,China,2.39
475,Mexico,Spain,0.82
476,Mexico,United States,86.1
477,Guatemala,Mexico,9.88
478,Guatemala,El Salvador,7.4
479,Guatemala,Costa Rica,4.92
480,Guatemala,Nicaragua,5.42
481,Guatemala,Panama,3.77
482,Guatemala,Honduras,12.24
483,Guatemala,United States,26.72
484,Cuba,Canada,7.63
485,Cuba,China,4.25
486,Cuba,Venezuela,19.64
487,Cuba,Russian Federation,24.18
488,Cuba,Spain,14.63
489,Cuba,Italy,6.23
490,Cuba,Netherlands,20.06
491,Bolivia,Chile,8.48
492,Bolivia,Switzerland,13.08
493,Bolivia,Brazil,22.19
494,Bolivia,Colombia,14.22
495,Bolivia,Peru,6.32
496,Bolivia,Argentina,18.03
497,Bolivia,United States,13.92
498,Bolivia,Venezuela,7.28
499,Peru,Japan,5.87
500,Peru,Chile,5.86
501,Peru,China,6.24
502,Peru,Switzerland,4.48
503,Peru,United Kingdom,13.53
504,Peru,Argentina,6.22
505,Peru,Colombia,5.17
506,Peru,United States,24.81
507,Barbados,United Kingdom,11.69
508,Barbados,Japan,4.17
509,Barbados,Canada,3.71
510,Barbados,Trinidad and Tobago,11.04
511,Barbados,Jamaica,7.77
512,Barbados,Bunkers,16.76
513,Barbados,United States,14.97
514,Jamaica,United Kingdom,12.64
515,Jamaica,Norway,6.7
516,Jamaica,Japan,5.51
517,Jamaica,Mexico,3.88
518,Jamaica,Trinidad and Tobago,10.52
519,Jamaica,Netherlands,11.12
520,Jamaica,United States,33.0
521,Jamaica,Canada,15.63
522,Brunei,Japan,6.5
523,Brunei,Thailand,11.82
524,Brunei,"Korea, Rep.",11.86
525,Brunei,Singapore,23.8
526,Brunei,Malaysia,20.8
527,Brunei,"Hong Kong, China",5.11
528,Brunei,United States,7.54
529,Thailand,Japan,22.29
530,Thailand,"Hong Kong, China",5.07
531,Thailand,China,4.41
532,Thailand,Singapore,4.6
533,Thailand,Malaysia,4.97
534,Thailand,United States,20.29
535,Malaysia,Japan,19.24
536,Malaysia,"Hong Kong, China",4.57
537,Malaysia,Singapore,12.58
538,Malaysia,China,5.15
539,Malaysia,"Other Asia, nes",5.68
540,Malaysia,Netherlands,4.61
541,Malaysia,United States,20.24
542,Botswana,United Kingdom,85.82
543,Botswana,Norway,2.39
544,Botswana,South Africa,77.52
545,Botswana,Israel,0.8
546,Botswana,Zimbabwe,2.62
547,Botswana,Sweden,2.8
548,Norway,Germany,12.12
549,Norway,United Kingdom,19.55
550,Norway,Sweden,8.06
551,Norway,Denmark,7.07
552,Norway,France,9.41
553,Norway,Netherlands,10.39
554,Norway,United States,7.1
555,South Africa,Germany,9.07
556,South Africa,United Kingdom,10.91
557,South Africa,Japan,6.73
558,South Africa,Saudi Arabia,6.82
559,South Africa,Netherlands,4.36
560,South Africa,United States,13.97
561,Zimbabwe,Botswana,1.45
562,Zimbabwe,Germany,3.44
563,Zimbabwe,United Kingdom,1.09
564,Zimbabwe,South Africa,45.97
565,Zimbabwe,Mozambique,32.33
566,Zimbabwe,Zambia,1.03
567,Zimbabwe,United States,2.83
568,Sweden,Denmark,6.05
569,Sweden,Germany,10.56
570,Sweden,United Kingdom,8.84
571,Sweden,Norway,8.53
572,Sweden,Netherlands,6.95
573,Sweden,United States,11.14
574,Central African Republic,Japan,10.1
575,Central African Republic,Germany,5.49
576,Central African Republic,France,40.1
577,Central African Republic,United Kingdom,3.35
578,Central African Republic,Cameroon,12.52
579,Central African Republic,Belgium,5.21
580,Cameroon,Germany,7.47
581,Cameroon,"Other Asia, nes",8.1
582,Cameroon,France,24.09
583,Cameroon,Italy,27.07
584,Cameroon,Spain,15.08
585,Cameroon,Netherlands,9.0
586,Cameroon,United States,7.88
587,Cameroon,Belgium,4.6
588,Cameroon,Nigeria,13.97
589,Mali,South Africa,4.55
590,Mali,Cote d'Ivoire,23.06
591,Mali,Thailand,3.4
592,Mali,Switzerland,29.96
593,Mali,France,18.7
594,Mali,Senegal,6.37
595,Mali,United States,5.41
596,Nigeria,Germany,9.81
597,Nigeria,United Kingdom,13.44
598,Nigeria,India,11.54
599,Nigeria,China,6.62
600,Nigeria,France,6.33
601,Nigeria,Brazil,5.83
602,Nigeria,Spain,6.51
603,Nigeria,United States,40.57
604,Nigeria,Belgium,5.51
605,Cook Islands,Japan,3.23
606,Cook Islands,"Hong Kong, China",6.64
607,Cook Islands,Fiji,3.31
608,Cook Islands,New Zealand,68.83
609,Cook Islands,Australia,15.06
610,Cook Islands,United States,13.34
611,Fiji,Japan,4.53
612,Fiji,New Zealand,20.11
613,Fiji,Singapore,5.88
614,Fiji,Australia,35.8
615,Fiji,United Kingdom,20.71
616,Fiji,United States,26.04
617,Ecuador,Japan,6.55
618,Ecuador,Panama,6.4
619,Ecuador,Chile,4.96
620,Ecuador,"Korea, Rep.",5.13
621,Ecuador,Peru,7.35
622,Ecuador,Colombia,6.97
623,Ecuador,Venezuela,5.47
624,Ecuador,United States,38.33
625,Comoros,Kenya,5.55
626,Comoros,South Africa,7.92
627,Comoros,United Arab Emirates,2.74
628,Comoros,Germany,3.71
629,Comoros,France,45.47
630,Comoros,India,5.73
631,Comoros,United Kingdom,3.08
632,Comoros,United States,8.04
633,Cape Verde,Germany,0.62
634,Cape Verde,China,7.43
635,Cape Verde,Netherlands,7.3
636,Cape Verde,Portugal,45.8
637,Cape Verde,Mauritania,0.58
638,Cape Verde,Senegal,0.85
639,Cape Verde,United States,17.7
640,Cape Verde,Spain,4.16
641,Cape Verde,Belgium,3.77
642,Portugal,Germany,18.99
643,Portugal,United Kingdom,10.21
644,Portugal,France,10.21
645,Portugal,Spain,27.38
646,Portugal,Italy,6.84
647,Portugal,United States,5.72
648,Mauritania,Germany,6.17
649,Mauritania,France,31.08
650,Mauritania,Japan,8.96
651,Mauritania,Italy,17.57
652,Mauritania,Spain,4.06
653,Mauritania,United States,11.35
654,Mauritania,Belgium,12.22
655,Senegal,Germany,4.79
656,Senegal,Thailand,7.66
657,Senegal,India,12.42
658,Senegal,Greece,7.3
659,Senegal,France,27.78
660,Senegal,Bunkers,12.02
661,Senegal,Mali,6.93
662,Senegal,Spain,4.3
663,Senegal,Nigeria,9.8
664,Costa Rica,Japan,3.67
665,Costa Rica,Guatemala,4.56
666,Costa Rica,Mexico,6.05
667,Costa Rica,Venezuela,4.76
668,Costa Rica,Nicaragua,3.55
669,Costa Rica,Netherlands,5.83
670,Costa Rica,Colombia,2.43
671,Costa Rica,United States,49.67
672,Costa Rica,Malaysia,3.29
673,Nicaragua,Mexico,7.71
674,Nicaragua,Costa Rica,10.61
675,Nicaragua,Venezuela,9.35
676,Nicaragua,Russian Federation,8.0
677,Nicaragua,Guatemala,8.06
678,Nicaragua,Honduras,7.26
679,Nicaragua,El Salvador,14.25
680,Nicaragua,United States,29.33
681,Cyprus,Germany,6.83
682,Cyprus,United Kingdom,18.3
683,Cyprus,Greece,8.18
684,Cyprus,United Arab Emirates,7.63
685,Cyprus,Russian Federation,8.42
686,Cyprus,Italy,8.83
687,Cyprus,United States,9.41
688,Czech Republic,Germany,38.15
689,Czech Republic,France,4.8
690,Czech Republic,Slovak Republic,8.03
691,Czech Republic,Poland,5.18
692,Czech Republic,United Kingdom,5.46
693,Czech Republic,Russian Federation,5.48
694,Czech Republic,Italy,5.25
695,Czech Republic,Austria,5.76
696,Slovak Republic,Germany,27.09
697,Slovak Republic,Czech Republic,15.07
698,Slovak Republic,Poland,5.83
699,Slovak Republic,Russian Federation,14.77
700,Slovak Republic,Italy,8.84
701,Slovak Republic,Austria,4.15
702,Dominica,Guyana,7.08
703,Dominica,United Kingdom,21.14
704,Dominica,Japan,6.33
705,Dominica,Canada,2.94
706,Dominica,Trinidad and Tobago,17.44
707,Dominica,Jamaica,23.31
708,Dominica,France,7.49
709,Dominica,United States,36.43
710,Dominica,Antigua and Barbuda,8.37
711,Guyana,United Kingdom,13.81
712,Guyana,Netherlands Antilles,11.87
713,Guyana,Trinidad and Tobago,3.16
714,Guyana,Jamaica,4.97
715,Guyana,Venezuela,3.99
716,Guyana,United States,33.25
717,Guyana,Canada,22.4
718,Denmark,Germany,17.98
719,Denmark,United Kingdom,9.0
720,Denmark,Sweden,11.14
721,Denmark,France,5.64
722,Denmark,Netherlands,7.0
723,Denmark,United States,5.94
724,Denmark,Special Categories,7.6
725,Dominican Republic,Japan,3.93
726,Dominican Republic,Mexico,6.65
727,Dominican Republic,"Korea, Rep.",3.67
728,Dominican Republic,Venezuela,13.4
729,Dominican Republic,Haiti,8.83
730,Dominican Republic,United States,40.22
731,Dominican Republic,Spain,3.83
732,Dominican Republic,Belgium,8.23
733,Algeria,Germany,7.88
734,Algeria,France,23.95
735,Algeria,Italy,22.5
736,Algeria,Spain,5.25
737,Algeria,Netherlands,7.13
738,Algeria,United States,13.96
739,"Egypt, Arab Rep.",Germany,7.54
740,"Egypt, Arab Rep.",India,6.09
741,"Egypt, Arab Rep.",Italy,9.14
742,"Egypt, Arab Rep.",Saudi Arabia,5.34
743,"Egypt, Arab Rep.",Netherlands,6.72
744,"Egypt, Arab Rep.",United States,8.32
745,Estonia,Germany,6.22
746,Estonia,Sweden,11.84
747,Estonia,Finland,28.45
748,Estonia,China,7.31
749,Estonia,Latvia,7.45
750,Estonia,Russian Federation,8.59
751,Finland,Germany,12.03
752,Finland,United Kingdom,9.44
753,Finland,Sweden,8.26
754,Finland,Russian Federation,5.73
755,Finland,United States,9.44
756,Ethiopia(excludes Eritrea),Germany,6.02
757,Ethiopia(excludes Eritrea),Saudi Arabia,9.4
758,Ethiopia(excludes Eritrea),China,8.4
759,Ethiopia(excludes Eritrea),Japan,10.04
760,Ethiopia(excludes Eritrea),Italy,11.17
761,Ethiopia(excludes Eritrea),Yemen,7.33
762,Ethiopia(excludes Eritrea),Djibouti,16.36
763,Ethiopia(excludes Eritrea),United States,10.23
764,European Union,Japan,8.29
765,European Union,China,3.47
766,European Union,Switzerland,8.74
767,European Union,Russian Federation,3.57
768,European Union,United States,27.77
769,Faeroe Islands,Denmark,25.55
770,Faeroe Islands,Germany,7.93
771,Faeroe Islands,Norway,8.53
772,Faeroe Islands,United Kingdom,18.28
773,Faeroe Islands,France,9.81
774,Faeroe Islands,Spain,11.71
775,Faeroe Islands,Iceland,6.43
776,Faeroe Islands,Sweden,5.96
777,Gabon,Japan,5.65
778,Gabon,China,5.12
779,Gabon,Switzerland,3.81
780,Gabon,France,40.33
781,Gabon,"Korea, Rep.",3.54
782,Gabon,Netherlands,4.01
783,Gabon,United States,56.27
784,Gabon,Belgium,3.92
785,Ireland,Germany,12.59
786,Ireland,United Kingdom,22.39
787,Ireland,Japan,3.53
788,Ireland,France,5.08
789,Ireland,United States,16.93
790,Ireland,Belgium,4.78
791,Guinea,Cote d'Ivoire,12.71
792,Guinea,France,17.43
793,Guinea,China,5.39
794,Guinea,Russian Federation,7.76
795,Guinea,Spain,9.49
796,Guinea,Ireland,11.33
797,Guinea,United States,16.86
798,Guinea,Belgium,13.14
799,"Gambia, The",Germany,25.71
800,"Gambia, The",United Kingdom,21.92
801,"Gambia, The",Cote d'Ivoire,8.0
802,"Gambia, The",France,6.21
803,"Gambia, The",China,6.48
804,"Gambia, The",Spain,5.14
805,"Gambia, The",Guinea,4.1
806,"Gambia, The",Belgium,8.84
807,Grenada,United Kingdom,7.07
808,Grenada,Japan,4.14
809,Grenada,Canada,2.81
810,Grenada,Germany,6.9
811,Grenada,Trinidad and Tobago,4.45
812,Grenada,Netherlands,12.09
813,Grenada,Ireland,11.94
814,Grenada,United States,38.5
815,Greenland,Denmark,84.43
816,Greenland,Norway,2.62
817,Greenland,Canada,0.66
818,Greenland,Thailand,1.26
819,Greenland,Japan,3.52
820,Greenland,Iceland,0.81
821,Greenland,United States,5.8
822,El Salvador,Guatemala,7.04
823,El Salvador,Honduras,2.64
824,El Salvador,Mexico,5.07
825,El Salvador,Costa Rica,2.66
826,El Salvador,Nicaragua,2.71
827,El Salvador,United States,77.18
828,Honduras,Guatemala,6.66
829,Honduras,Germany,4.74
830,Honduras,Mexico,5.19
831,Honduras,El Salvador,4.97
832,Honduras,Japan,2.61
833,Honduras,Panama,4.5
834,Honduras,United States,53.41
835,Croatia,Germany,14.78
836,Croatia,Bosnia and Herzegovina,12.01
837,Croatia,Slovenia,7.78
838,Croatia,Russian Federation,7.15
839,Croatia,Italy,23.72
840,Croatia,Austria,6.9
841,Slovenia,Germany,26.24
842,Slovenia,Croatia,4.08
843,Slovenia,France,10.45
844,Slovenia,Italy,12.47
845,Slovenia,Austria,8.22
846,Jordan,Germany,9.18
847,Jordan,India,8.94
848,Jordan,Iraq,23.27
849,Jordan,Saudi Arabia,6.19
850,Jordan,China,4.88
851,Jordan,United States,10.23
852,Jordan,Free Zones,11.3
853,Uganda,United Kingdom,6.31
854,Uganda,Kenya,13.11
855,Uganda,Japan,7.46
856,Uganda,South Africa,7.25
857,Uganda,"Hong Kong, China",5.88
858,Uganda,Switzerland,15.5
859,Uganda,India,6.62
860,Uganda,Netherlands,11.72
861,Kyrgyz Republic,Kazakhstan,8.2
862,Kyrgyz Republic,Switzerland,26.08
863,Kyrgyz Republic,Germany,19.83
864,Kyrgyz Republic,Uzbekistan,10.08
865,Kyrgyz Republic,China,10.39
866,Kyrgyz Republic,Russian Federation,13.55
867,Kyrgyz Republic,United States,5.74
868,Cambodia,Thailand,14.8
869,Cambodia,"Hong Kong, China",19.53
870,Cambodia,Germany,6.59
871,Cambodia,Singapore,7.87
872,Cambodia,China,10.05
873,Cambodia,United Kingdom,8.44
874,Cambodia,France,2.34
875,Cambodia,"Other Asia, nes",11.58
876,Cambodia,United States,55.62
877,St. Kitts and Nevis,United Kingdom,23.61
878,St. Kitts and Nevis,Japan,2.51
879,St. Kitts and Nevis,Netherlands Antilles,0.77
880,St. Kitts and Nevis,Canada,11.43
881,St. Kitts and Nevis,Dominica,1.28
882,St. Kitts and Nevis,Trinidad and Tobago,12.37
883,St. Kitts and Nevis,Montserrat,0.45
884,St. Kitts and Nevis,United States,71.32
885,Montserrat,United Kingdom,17.42
886,Montserrat,Japan,6.87
887,Montserrat,St. Kitts and Nevis,15.94
888,Montserrat,Dominica,4.97
889,Montserrat,Trinidad and Tobago,5.25
890,Montserrat,United States,10.02
891,Montserrat,Antigua and Barbuda,38.41
892,Kuwait,Germany,9.89
893,Kuwait,Japan,9.56
894,Kuwait,China,0.52
895,Kuwait,Saudi Arabia,1.01
896,Kuwait,United Arab Emirates,0.8
897,Kuwait,Indonesia,0.61
898,Kuwait,Italy,5.86
899,Kuwait,United States,10.61
900,Lebanon,Germany,8.55
901,Lebanon,Switzerland,7.11
902,Lebanon,France,8.44
903,Lebanon,Iraq,7.65
904,Lebanon,Saudi Arabia,9.61
905,Lebanon,China,5.64
906,Lebanon,United Arab Emirates,8.2
907,Lebanon,Italy,9.72
908,Lebanon,United States,6.84
909,St. Lucia,United Kingdom,47.25
910,St. Lucia,Japan,4.22
911,St. Lucia,Canada,3.4
912,St. Lucia,Trinidad and Tobago,15.82
913,St. Lucia,Barbados,13.43
914,St. Lucia,Grenada,2.88
915,St. Lucia,United States,17.67
916,St. Lucia,Antigua and Barbuda,3.1
917,Sri Lanka,Japan,6.23
918,Sri Lanka,Germany,4.2
919,Sri Lanka,"Korea, Rep.",6.2
920,Sri Lanka,India,11.12
921,Sri Lanka,Singapore,7.59
922,Sri Lanka,United Arab Emirates,3.08
923,Sri Lanka,United Kingdom,12.2
924,Sri Lanka,"Hong Kong, China",9.25
925,Sri Lanka,United States,40.76
926,Lesotho,Botswana,0.28
927,Lesotho,South Africa,96.53
928,Lesotho,Gabon,0.23
929,Lesotho,China,0.45
930,Lesotho,"Other Asia, nes",0.93
931,Lesotho,United States,33.36
932,Lesotho,Canada,5.15
933,Lesotho,Belgium,7.69
934,Luxembourg,Germany,23.16
935,Luxembourg,France,12.67
936,Luxembourg,Netherlands,5.04
937,Luxembourg,United Kingdom,9.63
938,Luxembourg,Italy,5.99
939,Luxembourg,United States,5.6
940,Luxembourg,Belgium,32.35
941,Macao,Japan,5.67
942,Macao,China,11.16
943,Macao,Germany,7.7
944,Macao,"Korea, Rep.",6.19
945,Macao,United Kingdom,6.76
946,Macao,France,4.59
947,Macao,"Other Asia, nes",7.03
948,Macao,"Hong Kong, China",14.89
949,Macao,United States,52.43
950,Morocco,Germany,4.71
951,Morocco,United Kingdom,8.26
952,Morocco,France,22.46
953,Morocco,Italy,5.74
954,Morocco,Spain,9.55
955,Moldova,Germany,7.04
956,Moldova,Romania,10.47
957,Moldova,Russian Federation,43.73
958,Moldova,Italy,8.0
959,Moldova,Ukraine,17.1
960,Romania,Germany,15.64
961,Romania,France,6.29
962,Romania,United Kingdom,5.15
963,Romania,Russian Federation,7.61
964,Romania,Italy,24.92
965,Romania,Hungary,3.85
966,Romania,Turkey,3.96
967,Madagascar,United Arab Emirates,6.68
968,Madagascar,Germany,3.54
969,Madagascar,France,14.33
970,Madagascar,China,8.97
971,Madagascar,United Kingdom,3.22
972,Madagascar,United States,21.75
973,Madagascar,Bahrain,6.0
974,Madagascar,Singapore,7.2
975,Maldives,United Arab Emirates,8.37
976,Maldives,Thailand,8.57
977,Maldives,Germany,6.06
978,Maldives,Sri Lanka,19.3
979,Maldives,India,10.57
980,Maldives,Singapore,25.38
981,Maldives,Malaysia,8.87
982,Maldives,United Kingdom,9.04
983,Maldives,United States,40.69
984,Malta,Germany,13.74
985,Malta,United Kingdom,8.8
986,Malta,France,15.01
987,Malta,Italy,19.93
988,Malta,United States,21.74
989,Malta,Singapore,13.02
990,Myanmar,Japan,13.46
991,Myanmar,"Korea, Rep.",12.47
992,Myanmar,Singapore,22.88
993,Myanmar,China,10.74
994,Myanmar,Malaysia,12.0
995,Mongolia,Germany,4.94
996,Mongolia,Japan,8.86
997,Mongolia,China,44.25
998,Mongolia,"Korea, Rep.",9.26
999,Mongolia,Russian Federation,8.37
1000,Mongolia,Italy,3.22
1001,Mongolia,United States,27.57
1002,Mozambique,South Africa,35.81
1003,Mozambique,Japan,4.15
1004,Mozambique,Portugal,7.82
1005,Mozambique,Zimbabwe,5.28
1006,Mozambique,United States,2.28
1007,Mozambique,Pakistan,2.86
1008,Mauritius,Germany,3.61
1009,Mauritius,South Africa,13.8
1010,Mauritius,France,9.44
1011,Mauritius,India,8.0
1012,Mauritius,China,7.14
1013,Mauritius,Madagascar,7.62
1014,Mauritius,United Kingdom,30.16
1015,Mauritius,United States,19.07
1016,Malawi,United Kingdom,10.09
1017,Malawi,South Africa,43.74
1018,Malawi,Germany,10.71
1019,Malawi,India,5.51
1020,Malawi,"Egypt, Arab Rep.",10.93
1021,Malawi,Zimbabwe,6.11
1022,Malawi,United States,14.39
1023,Mayotte,Germany,3.97
1024,Mayotte,South Africa,4.19
1025,Mayotte,Thailand,3.99
1026,Mayotte,France,60.83
1027,Mayotte,Madagascar,4.21
1028,Mayotte,Comoros,43.71
1029,Mayotte,Italy,0.52
1030,Mayotte,Spain,2.36
1031,Mayotte,Mauritius,1.92
1032,Namibia,Germany,1.97
1033,Namibia,United Kingdom,35.28
1034,Namibia,South Africa,86.03
1035,Namibia,Angola,5.85
1036,Namibia,China,1.09
1037,Namibia,Spain,13.13
1038,Namibia,United States,2.97
1039,Philippines,Japan,20.02
1040,Philippines,"Other Asia, nes",6.62
1041,Philippines,"Korea, Rep.",6.29
1042,Philippines,Singapore,6.3
1043,Philippines,Netherlands,9.26
1044,Philippines,United States,27.97
1045,Papua New Guinea,Japan,8.48
1046,Papua New Guinea,Germany,1.82
1047,Papua New Guinea,Singapore,7.79
1048,Papua New Guinea,Australia,60.04
1049,Papua New Guinea,New Zealand,3.35
1050,Papua New Guinea,United States,7.07
1051,Paraguay,Chile,2.61
1052,Paraguay,Japan,4.41
1053,Paraguay,Cayman Islands,2.74
1054,Paraguay,Brazil,59.66
1055,Paraguay,China,11.61
1056,Paraguay,Uruguay,7.64
1057,Paraguay,Argentina,12.69
1058,Paraguay,United States,5.9
1059,Uruguay,China,5.0
1060,Uruguay,Germany,4.69
1061,Uruguay,France,4.2
1062,Uruguay,Brazil,21.42
1063,Uruguay,Argentina,15.38
1064,Uruguay,Venezuela,5.7
1065,Uruguay,United States,8.57
1066,French Polynesia,Germany,3.95
1067,French Polynesia,"Hong Kong, China",27.32
1068,French Polynesia,France,36.17
1069,French Polynesia,New Caledonia,3.35
1070,French Polynesia,Japan,25.83
1071,French Polynesia,Australia,11.47
1072,French Polynesia,New Zealand,8.14
1073,French Polynesia,United States,19.02
1074,Qatar,Germany,9.17
1075,Qatar,United Kingdom,8.06
1076,Qatar,Japan,9.52
1077,Qatar,China,3.05
1078,Qatar,"Korea, Rep.",20.02
1079,Qatar,Italy,9.79
1080,Qatar,United States,3.54
1081,Qatar,Singapore,6.87
1082,Rwanda,Kenya,13.5
1083,Rwanda,Japan,5.51
1084,Rwanda,Tanzania,3.23
1085,Rwanda,Switzerland,2.4
1086,Rwanda,South Africa,3.38
1087,Rwanda,Bouvet Island,66.75
1088,Rwanda,Saudi Arabia,10.62
1089,Rwanda,United States,5.69
1090,Rwanda,Belgium,17.52
1091,Fm Sudan,Germany,7.1
1092,Fm Sudan,United Kingdom,3.55
1093,Fm Sudan,United Arab Emirates,6.61
1094,Fm Sudan,China,56.55
1095,Fm Sudan,"Korea, Rep.",4.26
1096,Fm Sudan,Japan,4.36
1097,Fm Sudan,Saudi Arabia,10.21
1098,Fm Sudan,Singapore,7.8
1099,Sao Tome and Principe,Japan,6.48
1100,Sao Tome and Principe,France,11.81
1101,Sao Tome and Principe,Angola,14.2
1102,Sao Tome and Principe,Portugal,45.96
1103,Sao Tome and Principe,Spain,11.43
1104,Sao Tome and Principe,Netherlands,47.38
1105,Sao Tome and Principe,Belgium,10.59
1106,Sao Tome and Principe,"Bahamas, The",6.71
1107,Suriname,Guyana,2.8
1108,Suriname,Japan,5.96
1109,Suriname,Netherlands Antilles,8.86
1110,Suriname,Trinidad and Tobago,16.83
1111,Suriname,Netherlands,2.99
1112,Suriname,United States,2.93
1113,Suriname,Canada,8.99
1114,Eswatini,United Kingdom,3.14
1115,Eswatini,Japan,2.36
1116,Eswatini,South Africa,78.01
1117,Eswatini,Nigeria,2.47
1118,Eswatini,China,10.03
1119,Eswatini,"Congo, Rep.",20.67
1120,Eswatini,Italy,2.93
1121,Eswatini,"Hong Kong, China",3.81
1122,Eswatini,Mozambique,5.33
1123,Seychelles,Germany,4.3
1124,Seychelles,France,9.8
1125,Seychelles,United Kingdom,30.4
1126,Seychelles,Italy,10.74
1127,Seychelles,Spain,6.59
1128,Seychelles,United States,35.32
1129,Syrian Arab Republic,Germany,5.21
1130,Syrian Arab Republic,"Korea, Rep.",5.51
1131,Syrian Arab Republic,Oman,4.87
1132,Syrian Arab Republic,France,14.95
1133,Syrian Arab Republic,Italy,37.22
1134,Syrian Arab Republic,Spain,7.77
1135,Syrian Arab Republic,Turkey,8.38
1136,Syrian Arab Republic,United States,5.64
1137,Syrian Arab Republic,Ukraine,7.85
1138,Turks and Caicos Isl.,Jamaica,0.05
1139,Turks and Caicos Isl.,"Bahamas, The",0.03
1140,Turks and Caicos Isl.,Venezuela,0.12
1141,Turks and Caicos Isl.,Haiti,0.32
1142,Turks and Caicos Isl.,United States,99.47
1143,Turks and Caicos Isl.,Bahrain,0.12
1144,Tonga,Japan,3.66
1145,Tonga,American Samoa,16.62
1146,Tonga,Fiji,14.87
1147,Tonga,New Zealand,44.26
1148,Tonga,Samoa,5.77
1149,Tonga,Australia,21.15
1150,Tonga,United States,6.18
1151,Samoa,Japan,11.5
1152,Samoa,Tonga,0.57
1153,Samoa,Fiji,8.31
1154,Samoa,New Zealand,31.56
1155,Samoa,Australia,25.48
1156,Samoa,United States,30.26
1157,Samoa,Tokelau,1.23
1158,Tunisia,Germany,11.72
1159,Tunisia,France,25.79
1160,Tunisia,Italy,23.22
1161,Tunisia,Spain,4.56
1162,Tunisia,United States,4.04
1163,Tunisia,Belgium,4.88
1164,Tuvalu,Japan,7.03
1165,Tuvalu,Fiji,35.56
1166,Tuvalu,Australia,20.89
1167,Tuvalu,New Zealand,15.0
1168,St. Vincent and the Grenadines,United Kingdom,37.71
1169,St. Vincent and the Grenadines,Trinidad and Tobago,17.43
1170,St. Vincent and the Grenadines,Barbados,4.05
1171,St. Vincent and the Grenadines,St. Lucia,8.15
1172,St. Vincent and the Grenadines,Italy,7.39
1173,St. Vincent and the Grenadines,United States,35.31
1174,St. Vincent and the Grenadines,Antigua and Barbuda,5.69
1175,Vietnam,Japan,13.46
1176,Vietnam,China,9.43
1177,Vietnam,"Korea, Rep.",11.63
1178,Vietnam,Singapore,15.28
1179,Vietnam,Australia,6.93
1180,Vietnam,"Other Asia, nes",12.39
1181,Vietnam,United States,7.09
1182, World,Germany,7.7
1183, World,Japan,7.17
1184, World,France,4.78
1185, World,China,6.76
1186, World,United Kingdom,5.44
1187, World,United States,17.46
1188,Wallis and Futura Isl.,Japan,5.63
1189,Wallis and Futura Isl.,France,29.55
1190,Wallis and Futura Isl.,New Caledonia,6.94
1191,Wallis and Futura Isl.,Australia,24.74
1192,Wallis and Futura Isl.,New Zealand,14.27
1193,Zambia,United Kingdom,47.42
1194,Zambia,Japan,2.51
1195,Zambia,South Africa,56.15
1196,Zambia,India,3.23
1197,Zambia,Switzerland,5.88
1198,Zambia,China,3.32
1199,Zambia,Zimbabwe,8.6
1200,Zambia,"Congo, Dem. Rep.",3.34
