,source,target,2002
0,Aruba,United Kingdom,5.72
1,Aruba,Panama,16.86
2,Aruba,Netherlands Antilles,3.0
3,Aruba,Netherlands,28.57
4,Aruba,Colombia,21.72
5,Aruba,Venezuela,2.74
6,Aruba,United States,12.19
7,United Kingdom,Germany,11.5
8,United Kingdom,France,7.98
9,United Kingdom,China,5.2
10,United Kingdom,Netherlands,7.28
11,United Kingdom,Ireland,8.37
12,United Kingdom,United States,15.36
13,Panama,Sweden,6.07
14,Panama,Japan,5.43
15,Panama,Costa Rica,4.21
16,Panama,Honduras,4.42
17,Panama,Colombia,5.92
18,Panama,United States,47.51
19,Panama,Belgium,4.39
20,Netherlands,Germany,24.27
21,Netherlands,United Kingdom,10.97
22,Netherlands,France,5.76
23,Netherlands,Italy,6.14
24,Netherlands,United States,8.88
25,Netherlands,Belgium,10.99
26,Colombia,Japan,4.88
27,Colombia,Germany,2.79
28,Colombia,Mexico,5.34
29,Colombia,Brazil,5.07
30,Colombia,Peru,2.92
31,Colombia,Venezuela,6.21
32,Colombia,United States,44.79
33,Colombia,Ecuador,6.82
34,Venezuela,Germany,4.99
35,Venezuela,Netherlands Antilles,6.31
36,Venezuela,Mexico,4.6
37,Venezuela,Brazil,6.47
38,Venezuela,Colombia,3.32
39,Venezuela,United States,56.54
40,Venezuela,Dominican Republic,2.83
41,United States,Germany,3.84
42,United States,Japan,10.38
43,United States,Canada,17.7
44,United States,Mexico,14.06
45,United States,China,11.13
46,United States,United Kingdom,4.79
47,Anguila,United Kingdom,3.51
48,Anguila,Netherlands Antilles,8.07
49,Anguila,France,3.54
50,Anguila,Trinidad and Tobago,5.85
51,Anguila,Japan,2.96
52,Anguila,United States,56.98
53,France,Germany,14.5
54,France,United Kingdom,10.28
55,France,Italy,9.06
56,France,Spain,7.18
57,France,United States,8.09
58,Trinidad and Tobago,Germany,6.89
59,Trinidad and Tobago,Japan,4.38
60,Trinidad and Tobago,Brazil,5.71
61,Trinidad and Tobago,Jamaica,7.59
62,Trinidad and Tobago,Barbados,4.63
63,Trinidad and Tobago,Venezuela,10.84
64,Trinidad and Tobago,France,4.57
65,Trinidad and Tobago,Spain,2.39
66,Trinidad and Tobago,United States,50.39
67,Japan,"Other Asia, nes",6.3
68,Japan,"Hong Kong, China",6.1
69,Japan,China,9.56
70,Japan,"Korea, Rep.",4.59
71,Japan,Australia,4.15
72,Japan,United States,28.89
73,Japan,Indonesia,4.2
74,Albania,Germany,5.54
75,Albania,United Kingdom,3.07
76,Albania,Greece,12.83
77,Albania,"Serbia, FR(Serbia/Montenegro)",2.27
78,Albania,Italy,71.72
79,Albania,Turkey,6.08
80,Albania,United States,1.64
81,Germany,United Kingdom,8.13
82,Germany,France,9.22
83,Germany,Netherlands,5.9
84,Germany,Italy,7.13
85,Germany,United States,10.29
86,Greece,Germany,10.43
87,Greece,"Korea, Rep.",5.96
88,Greece,France,5.68
89,Greece,Bulgaria,5.36
90,Greece,United Kingdom,6.22
91,Greece,Russian Federation,7.34
92,Greece,Italy,8.51
93,"Serbia, FR(Serbia/Montenegro)",Germany,10.67
94,"Serbia, FR(Serbia/Montenegro)",Bosnia and Herzegovina,14.57
95,"Serbia, FR(Serbia/Montenegro)",Switzerland,7.51
96,"Serbia, FR(Serbia/Montenegro)",North Macedonia,9.09
97,"Serbia, FR(Serbia/Montenegro)",Slovenia,3.83
98,"Serbia, FR(Serbia/Montenegro)",Russian Federation,12.45
99,"Serbia, FR(Serbia/Montenegro)",Italy,14.51
100,"Serbia, FR(Serbia/Montenegro)",Hungary,4.36
101,Italy,Germany,13.86
102,Italy,United Kingdom,7.0
103,Italy,France,11.79
104,Italy,Netherlands,5.77
105,Italy,Spain,6.43
106,Italy,United States,9.63
107,Turkey,Germany,16.28
108,Turkey,United Kingdom,8.39
109,Turkey,Russian Federation,7.55
110,Turkey,France,5.92
111,Turkey,Italy,6.59
112,Turkey,United States,9.31
113,Andorra,Germany,9.39
114,Andorra,Norway,1.23
115,Andorra,Japan,4.17
116,Andorra,France,24.52
117,Andorra,Spain,50.03
118,Andorra,Italy,3.2
119,Andorra,United States,0.89
120,Norway,Germany,12.68
121,Norway,United Kingdom,19.31
122,Norway,Denmark,7.88
123,Norway,France,8.48
124,Norway,Sweden,15.35
125,Norway,Netherlands,9.56
126,Norway,United States,8.8
127,Spain,Germany,11.49
128,Spain,United Kingdom,9.65
129,Spain,France,16.43
130,Spain,Italy,9.42
131,Spain,Portugal,10.18
132,Spain,United States,4.11
133,United Arab Emirates,Germany,5.91
134,United Arab Emirates,Japan,6.48
135,United Arab Emirates,"Other Asia, nes",6.8
136,United Arab Emirates,India,2.05
137,United Arab Emirates,China,7.12
138,United Arab Emirates,"Iran, Islamic Rep.",4.68
139,United Arab Emirates,United States,6.14
140,"Other Asia, nes",Germany,3.93
141,"Other Asia, nes",Japan,24.24
142,"Other Asia, nes","Hong Kong, China",23.62
143,"Other Asia, nes",China,7.63
144,"Other Asia, nes","Korea, Rep.",6.85
145,"Other Asia, nes",United States,20.54
146,"Other Asia, nes",Singapore,3.35
147,India,United Kingdom,4.81
148,India,"Hong Kong, China",4.66
149,India,Germany,4.05
150,India,China,4.56
151,India,United Arab Emirates,6.2
152,India,United States,20.74
153,India,Belgium,6.21
154,China,Germany,3.49
155,China,Japan,18.11
156,China,"Hong Kong, China",17.96
157,China,"Korea, Rep.",9.68
158,China,"Other Asia, nes",12.89
159,China,United States,21.51
160,"Iran, Islamic Rep.",Germany,17.09
161,"Iran, Islamic Rep.",United Arab Emirates,2.86
162,"Iran, Islamic Rep.","Other Asia, nes",22.13
163,"Iran, Islamic Rep.",Switzerland,9.32
164,"Iran, Islamic Rep.",France,5.94
165,"Iran, Islamic Rep.",Japan,18.01
166,"Iran, Islamic Rep.",Italy,6.69
167,Argentina,Germany,6.16
168,Argentina,Chile,11.52
169,Argentina,Japan,3.49
170,Argentina,China,4.25
171,Argentina,Brazil,18.78
172,Argentina,Spain,4.46
173,Argentina,United States,11.5
174,Chile,Germany,4.67
175,Chile,China,7.03
176,Chile,Brazil,10.48
177,Chile,Japan,11.07
178,Chile,Mexico,5.22
179,Chile,Italy,4.91
180,Chile,Argentina,19.74
181,Chile,United States,19.99
182,Brazil,Germany,4.21
183,Brazil,Japan,4.83
184,Brazil,China,4.18
185,Brazil,France,3.63
186,Brazil,Mexico,3.89
187,Brazil,Netherlands,5.19
188,Brazil,Argentina,9.88
189,Brazil,United States,25.78
190,Armenia,Israel,16.64
191,Armenia,United Kingdom,9.68
192,Armenia,Russian Federation,11.68
193,Armenia,"Iran, Islamic Rep.",6.03
194,Armenia,United States,8.47
195,Armenia,Belgium,9.44
196,Israel,Germany,7.09
197,Israel,United Kingdom,3.95
198,Israel,"Hong Kong, China",4.65
199,Israel,United States,40.24
200,Israel,Belgium,9.15
201,Russian Federation,Germany,7.55
202,Russian Federation,China,6.41
203,Russian Federation,Belarus,8.61
204,Russian Federation,Italy,6.98
205,Russian Federation,Netherlands,7.06
206,Russian Federation,United States,6.46
207,Russian Federation,Ukraine,6.99
208,Belgium,Germany,18.64
209,Belgium,United Kingdom,9.62
210,Belgium,France,12.59
211,Belgium,Ireland,7.02
212,Belgium,Netherlands,11.67
213,Belgium,United States,7.77
214,Australia,Germany,5.73
215,Australia,United Kingdom,4.54
216,Australia,Japan,12.41
217,Australia,China,7.01
218,Australia,New Zealand,6.65
219,Australia,"Korea, Rep.",8.36
220,Australia,United States,9.71
221,New Zealand,Germany,5.14
222,New Zealand,Japan,11.99
223,New Zealand,China,4.61
224,New Zealand,Australia,22.72
225,New Zealand,United Kingdom,4.82
226,New Zealand,United States,15.35
227,"Korea, Rep.",Japan,19.63
228,"Korea, Rep.","Other Asia, nes",4.08
229,"Korea, Rep.","Hong Kong, China",6.24
230,"Korea, Rep.",China,14.62
231,"Korea, Rep.",Saudi Arabia,5.47
232,"Korea, Rep.",Australia,3.93
233,"Korea, Rep.",United States,20.28
234,Austria,Germany,32.02
235,Austria,Switzerland,5.65
236,Austria,France,3.87
237,Austria,United Kingdom,4.66
238,Austria,Italy,8.46
239,Austria,United States,5.18
240,Switzerland,Germany,18.57
241,Switzerland,United Kingdom,4.69
242,Switzerland,France,9.65
243,Switzerland,Italy,10.86
244,Switzerland,United States,10.93
245,Azerbaijan,Turkmenistan,7.19
246,Azerbaijan,France,7.09
247,Azerbaijan,Kazakhstan,8.99
248,Azerbaijan,Russian Federation,4.41
249,Azerbaijan,Italy,49.95
250,Azerbaijan,Turkey,9.38
251,Azerbaijan,Spain,4.8
252,Azerbaijan,Israel,7.11
253,Kazakhstan,Germany,8.9
254,Kazakhstan,United Kingdom,3.95
255,Kazakhstan,China,10.56
256,Kazakhstan,Switzerland,8.02
257,Kazakhstan,Bermuda,20.86
258,Kazakhstan,Russian Federation,15.53
259,Kazakhstan,Italy,9.38
260,Kazakhstan,United States,7.01
261,Burundi,Kenya,12.16
262,Burundi,Rwanda,12.17
263,Burundi,Tanzania,10.44
264,Burundi,Switzerland,23.44
265,Burundi,France,7.15
266,Burundi,China,4.99
267,Burundi,United Kingdom,21.88
268,Burundi,Netherlands,6.41
269,Burundi,Belgium,16.64
270,Kenya,United Kingdom,13.31
271,Kenya,South Africa,6.93
272,Kenya,United Arab Emirates,11.23
273,Kenya,Uganda,21.55
274,Kenya,Tanzania,7.64
275,Kenya,France,5.91
276,Kenya,Netherlands,7.16
277,Kenya,United States,6.34
278,Rwanda,Kenya,35.68
279,Rwanda,Japan,6.99
280,Rwanda,"Hong Kong, China",8.57
281,Rwanda,Switzerland,13.69
282,Rwanda,Saudi Arabia,9.21
283,Rwanda,Netherlands,12.07
284,Rwanda,Bahrain,5.6
285,Rwanda,Belgium,10.49
286,Tanzania,Kenya,5.69
287,Tanzania,Japan,8.29
288,Tanzania,South Africa,11.28
289,Tanzania,United Arab Emirates,5.8
290,Tanzania,India,7.2
291,Tanzania,United Kingdom,17.67
292,Tanzania,France,17.33
293,Tanzania,Netherlands,6.05
294,Ireland,Germany,7.19
295,Ireland,United Kingdom,22.18
296,Ireland,France,4.63
297,Ireland,Netherlands,3.37
298,Ireland,United States,17.67
299,Ireland,Belgium,14.4
300,Benin,Nigeria,14.89
301,Benin,Cote d'Ivoire,5.61
302,Benin,Ghana,5.6
303,Benin,China,6.76
304,Benin,India,17.57
305,Benin,France,23.98
306,Benin,Togo,4.96
307,Benin,Indonesia,9.96
308,Nigeria,Germany,6.08
309,Nigeria,United Kingdom,12.53
310,Nigeria,India,11.61
311,Nigeria,China,8.46
312,Nigeria,France,5.37
313,Nigeria,Brazil,8.28
314,Nigeria,Spain,5.49
315,Nigeria,United States,31.33
316,Nigeria,Belgium,5.93
317,Cote d'Ivoire,Germany,3.6
318,Cote d'Ivoire,Nigeria,14.11
319,Cote d'Ivoire,France,21.38
320,Cote d'Ivoire,Singapore,5.43
321,Cote d'Ivoire,Spain,4.96
322,Cote d'Ivoire,Italy,4.68
323,Cote d'Ivoire,Netherlands,18.91
324,Cote d'Ivoire,United States,7.54
325,Ghana,Germany,6.98
326,Ghana,United Kingdom,8.8
327,Ghana,United States,7.44
328,Ghana,Belgium,5.27
329,Ghana,Nigeria,7.16
330,Togo,Germany,5.05
331,Togo,"Other Asia, nes",6.3
332,Togo,Canada,5.82
333,Togo,Cote d'Ivoire,6.28
334,Togo,France,20.35
335,Togo,Burkina Faso,12.99
336,Togo,Ghana,21.47
337,Togo,Benin,13.22
338,Togo,Belgium,5.07
339,Togo,Niger,4.62
340,Indonesia,Japan,14.09
341,Indonesia,China,5.08
342,Indonesia,"Korea, Rep.",5.26
343,Indonesia,Singapore,13.1
344,Indonesia,United States,13.24
345,Burkina Faso,Japan,4.59
346,Burkina Faso,Cote d'Ivoire,19.9
347,Burkina Faso,Switzerland,10.26
348,Burkina Faso,France,22.31
349,Burkina Faso,Togo,3.99
350,Burkina Faso,China,4.26
351,Burkina Faso,Belgium,3.53
352,Burkina Faso,Singapore,5.4
353,Singapore,Japan,12.52
354,Singapore,Thailand,4.65
355,Singapore,"Hong Kong, China",9.15
356,Singapore,China,5.48
357,Singapore,Malaysia,17.42
358,Singapore,United States,15.25
359,Bangladesh,Japan,6.16
360,Bangladesh,Liberia,11.53
361,Bangladesh,Germany,11.11
362,Bangladesh,India,13.41
363,Bangladesh,Singapore,6.82
364,Bangladesh,China,8.95
365,Bangladesh,United Kingdom,10.18
366,Bangladesh,France,6.32
367,Bangladesh,Netherlands,4.29
368,Bangladesh,United States,38.0
369,Bulgaria,Germany,9.55
370,Bulgaria,Greece,9.2
371,Bulgaria,France,5.65
372,Bulgaria,Russian Federation,14.66
373,Bulgaria,Italy,15.41
374,Bulgaria,Turkey,9.32
375,Bahrain,Germany,5.59
376,Bahrain,Japan,6.3
377,Bahrain,"Other Asia, nes",2.79
378,Bahrain,Saudi Arabia,5.66
379,Bahrain,United Arab Emirates,1.69
380,Bahrain,Australia,5.37
381,Bahrain,United States,7.9
382,Saudi Arabia,Germany,8.62
383,Saudi Arabia,United Kingdom,5.98
384,Saudi Arabia,Japan,11.55
385,Saudi Arabia,"Other Asia, nes",45.24
386,Saudi Arabia,China,5.31
387,Saudi Arabia,United Arab Emirates,1.23
388,Saudi Arabia,Kuwait,0.69
389,Saudi Arabia,United States,0.76
390,"Bahamas, The",Japan,1.02
391,"Bahamas, The",Netherlands Antilles,1.93
392,"Bahamas, The",Canada,0.61
393,"Bahamas, The",Germany,3.52
394,"Bahamas, The",Venezuela,0.58
395,"Bahamas, The",United Kingdom,4.26
396,"Bahamas, The",France,6.76
397,"Bahamas, The",Spain,2.37
398,"Bahamas, The",United States,77.88
399,Canada,United Kingdom,1.12
400,Canada,Japan,4.42
401,Canada,China,1.04
402,Canada,Germany,0.75
403,Canada,Mexico,3.65
404,Canada,United States,87.13
405,Belarus,Germany,4.34
406,Belarus,Poland,2.44
407,Belarus,Latvia,6.48
408,Belarus,United Kingdom,6.16
409,Belarus,Russian Federation,49.58
410,Belarus,Netherlands,3.48
411,Belarus,Ukraine,3.2
412,Poland,Germany,32.81
413,Poland,United Kingdom,5.23
414,Poland,France,7.01
415,Poland,Russian Federation,8.1
416,Poland,Italy,5.55
417,Poland,Netherlands,4.52
418,Latvia,Germany,15.49
419,Latvia,Sweden,10.55
420,Latvia,Estonia,6.0
421,Latvia,Lithuania,8.36
422,Latvia,Finland,8.01
423,Latvia,United Kingdom,14.58
424,Latvia,Russian Federation,8.76
425,Ukraine,Germany,4.1
426,Ukraine,Poland,3.16
427,Ukraine,China,3.72
428,Ukraine,Turkmenistan,11.11
429,Ukraine,Russian Federation,17.56
430,Ukraine,Italy,4.63
431,Ukraine,Turkey,6.89
432,Ukraine,United States,2.73
433,Belize,Mexico,7.14
434,Belize,Japan,5.38
435,Belize,United Kingdom,22.48
436,Belize,Guatemala,3.41
437,Belize,Netherlands,8.51
438,Belize,United States,36.88
439,Belize,Cuba,8.96
440,Mexico,Germany,3.6
441,Mexico,Japan,5.54
442,Mexico,Canada,2.66
443,Mexico,China,3.72
444,Mexico,Spain,0.9
445,Mexico,United States,85.82
446,Guatemala,Mexico,8.77
447,Guatemala,El Salvador,6.08
448,Guatemala,Costa Rica,4.55
449,Guatemala,Nicaragua,5.53
450,Guatemala,Panama,4.26
451,Guatemala,Honduras,11.03
452,Guatemala,United States,29.61
453,Cuba,Canada,6.45
454,Cuba,China,5.25
455,Cuba,Venezuela,17.39
456,Cuba,Russian Federation,19.58
457,Cuba,Spain,13.85
458,Cuba,Italy,6.77
459,Cuba,Netherlands,20.86
460,Bolivia,Japan,5.53
461,Bolivia,Chile,6.89
462,Bolivia,Switzerland,15.67
463,Bolivia,Brazil,24.53
464,Bolivia,Colombia,10.16
465,Bolivia,Argentina,16.85
466,Bolivia,United States,14.0
467,Bolivia,Venezuela,12.78
468,Barbados,United Kingdom,11.92
469,Barbados,Japan,4.52
470,Barbados,Canada,3.73
471,Barbados,Trinidad and Tobago,10.99
472,Barbados,Jamaica,6.98
473,Barbados,United States,16.51
474,Jamaica,United Kingdom,11.09
475,Jamaica,Norway,8.45
476,Jamaica,Japan,6.06
477,Jamaica,Trinidad and Tobago,8.25
478,Jamaica,Venezuela,4.33
479,Jamaica,Netherlands,12.24
480,Jamaica,United States,28.35
481,Jamaica,Canada,14.21
482,Brunei,United Kingdom,6.36
483,Brunei,Japan,13.73
484,Brunei,Thailand,13.26
485,Brunei,"Korea, Rep.",11.72
486,Brunei,Singapore,18.13
487,Brunei,Australia,8.81
488,Brunei,Malaysia,14.99
489,Brunei,United States,7.89
490,Thailand,Japan,23.03
491,Thailand,"Hong Kong, China",5.41
492,Thailand,China,5.22
493,Thailand,Malaysia,5.64
494,Thailand,"Other Asia, nes",4.5
495,Thailand,United States,19.83
496,Thailand,Singapore,8.15
497,Malaysia,Japan,16.6
498,Malaysia,"Hong Kong, China",5.69
499,Malaysia,China,5.63
500,Malaysia,Singapore,11.11
501,Malaysia,United States,20.18
502,Botswana,United Kingdom,81.44
503,Botswana,Norway,2.08
504,Botswana,South Africa,79.87
505,Botswana,France,1.88
506,Botswana,Zimbabwe,2.68
507,Botswana,Sweden,2.38
508,Botswana,Israel,0.8
509,South Africa,Germany,8.17
510,South Africa,United Kingdom,10.92
511,South Africa,Japan,6.94
512,South Africa,China,5.18
513,South Africa,Netherlands,5.15
514,South Africa,United States,10.58
515,Zimbabwe,Botswana,3.49
516,Zimbabwe,South Africa,48.59
517,Zimbabwe,Mozambique,6.13
518,Zimbabwe,Switzerland,7.7
519,Zimbabwe,United Kingdom,3.8
520,Zimbabwe,Zambia,6.12
521,Zimbabwe,Special Categories,4.3
522,Zimbabwe,United States,3.48
523,Sweden,Denmark,6.1
524,Sweden,Germany,10.02
525,Sweden,United Kingdom,8.19
526,Sweden,Norway,8.69
527,Sweden,Netherlands,7.0
528,Sweden,United States,11.39
529,Central African Republic,Japan,11.75
530,Central African Republic,Switzerland,1.94
531,Central African Republic,Germany,6.07
532,Central African Republic,France,35.75
533,Central African Republic,Portugal,3.92
534,Central African Republic,Cameroon,12.77
535,Central African Republic,Belgium,5.62
536,Portugal,Germany,17.68
537,Portugal,United Kingdom,10.39
538,Portugal,France,10.24
539,Portugal,Spain,28.88
540,Portugal,Italy,6.73
541,Portugal,United States,5.73
542,Cameroon,Germany,4.67
543,Cameroon,Japan,4.53
544,Cameroon,France,24.31
545,Cameroon,Italy,19.0
546,Cameroon,Spain,19.92
547,Cameroon,Netherlands,12.81
548,Cameroon,United States,6.78
549,Cameroon,Nigeria,10.74
550,"Hong Kong, China",Japan,11.27
551,"Hong Kong, China",China,39.1
552,"Hong Kong, China",Germany,3.1
553,"Hong Kong, China","Korea, Rep.",4.71
554,"Hong Kong, China",United Kingdom,3.62
555,"Hong Kong, China","Other Asia, nes",7.15
556,"Hong Kong, China",United States,21.18
557,Cook Islands,Japan,2.61
558,Cook Islands,Thailand,2.04
559,Cook Islands,New Zealand,74.4
560,Cook Islands,Australia,12.19
561,Cook Islands,Fiji,4.19
562,Cook Islands,United States,10.66
563,Fiji,Japan,4.94
564,Fiji,New Zealand,20.43
565,Fiji,Singapore,5.58
566,Fiji,Australia,39.32
567,Fiji,United Kingdom,13.52
568,Fiji,United States,19.13
569,Peru,China,7.8
570,Peru,Switzerland,7.35
571,Peru,Brazil,6.53
572,Peru,Japan,4.88
573,Peru,United Kingdom,11.8
574,Peru,Argentina,7.92
575,Peru,Colombia,6.09
576,Peru,United States,26.07
577,Ecuador,Japan,6.09
578,Ecuador,Brazil,6.31
579,Ecuador,"Korea, Rep.",5.89
580,Ecuador,Peru,7.43
581,Ecuador,Colombia,7.18
582,Ecuador,Venezuela,5.49
583,Ecuador,Italy,5.75
584,Ecuador,United States,40.8
585,Comoros,South Africa,12.42
586,Comoros,United Arab Emirates,1.32
587,Comoros,Germany,13.73
588,Comoros,France,43.33
589,Comoros,United Kingdom,10.01
590,Comoros,United States,28.44
591,Comoros,Indonesia,3.41
592,Comoros,Belgium,3.07
593,Cape Verde,Germany,2.34
594,Cape Verde,Japan,5.11
595,Cape Verde,Netherlands,7.38
596,Cape Verde,Portugal,46.94
597,Cape Verde,Mauritania,1.44
598,Cape Verde,United States,13.84
599,Cape Verde,Mozambique,2.71
600,Mauritania,Germany,6.11
601,Mauritania,France,30.46
602,Mauritania,Japan,9.77
603,Mauritania,Italy,19.35
604,Mauritania,Spain,5.47
605,Mauritania,United States,6.67
606,Mauritania,Belgium,16.28
607,Mozambique,Japan,5.78
608,Mozambique,South Africa,29.09
609,Mozambique,India,5.14
610,Mozambique,Malawi,5.01
611,Mozambique,Spain,7.16
612,Mozambique,Zimbabwe,6.9
613,Mozambique,Portugal,6.0
614,Costa Rica,Japan,4.3
615,Costa Rica,Guatemala,4.71
616,Costa Rica,Mexico,5.34
617,Costa Rica,Brazil,2.36
618,Costa Rica,Venezuela,4.18
619,Costa Rica,Nicaragua,3.32
620,Costa Rica,Netherlands,6.36
621,Costa Rica,Honduras,3.03
622,Costa Rica,United States,50.7
623,Nicaragua,Guatemala,4.16
624,Nicaragua,Mexico,6.34
625,Nicaragua,Costa Rica,8.44
626,Nicaragua,Venezuela,11.08
627,Nicaragua,Honduras,6.88
628,Nicaragua,El Salvador,15.51
629,Nicaragua,United States,39.1
630,Honduras,Guatemala,6.32
631,Honduras,Germany,5.61
632,Honduras,Mexico,6.44
633,Honduras,El Salvador,5.11
634,Honduras,Panama,5.11
635,Honduras,Netherlands,2.81
636,Honduras,United States,48.31
637,Cyprus,Germany,8.8
638,Cyprus,United Kingdom,27.66
639,Cyprus,Japan,6.75
640,Cyprus,Greece,8.29
641,Cyprus,United Arab Emirates,3.56
642,Cyprus,Lebanon,3.65
643,Cyprus,Bunkers,8.28
644,Cyprus,Italy,9.24
645,Lebanon,Germany,9.04
646,Lebanon,Switzerland,12.64
647,Lebanon,France,8.03
648,Lebanon,Iraq,6.8
649,Lebanon,Syrian Arab Republic,7.23
650,Lebanon,Saudi Arabia,9.18
651,Lebanon,China,6.75
652,Lebanon,United Arab Emirates,9.06
653,Lebanon,Italy,10.76
654,Lebanon,United States,7.23
655,Czech Republic,Germany,34.89
656,Czech Republic,France,4.63
657,Czech Republic,Slovak Republic,7.69
658,Czech Republic,Poland,4.64
659,Czech Republic,United Kingdom,6.19
660,Czech Republic,Russian Federation,6.76
661,Czech Republic,Italy,4.87
662,Czech Republic,Austria,5.99
663,Slovak Republic,Germany,26.0
664,Slovak Republic,Czech Republic,15.15
665,Slovak Republic,France,4.41
666,Slovak Republic,Russian Federation,12.55
667,Slovak Republic,Italy,10.73
668,Slovak Republic,Austria,7.68
669,Slovak Republic,Hungary,5.45
670,Dominica,Guyana,6.84
671,Dominica,United Kingdom,22.58
672,Dominica,Japan,4.09
673,Dominica,Trinidad and Tobago,17.64
674,Dominica,Jamaica,21.43
675,Dominica,Barbados,3.8
676,Dominica,United States,9.2
677,Dominica,Antigua and Barbuda,8.43
678,Guyana,United Kingdom,10.35
679,Guyana,Netherlands Antilles,11.9
680,Guyana,Trinidad and Tobago,15.71
681,Guyana,Jamaica,6.35
682,Guyana,Venezuela,4.06
683,Guyana,Portugal,5.28
684,Guyana,United States,25.5
685,Guyana,Canada,23.9
686,Denmark,Germany,17.98
687,Denmark,United Kingdom,9.21
688,Denmark,Sweden,11.2
689,Denmark,Norway,6.06
690,Denmark,France,6.52
691,Denmark,Netherlands,6.74
692,Denmark,Special Categories,6.7
693,Dominican Republic,Japan,4.59
694,Dominican Republic,China,2.84
695,Dominican Republic,United Kingdom,1.16
696,Dominican Republic,Haiti,3.87
697,Dominican Republic,Netherlands,0.86
698,Dominican Republic,United States,86.21
699,Dominican Republic,Spain,2.85
700,Dominican Republic,Belgium,1.14
701,Algeria,Germany,7.1
702,Algeria,France,22.46
703,Algeria,Italy,20.77
704,Algeria,Spain,5.19
705,Algeria,Netherlands,8.94
706,Algeria,United States,13.76
707,"Egypt, Arab Rep.",Germany,6.6
708,"Egypt, Arab Rep.",China,4.75
709,"Egypt, Arab Rep.",India,8.83
710,"Egypt, Arab Rep.",Italy,10.7
711,"Egypt, Arab Rep.",United States,8.3
712,Estonia,Germany,8.29
713,Estonia,Sweden,12.44
714,Estonia,Finland,20.34
715,Estonia,China,4.63
716,Estonia,Latvia,7.72
717,Estonia,Russian Federation,9.95
718,Finland,Germany,11.51
719,Finland,United Kingdom,9.42
720,Finland,Sweden,8.36
721,Finland,Russian Federation,6.5
722,Finland,United States,8.71
723,Ethiopia(excludes Eritrea),Japan,11.62
724,Ethiopia(excludes Eritrea),Germany,12.1
725,Ethiopia(excludes Eritrea),Saudi Arabia,6.68
726,Ethiopia(excludes Eritrea),China,10.59
727,Ethiopia(excludes Eritrea),Italy,9.38
728,Ethiopia(excludes Eritrea),Djibouti,14.33
729,Ethiopia(excludes Eritrea),United States,8.5
730,European Union,Japan,7.6
731,European Union,China,3.85
732,European Union,Switzerland,8.07
733,European Union,Russian Federation,6.71
734,European Union,United States,27.23
735,Faeroe Islands,Denmark,20.23
736,Faeroe Islands,Germany,7.58
737,Faeroe Islands,United Kingdom,24.03
738,Faeroe Islands,Norway,7.11
739,Faeroe Islands,France,7.9
740,Faeroe Islands,Spain,11.26
741,Faeroe Islands,Sweden,6.47
742,"Micronesia, Fed. Sts.",Guam,5.31
743,"Micronesia, Fed. Sts.",Japan,18.74
744,"Micronesia, Fed. Sts.",Australia,1.54
745,"Micronesia, Fed. Sts.",United States,25.51
746,"Micronesia, Fed. Sts.",Northern Mariana Islands,3.44
747,Gabon,China,4.48
748,Gabon,India,3.7
749,Gabon,France,59.56
750,Gabon,Netherlands,6.01
751,Gabon,Brazil,2.41
752,Gabon,Italy,4.58
753,Gabon,United States,59.31
754,Gabon,Spain,4.59
755,Gabon,Belgium,4.98
756,Georgia,Germany,7.49
757,Georgia,Turkmenistan,10.62
758,Georgia,Azerbaijan,8.44
759,Georgia,United Kingdom,9.47
760,Georgia,Russian Federation,17.66
761,Georgia,Turkey,15.53
762,Georgia,United States,8.61
763,Guinea,Cote d'Ivoire,14.54
764,Guinea,Germany,8.02
765,Guinea,France,16.16
766,Guinea,China,6.56
767,Guinea,Spain,10.17
768,Guinea,Ireland,10.17
769,Guinea,United States,8.81
770,Guinea,Belgium,6.39
771,"Gambia, The",Germany,7.87
772,"Gambia, The",United Kingdom,16.93
773,"Gambia, The",France,4.94
774,"Gambia, The",Brazil,4.91
775,"Gambia, The",Italy,16.82
776,"Gambia, The",United States,3.63
777,Grenada,Germany,5.52
778,Grenada,United Kingdom,6.34
779,Grenada,Japan,3.24
780,Grenada,Trinidad and Tobago,20.92
781,Grenada,Barbados,5.03
782,Grenada,St. Lucia,7.66
783,Grenada,Netherlands,19.25
784,Grenada,United States,29.36
785,St. Lucia,United Kingdom,37.58
786,St. Lucia,Japan,3.38
787,St. Lucia,Canada,2.87
788,St. Lucia,Dominica,5.29
789,St. Lucia,Trinidad and Tobago,11.71
790,St. Lucia,Barbados,9.63
791,St. Lucia,United States,20.37
792,Greenland,Denmark,87.95
793,Greenland,Canada,0.36
794,Greenland,Germany,1.32
795,Greenland,Norway,8.18
796,Greenland,Japan,1.3
797,Greenland,United Kingdom,1.74
798,Greenland,Iceland,0.65
799,Greenland,United States,3.67
800,Iceland,Germany,18.48
801,Iceland,United Kingdom,17.49
802,Iceland,Denmark,8.5
803,Iceland,Norway,8.0
804,Iceland,Spain,5.23
805,Iceland,Netherlands,10.8
806,Iceland,United States,10.92
807,El Salvador,Guatemala,7.48
808,El Salvador,Honduras,3.45
809,El Salvador,Mexico,4.57
810,El Salvador,Costa Rica,2.38
811,El Salvador,Nicaragua,2.55
812,El Salvador,Panama,2.4
813,El Salvador,United States,76.51
814,Croatia,Germany,12.48
815,Croatia,Bosnia and Herzegovina,14.37
816,Croatia,Slovenia,7.71
817,Croatia,Russian Federation,6.69
818,Croatia,Italy,22.74
819,Croatia,Austria,6.62
820,Slovenia,Germany,24.73
821,Slovenia,Croatia,3.74
822,Slovenia,France,9.97
823,Slovenia,Italy,12.04
824,Slovenia,Austria,8.0
825,Hungary,Germany,35.42
826,Hungary,China,5.54
827,Hungary,United Kingdom,4.7
828,Hungary,Russian Federation,6.07
829,Hungary,France,5.66
830,Hungary,Italy,5.78
831,Hungary,Austria,6.9
832,Jordan,Germany,9.26
833,Jordan,India,8.17
834,Jordan,France,4.15
835,Jordan,Iraq,21.8
836,Jordan,Saudi Arabia,5.65
837,Jordan,China,6.66
838,Jordan,United States,15.59
839,Jordan,Free Zones,7.32
840,Uganda,United Kingdom,6.42
841,Uganda,Kenya,13.16
842,Uganda,Japan,8.13
843,Uganda,South Africa,7.79
844,Uganda,Switzerland,14.72
845,Uganda,India,6.7
846,Uganda,Netherlands,11.98
847,Kyrgyz Republic,Kazakhstan,7.98
848,Kyrgyz Republic,China,8.72
849,Kyrgyz Republic,Switzerland,20.94
850,Kyrgyz Republic,United Arab Emirates,14.95
851,Kyrgyz Republic,Uzbekistan,10.38
852,Kyrgyz Republic,Russian Federation,17.25
853,Kyrgyz Republic,United States,8.18
854,Cambodia,Thailand,14.31
855,Cambodia,"Hong Kong, China",22.29
856,Cambodia,Germany,6.16
857,Cambodia,Singapore,7.27
858,Cambodia,China,11.85
859,Cambodia,United Kingdom,6.91
860,Cambodia,France,2.0
861,Cambodia,"Other Asia, nes",11.36
862,Cambodia,United States,50.02
863,St. Kitts and Nevis,United Kingdom,25.38
864,St. Kitts and Nevis,Japan,3.65
865,St. Kitts and Nevis,Netherlands Antilles,0.72
866,St. Kitts and Nevis,Canada,17.75
867,St. Kitts and Nevis,Dominica,0.85
868,St. Kitts and Nevis,Trinidad and Tobago,8.96
869,St. Kitts and Nevis,United States,69.42
870,Kuwait,Germany,9.32
871,Kuwait,Japan,10.69
872,Kuwait,India,0.54
873,Kuwait,Saudi Arabia,1.12
874,Kuwait,United Arab Emirates,0.9
875,Kuwait,Indonesia,0.84
876,Kuwait,Italy,5.59
877,Kuwait,United States,10.96
878,Syrian Arab Republic,Germany,5.73
879,Syrian Arab Republic,"Korea, Rep.",6.17
880,Syrian Arab Republic,China,5.92
881,Syrian Arab Republic,Oman,8.54
882,Syrian Arab Republic,France,14.09
883,Syrian Arab Republic,Italy,32.96
884,Syrian Arab Republic,Spain,3.21
885,Syrian Arab Republic,Turkey,7.73
886,Syrian Arab Republic,United States,6.91
887,Sri Lanka,Japan,5.88
888,Sri Lanka,India,3.61
889,Sri Lanka,Germany,4.22
890,Sri Lanka,"Korea, Rep.",5.03
891,Sri Lanka,Singapore,7.17
892,Sri Lanka,United Kingdom,12.49
893,Sri Lanka,"Hong Kong, China",8.13
894,Sri Lanka,United States,37.33
895,Sri Lanka,Belgium,5.46
896,Lesotho,South Africa,77.14
897,Lesotho,"Other Asia, nes",3.83
898,Lesotho,Singapore,1.9
899,Lesotho,China,3.81
900,Lesotho,Italy,0.79
901,Lesotho,"Hong Kong, China",4.63
902,Lesotho,United States,44.06
903,Lesotho,Canada,6.92
904,Lithuania,Denmark,5.09
905,Lithuania,Germany,10.37
906,Lithuania,Poland,4.79
907,Lithuania,France,3.85
908,Lithuania,Latvia,9.69
909,Lithuania,United Kingdom,13.34
910,Lithuania,Russian Federation,12.12
911,Lithuania,Italy,4.87
912,Luxembourg,Germany,24.48
913,Luxembourg,France,15.28
914,Luxembourg,Netherlands,5.19
915,Luxembourg,United Kingdom,7.64
916,Luxembourg,Italy,5.59
917,Luxembourg,United States,4.36
918,Luxembourg,Belgium,32.64
919,Macao,Japan,6.75
920,Macao,"Hong Kong, China",14.89
921,Macao,China,17.91
922,Macao,Germany,7.18
923,Macao,"Korea, Rep.",4.93
924,Macao,United Kingdom,5.41
925,Macao,"Other Asia, nes",6.76
926,Macao,United States,48.01
927,Morocco,Germany,4.19
928,Morocco,France,20.56
929,Morocco,United Kingdom,7.94
930,Morocco,Italy,5.43
931,Morocco,Spain,11.64
932,Morocco,Saudi Arabia,5.87
933,Moldova,Germany,7.17
934,Moldova,Romania,8.7
935,Moldova,Russian Federation,37.11
936,Moldova,Italy,8.82
937,Moldova,Ukraine,19.61
938,Romania,Germany,15.61
939,Romania,United Kingdom,5.8
940,Romania,France,6.38
941,Romania,Russian Federation,7.2
942,Romania,Italy,24.95
943,Romania,United States,4.36
944,Madagascar,South Africa,6.2
945,Madagascar,United Arab Emirates,13.18
946,Madagascar,Germany,4.71
947,Madagascar,France,14.85
948,Madagascar,China,5.53
949,Madagascar,Japan,3.7
950,Madagascar,United States,19.35
951,Madagascar,Bahrain,11.69
952,Madagascar,Mauritius,4.8
953,Mauritius,South Africa,12.56
954,Mauritius,France,11.11
955,Mauritius,India,7.28
956,Mauritius,China,8.43
957,Mauritius,Madagascar,3.9
958,Mauritius,United Kingdom,29.65
959,Mauritius,Italy,3.67
960,Mauritius,Australia,3.99
961,Mauritius,United States,19.62
962,Maldives,United Arab Emirates,7.15
963,Maldives,Thailand,14.63
964,Maldives,Sri Lanka,15.36
965,Maldives,France,5.93
966,Maldives,India,10.7
967,Maldives,Singapore,25.8
968,Maldives,Japan,11.48
969,Maldives,United Kingdom,9.51
970,Maldives,United States,38.38
971,North Macedonia,Germany,20.98
972,North Macedonia,Bulgaria,6.44
973,North Macedonia,Greece,10.48
974,North Macedonia,Slovenia,6.5
975,North Macedonia,"Serbia, FR(Serbia/Montenegro)",22.09
976,North Macedonia,Italy,7.34
977,North Macedonia,United States,6.94
978,Mali,Japan,4.05
979,Mali,Cote d'Ivoire,21.42
980,Mali,Switzerland,58.2
981,Mali,France,18.51
982,Mali,Togo,4.99
983,Mali,Malta,3.88
984,Mali,Senegal,9.54
985,Malta,Germany,10.17
986,Malta,United Kingdom,12.21
987,Malta,France,16.71
988,Malta,Italy,22.14
989,Malta,United States,12.83
990,Malta,Singapore,16.53
991,Senegal,Germany,5.36
992,Senegal,Thailand,7.17
993,Senegal,India,28.57
994,Senegal,France,25.56
995,Senegal,Bunkers,13.02
996,Senegal,"Gambia, The",4.87
997,Senegal,Mali,12.13
998,Senegal,United States,5.42
999,Senegal,Nigeria,8.69
1000,Malawi,United Kingdom,9.25
1001,Malawi,South Africa,41.49
1002,Malawi,Mozambique,6.51
1003,Malawi,Germany,10.58
1004,Malawi,"Egypt, Arab Rep.",5.54
1005,Malawi,Zimbabwe,5.82
1006,Malawi,United States,14.96
1007,Montserrat,United Kingdom,12.65
1008,Montserrat,Japan,5.38
1009,Montserrat,Netherlands Antilles,7.79
1010,Montserrat,Trinidad and Tobago,8.86
1011,Montserrat,Barbados,2.29
1012,Montserrat,United States,13.08
1013,Montserrat,Antigua and Barbuda,41.99
1014,Mayotte,South Africa,4.64
1015,Mayotte,Thailand,3.47
1016,Mayotte,Mauritius,2.32
1017,Mayotte,France,61.07
1018,Mayotte,Madagascar,2.84
1019,Mayotte,Comoros,23.36
1020,Mayotte,Spain,2.41
1021,Mayotte,Mozambique,1.72
1022,Namibia,Germany,3.14
1023,Namibia,United Kingdom,24.56
1024,Namibia,South Africa,77.35
1025,Namibia,Angola,14.55
1026,Namibia,France,6.42
1027,Namibia,Spain,1.25
1028,Namibia,United States,2.01
1029,New Caledonia,"Other Asia, nes",19.49
1030,New Caledonia,France,39.64
1031,New Caledonia,Singapore,9.99
1032,New Caledonia,Australia,12.89
1033,New Caledonia,Japan,20.33
1034,New Caledonia,Spain,8.55
1035,New Caledonia,New Zealand,5.07
1036,New Caledonia,United States,4.35
1037,Niger,Nigeria,7.09
1038,Niger,Cote d'Ivoire,14.9
1039,Niger,France,15.58
1040,Niger,China,9.09
1041,Niger,Japan,13.47
1042,Niger,Ghana,4.5
1043,Niger,United States,6.54
1044,Oman,United Kingdom,6.07
1045,Oman,Japan,16.13
1046,Oman,United Arab Emirates,9.14
1047,Oman,Thailand,11.34
1048,Oman,China,11.84
1049,Oman,India,4.52
1050,Oman,"Korea, Rep.",16.79
1051,Oman,United States,6.55
1052,Philippines,Japan,19.29
1053,Philippines,"Other Asia, nes",7.06
1054,Philippines,"Korea, Rep.",7.58
1055,Philippines,Singapore,6.48
1056,Philippines,Netherlands,8.68
1057,Philippines,United States,24.68
1058,Papua New Guinea,Japan,5.25
1059,Papua New Guinea,Germany,3.9
1060,Papua New Guinea,Singapore,5.76
1061,Papua New Guinea,Australia,59.23
1062,Papua New Guinea,New Zealand,4.0
1063,Papua New Guinea,United States,8.69
1064,Paraguay,Chile,2.11
1065,Paraguay,Switzerland,4.03
1066,Paraguay,Cayman Islands,3.35
1067,Paraguay,Brazil,63.88
1068,Paraguay,China,12.73
1069,Paraguay,Uruguay,7.09
1070,Paraguay,Argentina,11.95
1071,Paraguay,United States,5.03
1072,Uruguay,Germany,5.83
1073,Uruguay,China,5.57
1074,Uruguay,Brazil,23.2
1075,Uruguay,Argentina,6.09
1076,Uruguay,Russian Federation,5.65
1077,Uruguay,United States,7.57
1078,French Polynesia,Japan,3.04
1079,French Polynesia,"Hong Kong, China",30.45
1080,French Polynesia,France,46.32
1081,French Polynesia,New Caledonia,3.46
1082,French Polynesia,Australia,8.61
1083,French Polynesia,New Zealand,7.46
1084,French Polynesia,United States,14.97
1085,Qatar,United Kingdom,7.62
1086,Qatar,Japan,10.53
1087,Qatar,United Arab Emirates,5.3
1088,Qatar,"Korea, Rep.",21.1
1089,Qatar,Italy,9.04
1090,Qatar,United States,13.04
1091,Qatar,Singapore,12.36
1092,Fm Sudan,Germany,6.4
1093,Fm Sudan,United Kingdom,6.24
1094,Fm Sudan,United Arab Emirates,4.87
1095,Fm Sudan,China,48.22
1096,Fm Sudan,Saudi Arabia,14.17
1097,Fm Sudan,Singapore,4.31
1098,Solomon Islands,Philippines,11.75
1099,Solomon Islands,"Hong Kong, China",6.76
1100,Solomon Islands,China,14.8
1101,Solomon Islands,Papua New Guinea,8.38
1102,Solomon Islands,Singapore,9.78
1103,Solomon Islands,Australia,46.97
1104,Solomon Islands,New Zealand,7.64
1105,Sierra Leone,Japan,4.23
1106,Sierra Leone,Canada,6.54
1107,Sierra Leone,Cote d'Ivoire,36.69
1108,Sierra Leone,Saudi Arabia,0.42
1109,Sierra Leone,Netherlands,5.52
1110,Sierra Leone,Russian Federation,0.18
1111,Sierra Leone,United States,1.03
1112,Sierra Leone,Ecuador,0.18
1113,Sierra Leone,Special Categories,97.42
1114,Sao Tome and Principe,Gabon,3.0
1115,Sao Tome and Principe,Japan,6.97
1116,Sao Tome and Principe,Panama,1.39
1117,Sao Tome and Principe,Angola,2.13
1118,Sao Tome and Principe,Portugal,60.02
1119,Sao Tome and Principe,Netherlands,60.06
1120,Sao Tome and Principe,Belgium,14.86
1121,Suriname,Guyana,3.58
1122,Suriname,Japan,6.27
1123,Suriname,Netherlands Antilles,6.56
1124,Suriname,Trinidad and Tobago,15.99
1125,Suriname,Netherlands,3.36
1126,Suriname,Canada,5.59
1127,Suriname,United States,23.25
1128,Suriname,Belgium,3.71
1129,Eswatini,United Kingdom,1.81
1130,Eswatini,Japan,1.96
1131,Eswatini,South Africa,79.71
1132,Eswatini,Cote d'Ivoire,46.08
1133,Eswatini,China,6.23
1134,Eswatini,Switzerland,1.71
1135,Eswatini,"Other Asia, nes",3.24
1136,Eswatini,United States,5.92
1137,Eswatini,Mozambique,10.37
1138,Seychelles,South Africa,10.82
1139,Seychelles,Germany,6.58
1140,Seychelles,France,12.01
1141,Seychelles,Saudi Arabia,20.01
1142,Seychelles,United Kingdom,33.71
1143,Seychelles,Italy,7.44
1144,Seychelles,Spain,8.49
1145,Turks and Caicos Isl.,"Korea, Rep.",0.05
1146,Turks and Caicos Isl.,"Bahamas, The",0.27
1147,Turks and Caicos Isl.,United Kingdom,0.07
1148,Turks and Caicos Isl.,Haiti,0.32
1149,Turks and Caicos Isl.,United States,99.11
1150,Turks and Caicos Isl.,Dominican Republic,0.21
1151,Tonga,Japan,4.88
1152,Tonga,American Samoa,7.98
1153,Tonga,Germany,4.38
1154,Tonga,Fiji,13.31
1155,Tonga,New Zealand,39.53
1156,Tonga,Australia,19.12
1157,Tonga,United States,28.85
1158,Tunisia,Germany,11.38
1159,Tunisia,France,25.58
1160,Tunisia,Libya,4.77
1161,Tunisia,Italy,21.35
1162,Tunisia,Spain,4.94
1163,Tunisia,United States,3.17
1164,Tuvalu,Japan,10.05
1165,Tuvalu,Fiji,29.09
1166,Tuvalu,New Zealand,13.74
1167,Tuvalu,China,4.69
1168,Tuvalu,Australia,34.45
1169,Tuvalu,United States,1.58
1170,St. Vincent and the Grenadines,United Kingdom,38.79
1171,St. Vincent and the Grenadines,Japan,3.56
1172,St. Vincent and the Grenadines,Trinidad and Tobago,9.97
1173,St. Vincent and the Grenadines,Barbados,3.98
1174,St. Vincent and the Grenadines,St. Lucia,8.84
1175,St. Vincent and the Grenadines,United States,40.78
1176,St. Vincent and the Grenadines,Antigua and Barbuda,6.03
1177,Vietnam,Japan,12.68
1178,Vietnam,China,9.09
1179,Vietnam,"Korea, Rep.",11.54
1180,Vietnam,Singapore,12.83
1181,Vietnam,Australia,7.95
1182,Vietnam,"Other Asia, nes",12.79
1183,Vietnam,United States,14.68
1184, World,Germany,7.41
1185, World,Japan,7.06
1186, World,France,4.69
1187, World,China,7.72
1188, World,United Kingdom,5.31
1189, World,United States,17.16
1190,Wallis and Futura Isl.,Japan,4.35
1191,Wallis and Futura Isl.,France,31.4
1192,Wallis and Futura Isl.,New Caledonia,7.63
1193,Wallis and Futura Isl.,Australia,23.84
1194,Wallis and Futura Isl.,New Zealand,13.15
1195,Samoa,Japan,5.71
1196,Samoa,American Samoa,18.39
1197,Samoa,Fiji,14.39
1198,Samoa,New Zealand,34.59
1199,Samoa,Australia,20.46
1200,Samoa,United States,4.55
1201,Zambia,United Kingdom,39.38
1202,Zambia,Japan,2.63
1203,Zambia,South Africa,60.34
1204,Zambia,Tanzania,5.52
1205,Zambia,Switzerland,5.75
1206,Zambia,India,3.27
1207,Zambia,Zimbabwe,7.25
1208,Zambia,"Congo, Dem. Rep.",4.76
