,source,target,2003
0,Aruba,United Kingdom,2.8
1,Aruba,Panama,12.77
2,Aruba,Netherlands Antilles,3.05
3,Aruba,Netherlands,34.45
4,Aruba,Colombia,12.11
5,Aruba,Venezuela,2.93
6,Aruba,United States,54.92
7,United Kingdom,Germany,10.76
8,United Kingdom,France,7.98
9,United Kingdom,China,5.52
10,United Kingdom,Netherlands,7.04
11,United Kingdom,Ireland,6.77
12,United Kingdom,United States,15.81
13,Panama,Sweden,6.2
14,Panama,Japan,6.19
15,Panama,Costa Rica,4.8
16,Panama,Spain,5.66
17,Panama,Colombia,3.94
18,Panama,United States,51.49
19,Panama,Belgium,3.58
20,Netherlands,Germany,24.25
21,Netherlands,United Kingdom,10.23
22,Netherlands,France,5.5
23,Netherlands,Italy,6.05
24,Netherlands,United States,7.85
25,Netherlands,Belgium,11.38
26,Colombia,Mexico,2.74
27,Colombia,Brazil,5.54
28,Colombia,Peru,3.02
29,Colombia,China,4.96
30,Colombia,Venezuela,5.24
31,Colombia,United States,47.05
32,Colombia,Ecuador,5.95
33,Venezuela,Germany,4.16
34,Venezuela,Netherlands Antilles,16.58
35,Venezuela,Mexico,4.98
36,Venezuela,Brazil,6.65
37,Venezuela,Colombia,2.61
38,Venezuela,Netherlands,8.24
39,Venezuela,United States,44.35
40,United States,Germany,3.98
41,United States,Japan,9.31
42,United States,Canada,17.27
43,United States,Mexico,13.44
44,United States,China,12.54
45,United States,United Kingdom,4.67
46,Anguila,Guyana,22.77
47,Anguila,Japan,3.45
48,Anguila,Netherlands Antilles,7.29
49,Anguila,France,3.23
50,Anguila,Trinidad and Tobago,4.98
51,Anguila,United States,51.62
52,Anguila,Antigua and Barbuda,1.89
53,Guyana,United Kingdom,22.27
54,Guyana,Japan,3.71
55,Guyana,Netherlands Antilles,7.0
56,Guyana,Trinidad and Tobago,6.0
57,Guyana,Jamaica,5.6
58,Guyana,United States,19.92
59,Guyana,Canada,19.99
60,Japan,"Other Asia, nes",6.62
61,Japan,"Hong Kong, China",6.33
62,Japan,China,12.16
63,Japan,"Korea, Rep.",4.67
64,Japan,Australia,3.93
65,Japan,United States,24.9
66,Japan,Indonesia,4.29
67,France,Germany,14.91
68,France,United Kingdom,9.61
69,France,Italy,9.27
70,France,Spain,7.55
71,France,Belgium,6.96
72,Trinidad and Tobago,Germany,5.77
73,Trinidad and Tobago,Gabon,5.01
74,Trinidad and Tobago,Guyana,2.88
75,Trinidad and Tobago,Brazil,9.0
76,Trinidad and Tobago,Jamaica,6.79
77,Trinidad and Tobago,Barbados,3.91
78,Trinidad and Tobago,Venezuela,6.76
79,Trinidad and Tobago,France,4.45
80,Trinidad and Tobago,United States,54.85
81,Albania,Germany,3.41
82,Albania,Greece,12.83
83,Albania,China,3.51
84,Albania,"Serbia, FR(Serbia/Montenegro)",2.34
85,Albania,Italy,74.89
86,Albania,Turkey,6.56
87,Albania,Austria,1.24
88,Germany,United Kingdom,8.35
89,Germany,France,9.18
90,Germany,Netherlands,6.2
91,Germany,Italy,7.38
92,Germany,United States,9.31
93,Greece,Germany,12.85
94,Greece,"Korea, Rep.",5.53
95,Greece,France,6.7
96,Greece,Bulgaria,6.1
97,Greece,United Kingdom,7.31
98,Greece,Russian Federation,5.99
99,Greece,Italy,10.75
100,Greece,United States,6.42
101,China,Japan,17.96
102,China,"Hong Kong, China",17.41
103,China,Germany,3.98
104,China,"Korea, Rep.",10.45
105,China,China,6.08
106,China,"Other Asia, nes",11.96
107,China,United States,21.14
108,Italy,Germany,14.09
109,Italy,United Kingdom,7.08
110,Italy,France,11.73
111,Italy,Netherlands,5.79
112,Italy,Spain,5.01
113,Italy,United States,8.34
114,Turkey,Germany,15.84
115,Turkey,United Kingdom,7.77
116,Turkey,France,6.01
117,Turkey,Russian Federation,7.86
118,Turkey,Italy,6.76
119,Turkey,United States,7.94
120,Austria,Germany,31.8
121,Austria,Switzerland,5.53
122,Austria,France,3.88
123,Austria,Italy,8.98
124,Austria,United States,5.18
125,Andorra,Germany,12.26
126,Andorra,Japan,4.71
127,Andorra,France,24.03
128,Andorra,Portugal,3.1
129,Andorra,Spain,50.34
130,Andorra,Italy,3.2
131,Andorra,Belgium,3.05
132,Portugal,Germany,14.78
133,Portugal,United Kingdom,10.28
134,Portugal,France,9.79
135,Portugal,Spain,30.04
136,Portugal,Italy,6.41
137,Portugal,United States,5.7
138,Spain,Germany,12.0
139,Spain,United Kingdom,9.44
140,Spain,France,16.36
141,Spain,Netherlands,3.98
142,Spain,Italy,9.75
143,Spain,Portugal,9.51
144,Belgium,Germany,19.47
145,Belgium,United Kingdom,9.1
146,Belgium,France,13.08
147,Belgium,Netherlands,11.71
148,Belgium,United States,6.71
149,United Arab Emirates,Germany,6.06
150,United Arab Emirates,Japan,6.68
151,United Arab Emirates,"Other Asia, nes",12.16
152,United Arab Emirates,India,1.53
153,United Arab Emirates,China,7.36
154,United Arab Emirates,"Iran, Islamic Rep.",4.11
155,"Other Asia, nes",Germany,3.9
156,"Other Asia, nes",Japan,25.56
157,"Other Asia, nes","Hong Kong, China",20.5
158,"Other Asia, nes",China,15.2
159,"Other Asia, nes","Korea, Rep.",6.83
160,"Other Asia, nes",United States,17.67
161,"Other Asia, nes",Singapore,3.5
162,India,"Hong Kong, China",5.76
163,India,China,4.32
164,India,Switzerland,4.3
165,India,United Arab Emirates,7.13
166,India,United Kingdom,4.67
167,India,United States,18.85
168,India,Belgium,5.28
169,"Iran, Islamic Rep.",Germany,10.98
170,"Iran, Islamic Rep.",United Arab Emirates,12.01
171,"Iran, Islamic Rep.","Other Asia, nes",17.89
172,"Iran, Islamic Rep.",France,7.6
173,"Iran, Islamic Rep.",China,5.5
174,"Iran, Islamic Rep.",Japan,22.08
175,"Iran, Islamic Rep.",Italy,7.0
176,Argentina,Germany,5.55
177,Argentina,Chile,11.81
178,Argentina,China,8.28
179,Argentina,Brazil,15.58
180,Argentina,Spain,4.64
181,Argentina,Italy,3.2
182,Argentina,United States,10.47
183,Chile,Japan,3.9
184,Chile,China,8.78
185,Chile,Brazil,10.65
186,Chile,"Korea, Rep.",5.0
187,Chile,Mexico,4.2
188,Chile,Argentina,19.75
189,Chile,United States,17.39
190,Brazil,Germany,4.3
191,Brazil,Japan,5.07
192,Brazil,China,6.23
193,Brazil,Argentina,6.27
194,Brazil,Netherlands,5.64
195,Brazil,United States,23.18
196,Armenia,United Kingdom,6.73
197,Armenia,Germany,6.52
198,Armenia,Israel,21.23
199,Armenia,Russian Federation,13.58
200,Armenia,United States,8.21
201,Armenia,Belgium,10.41
202,Israel,Germany,7.98
203,Israel,United Kingdom,3.85
204,Israel,"Hong Kong, China",4.71
205,Israel,United States,38.04
206,Israel,Belgium,9.29
207,Russian Federation,Germany,7.8
208,Russian Federation,China,6.18
209,Russian Federation,Belarus,8.51
210,Russian Federation,Italy,6.37
211,Russian Federation,Netherlands,6.49
212,Russian Federation,United States,5.17
213,Russian Federation,Ukraine,7.74
214,Australia,Germany,6.13
215,Australia,United Kingdom,4.16
216,Australia,Japan,12.5
217,Australia,China,8.43
218,Australia,New Zealand,7.55
219,Australia,"Korea, Rep.",7.49
220,Australia,United States,8.76
221,New Zealand,Germany,5.29
222,New Zealand,Japan,11.7
223,New Zealand,China,4.85
224,New Zealand,Australia,22.58
225,New Zealand,United Kingdom,4.8
226,New Zealand,United States,14.51
227,"Korea, Rep.",Germany,3.81
228,"Korea, Rep.",Japan,20.31
229,"Korea, Rep.","Other Asia, nes",3.63
230,"Korea, Rep.","Hong Kong, China",7.56
231,"Korea, Rep.",China,18.11
232,"Korea, Rep.",Saudi Arabia,5.18
233,"Korea, Rep.",United States,17.73
234,Switzerland,Germany,18.93
235,Switzerland,France,10.16
236,Switzerland,Netherlands,4.31
237,Switzerland,United Kingdom,4.43
238,Switzerland,Italy,10.44
239,Switzerland,United States,10.23
240,Azerbaijan,Germany,6.47
241,Azerbaijan,United Kingdom,10.91
242,Azerbaijan,Turkmenistan,7.17
243,Azerbaijan,Russian Federation,5.7
244,Azerbaijan,France,8.09
245,Azerbaijan,Italy,51.93
246,Azerbaijan,Turkey,7.43
247,Azerbaijan,Georgia,4.3
248,Azerbaijan,Israel,5.33
249,Georgia,United Kingdom,10.84
250,Georgia,Switzerland,7.21
251,Georgia,Turkmenistan,11.9
252,Georgia,Armenia,6.65
253,Georgia,Russian Federation,18.19
254,Georgia,Turkey,17.89
255,Georgia,Azerbaijan,8.21
256,Georgia,United States,7.94
257,Burundi,Kenya,16.17
258,Burundi,Japan,10.22
259,Burundi,Rwanda,3.32
260,Burundi,Tanzania,13.71
261,Burundi,Switzerland,65.38
262,Burundi,Uganda,6.26
263,Burundi,United Kingdom,7.62
264,Burundi,Belgium,14.62
265,Burundi,Saint Helena,2.65
266,Kenya,United Kingdom,12.27
267,Kenya,South Africa,8.53
268,Kenya,United Arab Emirates,11.68
269,Kenya,Uganda,15.73
270,Kenya,Tanzania,7.83
271,Kenya,Pakistan,5.13
272,Kenya,Saudi Arabia,7.93
273,Kenya,Netherlands,7.42
274,Kenya,United States,7.07
275,Rwanda,Kenya,40.51
276,Rwanda,Japan,9.05
277,Rwanda,Uganda,26.73
278,Rwanda,Tanzania,7.96
279,Rwanda,United Kingdom,6.04
280,Rwanda,Saudi Arabia,11.02
281,Rwanda,Belgium,10.24
282,Rwanda,"Congo, Dem. Rep.",4.05
283,Tanzania,Japan,7.86
284,Tanzania,South Africa,12.8
285,Tanzania,United Arab Emirates,6.85
286,Tanzania,India,6.46
287,Tanzania,United Kingdom,34.58
288,Tanzania,France,7.09
289,Tanzania,Kenya,6.97
290,Tanzania,Bahrain,7.41
291,Uganda,United Kingdom,6.37
292,Uganda,Kenya,14.75
293,Uganda,Japan,6.57
294,Uganda,South Africa,7.2
295,Uganda,Switzerland,13.34
296,Uganda,India,7.43
297,Uganda,Netherlands,9.18
298,Benin,South Africa,4.78
299,Benin,Nigeria,4.7
300,Benin,Cote d'Ivoire,5.36
301,Benin,Ghana,6.14
302,Benin,Thailand,5.79
303,Benin,China,22.95
304,Benin,India,10.11
305,Benin,France,24.23
306,Benin,Indonesia,9.32
307,South Africa,Germany,7.71
308,South Africa,United Kingdom,10.11
309,South Africa,Japan,7.05
310,South Africa,China,6.42
311,South Africa,Netherlands,4.77
312,South Africa,United States,12.15
313,Nigeria,Germany,7.31
314,Nigeria,United Kingdom,9.54
315,Nigeria,India,9.94
316,Nigeria,China,7.17
317,Nigeria,France,5.65
318,Nigeria,Brazil,6.8
319,Nigeria,Spain,6.16
320,Nigeria,United States,38.26
321,Cote d'Ivoire,France,35.08
322,Cote d'Ivoire,China,3.75
323,Cote d'Ivoire,Netherlands,18.32
324,Cote d'Ivoire,Italy,3.54
325,Cote d'Ivoire,Spain,5.69
326,Cote d'Ivoire,United States,7.32
327,Cote d'Ivoire,Nigeria,15.51
328,Ghana,Germany,4.88
329,Ghana,United Kingdom,19.99
330,Ghana,Switzerland,25.29
331,Ghana,China,5.6
332,Ghana,Netherlands,11.79
333,Ghana,United States,7.04
334,Ghana,Belgium,4.9
335,Ghana,Nigeria,18.68
336,Thailand,Japan,24.08
337,Thailand,"Hong Kong, China",5.39
338,Thailand,China,7.1
339,Thailand,Singapore,4.31
340,Thailand,Malaysia,5.98
341,Thailand,United States,17.02
342,Indonesia,Japan,12.99
343,Indonesia,Thailand,5.23
344,Indonesia,China,6.23
345,Indonesia,"Korea, Rep.",7.08
346,Indonesia,Singapore,12.77
347,Indonesia,United States,12.1
348,Burkina Faso,Cote d'Ivoire,8.81
349,Burkina Faso,Switzerland,4.06
350,Burkina Faso,France,21.58
351,Burkina Faso,Togo,48.99
352,Burkina Faso,Benin,10.03
353,Burkina Faso,Ghana,26.97
354,Burkina Faso,Belgium,5.63
355,Burkina Faso,Niger,3.71
356,Togo,Germany,4.52
357,Togo,Cote d'Ivoire,5.8
358,Togo,France,20.89
359,Togo,Burkina Faso,14.62
360,Togo,Netherlands,20.14
361,Togo,Ghana,13.76
362,Togo,Benin,9.34
363,Togo,Italy,4.42
364,Togo,Mali,6.61
365,Niger,Nigeria,7.31
366,Niger,Cote d'Ivoire,13.34
367,Niger,France,14.58
368,Niger,China,9.36
369,Niger,Japan,13.6
370,Niger,Ghana,4.55
371,Niger,United States,4.17
372,Bangladesh,Japan,5.72
373,Bangladesh,Germany,16.39
374,Bangladesh,"Korea, Rep.",4.95
375,Bangladesh,India,14.17
376,Bangladesh,Singapore,5.92
377,Bangladesh,China,10.97
378,Bangladesh,United Kingdom,11.14
379,Bangladesh,France,6.94
380,Bangladesh,United States,29.41
381,Bangladesh,Belgium,4.5
382,Singapore,Japan,11.27
383,Singapore,"Hong Kong, China",8.95
384,Singapore,China,6.27
385,Singapore,Indonesia,6.2
386,Singapore,Malaysia,14.31
387,Singapore,United States,12.73
388,Bulgaria,Germany,10.77
389,Bulgaria,Greece,10.37
390,Bulgaria,Russian Federation,12.57
391,Bulgaria,Italy,14.02
392,Bulgaria,Turkey,9.15
393,Bulgaria,Belgium,6.07
394,Bahrain,Germany,4.6
395,Bahrain,Japan,7.88
396,Bahrain,"Other Asia, nes",3.0
397,Bahrain,India,1.7
398,Bahrain,Saudi Arabia,7.07
399,Bahrain,Australia,5.07
400,Bahrain,United States,4.28
401,Saudi Arabia,Germany,9.18
402,Saudi Arabia,United Kingdom,5.69
403,Saudi Arabia,Japan,11.18
404,Saudi Arabia,"Other Asia, nes",45.24
405,Saudi Arabia,China,5.93
406,Saudi Arabia,United Arab Emirates,1.7
407,Saudi Arabia,Kuwait,0.81
408,Saudi Arabia,United States,0.69
409,"Bahamas, The",Japan,1.2
410,"Bahamas, The",Netherlands Antilles,1.64
411,"Bahamas, The",Germany,3.62
412,"Bahamas, The",Venezuela,2.66
413,"Bahamas, The",United Kingdom,4.77
414,"Bahamas, The",France,10.06
415,"Bahamas, The",Spain,2.53
416,"Bahamas, The",United States,73.4
417,Bosnia and Herzegovina,Germany,13.69
418,Bosnia and Herzegovina,Croatia,13.32
419,Bosnia and Herzegovina,Switzerland,8.9
420,Bosnia and Herzegovina,Slovenia,7.2
421,Bosnia and Herzegovina,Italy,10.32
422,Croatia,Germany,11.85
423,Croatia,Bosnia and Herzegovina,14.43
424,Croatia,France,5.27
425,Croatia,Slovenia,7.4
426,Croatia,Italy,26.69
427,Croatia,Austria,6.62
428,Slovenia,Germany,23.09
429,Slovenia,Croatia,3.76
430,Slovenia,France,9.76
431,Slovenia,Italy,13.06
432,Slovenia,Austria,8.34
433,Belarus,Germany,4.23
434,Belarus,Poland,4.37
435,Belarus,United Kingdom,9.43
436,Belarus,Russian Federation,49.07
437,Belarus,Netherlands,4.16
438,Belarus,Ukraine,3.13
439,Poland,Germany,32.68
440,Poland,France,7.1
441,Poland,China,4.26
442,Poland,United Kingdom,5.07
443,Poland,Russian Federation,7.75
444,Poland,Italy,5.78
445,Poland,Netherlands,4.51
446,Ukraine,Germany,6.17
447,Ukraine,Poland,3.49
448,Ukraine,China,4.35
449,Ukraine,Turkmenistan,7.59
450,Ukraine,Russian Federation,18.69
451,Ukraine,Italy,5.57
452,Ukraine,Turkey,3.91
453,Belize,Netherlands Antilles,5.58
454,Belize,Mexico,8.33
455,Belize,Jamaica,4.69
456,Belize,United Kingdom,23.25
457,Belize,Guatemala,4.17
458,Belize,Panama,10.36
459,Belize,Netherlands,3.15
460,Belize,United States,56.07
461,Belize,Trinidad and Tobago,3.01
462,Mexico,Germany,1.04
463,Mexico,Japan,4.45
464,Mexico,Canada,2.42
465,Mexico,China,5.51
466,Mexico,Spain,0.89
467,Mexico,United States,87.74
468,Jamaica,United Kingdom,12.81
469,Jamaica,Japan,4.85
470,Jamaica,China,8.09
471,Jamaica,Germany,6.08
472,Jamaica,Mexico,2.86
473,Jamaica,Trinidad and Tobago,10.96
474,Jamaica,United States,28.61
475,Jamaica,Canada,16.11
476,Guatemala,Mexico,8.36
477,Guatemala,El Salvador,5.94
478,Guatemala,Costa Rica,4.49
479,Guatemala,Nicaragua,5.84
480,Guatemala,Panama,4.79
481,Guatemala,Honduras,10.67
482,Guatemala,United States,30.03
483,Bolivia,Chile,7.41
484,Bolivia,Switzerland,9.91
485,Bolivia,Brazil,30.11
486,Bolivia,Colombia,9.42
487,Bolivia,Peru,6.19
488,Bolivia,Argentina,16.81
489,Bolivia,United States,14.14
490,Bolivia,Venezuela,10.53
491,Peru,Ecuador,7.73
492,Peru,Chile,4.57
493,Peru,China,7.5
494,Peru,Switzerland,7.44
495,Peru,Brazil,6.53
496,Peru,United Kingdom,12.92
497,Peru,Argentina,6.25
498,Peru,United States,26.97
499,Barbados,United Kingdom,11.0
500,Barbados,Japan,4.47
501,Barbados,Canada,3.52
502,Barbados,Trinidad and Tobago,11.35
503,Barbados,Jamaica,6.16
504,Barbados,Bunkers,21.22
505,Barbados,United States,14.46
506,Canada,United Kingdom,1.6
507,Canada,Japan,4.11
508,Canada,China,1.26
509,Canada,Germany,0.76
510,Canada,Mexico,3.63
511,Canada,United States,85.73
512,Brunei,Japan,10.0
513,Brunei,Thailand,9.43
514,Brunei,"Korea, Rep.",11.19
515,Brunei,Singapore,20.12
516,Brunei,Australia,8.36
517,Brunei,Malaysia,20.24
518,Brunei,"Hong Kong, China",6.56
519,Brunei,United States,7.75
520,Malaysia,Japan,17.08
521,Malaysia,"Hong Kong, China",6.46
522,Malaysia,China,6.49
523,Malaysia,"Korea, Rep.",5.45
524,Malaysia,Singapore,11.73
525,Malaysia,United States,19.57
526,"Hong Kong, China",Japan,11.84
527,"Hong Kong, China",China,41.73
528,"Hong Kong, China",Germany,3.16
529,"Hong Kong, China","Korea, Rep.",5.17
530,"Hong Kong, China",United Kingdom,3.93
531,"Hong Kong, China","Other Asia, nes",6.89
532,"Hong Kong, China",United States,18.24
533,Botswana,United Kingdom,79.11
534,Botswana,Norway,7.5
535,Botswana,South Africa,84.83
536,Botswana,France,1.1
537,Botswana,Portugal,0.76
538,Botswana,Zimbabwe,2.49
539,Botswana,Sweden,3.42
540,Botswana,United States,0.83
541,Norway,Germany,13.02
542,Norway,United Kingdom,21.25
543,Norway,Denmark,7.85
544,Norway,France,8.21
545,Norway,Sweden,16.06
546,Norway,Netherlands,9.6
547,Norway,United States,8.64
548,Zimbabwe,United Kingdom,5.8
549,Zimbabwe,South Africa,51.44
550,Zimbabwe,Thailand,2.84
551,Zimbabwe,Mozambique,2.88
552,Zimbabwe,Switzerland,7.95
553,Zimbabwe,Kuwait,10.48
554,Zimbabwe,Zambia,5.24
555,Zimbabwe,Netherlands,5.48
556,Sweden,Denmark,6.39
557,Sweden,Germany,9.95
558,Sweden,United Kingdom,7.75
559,Sweden,Norway,8.62
560,Sweden,Netherlands,6.7
561,Sweden,United States,11.49
562,Central African Republic,Cameroon,3.58
563,Central African Republic,Germany,7.13
564,Central African Republic,France,29.87
565,Central African Republic,Netherlands,8.81
566,Central African Republic,United Kingdom,3.12
567,Central African Republic,Belgium,9.1
568,Cameroon,Japan,5.67
569,Cameroon,France,18.12
570,Cameroon,Italy,13.28
571,Cameroon,Spain,21.59
572,Cameroon,Netherlands,10.48
573,Cameroon,United States,7.44
574,Cameroon,Nigeria,7.87
575,Cook Islands,Japan,4.3
576,Cook Islands,Fiji,1.42
577,Cook Islands,New Zealand,75.43
578,Cook Islands,Australia,9.52
579,Cook Islands,United States,29.5
580,Fiji,Japan,5.36
581,Fiji,New Zealand,18.77
582,Fiji,Singapore,6.4
583,Fiji,Australia,37.49
584,Fiji,United Kingdom,19.53
585,Fiji,United States,24.53
586,Ecuador,Brazil,6.09
587,Ecuador,Peru,10.48
588,Ecuador,China,7.37
589,Ecuador,Colombia,6.0
590,Ecuador,Venezuela,5.85
591,Ecuador,Russian Federation,4.32
592,Ecuador,Italy,6.25
593,Ecuador,United States,40.6
594,Comoros,Kenya,4.51
595,Comoros,South Africa,6.48
596,Comoros,United Arab Emirates,13.29
597,Comoros,Mauritius,5.11
598,Comoros,Germany,5.08
599,Comoros,France,41.14
600,Comoros,Japan,6.07
601,Comoros,Yemen,6.59
602,Mauritius,South Africa,12.08
603,Mauritius,France,11.97
604,Mauritius,India,8.16
605,Mauritius,China,8.36
606,Mauritius,Madagascar,3.9
607,Mauritius,United Kingdom,29.65
608,Mauritius,Italy,3.67
609,Mauritius,United States,19.62
610,Mauritius,Bahrain,3.86
611,Cape Verde,Japan,5.55
612,Cape Verde,Germany,1.03
613,Cape Verde,Netherlands,9.01
614,Cape Verde,Portugal,43.26
615,Cape Verde,Ireland,0.86
616,Cape Verde,United States,21.32
617,Cape Verde,Belgium,3.77
618,Ireland,Germany,8.38
619,Ireland,United Kingdom,16.33
620,Ireland,Japan,4.73
621,Ireland,France,6.19
622,Ireland,United States,20.54
623,Ireland,Belgium,12.51
624,Costa Rica,Japan,4.17
625,Costa Rica,Guatemala,4.37
626,Costa Rica,Mexico,5.13
627,Costa Rica,Venezuela,3.5
628,Costa Rica,Nicaragua,3.21
629,Costa Rica,Netherlands,6.19
630,Costa Rica,Colombia,2.86
631,Costa Rica,United States,47.12
632,Costa Rica,Malaysia,3.56
633,Nicaragua,Mexico,4.61
634,Nicaragua,Costa Rica,8.66
635,Nicaragua,Venezuela,9.4
636,Nicaragua,Guatemala,6.94
637,Nicaragua,Honduras,7.17
638,Nicaragua,El Salvador,17.23
639,Nicaragua,United States,36.5
640,Cuba,China,10.84
641,Cuba,Venezuela,14.87
642,Cuba,Russian Federation,8.07
643,Cuba,Spain,12.64
644,Cuba,Italy,7.15
645,Cuba,Netherlands,24.68
646,Cuba,Canada,15.91
647,Cuba,United States,7.11
648,Cyprus,Germany,3.92
649,Cyprus,United Kingdom,31.97
650,Cyprus,Japan,5.64
651,Cyprus,Greece,9.18
652,Cyprus,Lebanon,3.4
653,Cyprus,Bunkers,9.73
654,Cyprus,Italy,9.85
655,Lebanon,Germany,8.07
656,Lebanon,Switzerland,24.88
657,Lebanon,France,8.14
658,Lebanon,Iraq,7.99
659,Lebanon,Syrian Arab Republic,6.53
660,Lebanon,Saudi Arabia,6.84
661,Lebanon,China,7.4
662,Lebanon,United Arab Emirates,6.85
663,Lebanon,Italy,9.41
664,Lebanon,United States,6.03
665,Czech Republic,Germany,37.0
666,Czech Republic,France,4.93
667,Czech Republic,Slovak Republic,7.97
668,Czech Republic,China,5.23
669,Czech Republic,Poland,4.8
670,Czech Republic,United Kingdom,5.38
671,Czech Republic,Italy,5.32
672,Czech Republic,Austria,6.25
673,Slovak Republic,Germany,30.89
674,Slovak Republic,Czech Republic,14.3
675,Slovak Republic,Russian Federation,10.84
676,Slovak Republic,Italy,7.52
677,Slovak Republic,Austria,4.38
678,Slovak Republic,United States,5.27
679,Dominica,Guyana,8.36
680,Dominica,United Kingdom,15.83
681,Dominica,Japan,3.93
682,Dominica,Trinidad and Tobago,18.26
683,Dominica,Jamaica,22.83
684,Dominica,Barbados,4.32
685,Dominica,France,9.1
686,Dominica,United States,37.18
687,Dominica,Antigua and Barbuda,10.21
688,Denmark,Germany,17.31
689,Denmark,United Kingdom,7.84
690,Denmark,Sweden,12.19
691,Denmark,France,4.83
692,Denmark,Netherlands,6.91
693,Denmark,United States,5.71
694,Denmark,Special Categories,7.2
695,Dominican Republic,Brazil,2.32
696,Dominican Republic,"Korea, Rep.",1.76
697,Dominican Republic,China,2.89
698,Dominican Republic,Haiti,5.05
699,Dominican Republic,Netherlands,1.17
700,Dominican Republic,United States,83.74
701,Dominican Republic,Spain,2.4
702,Dominican Republic,Canada,1.0
703,Algeria,Germany,6.5
704,Algeria,France,23.89
705,Algeria,Italy,19.17
706,Algeria,Spain,5.49
707,Algeria,Netherlands,6.88
708,Algeria,United States,19.91
709,"Egypt, Arab Rep.",Germany,6.57
710,"Egypt, Arab Rep.",India,7.55
711,"Egypt, Arab Rep.",China,4.92
712,"Egypt, Arab Rep.",Italy,12.3
713,"Egypt, Arab Rep.",Spain,4.67
714,"Egypt, Arab Rep.",United States,8.46
715,Eritrea,United Arab Emirates,12.25
716,Eritrea,India,7.23
717,Eritrea,Italy,11.61
718,Eritrea,Fm Sudan,19.52
719,Eritrea,Saudi Arabia,10.51
720,Eritrea,Netherlands,10.41
721,Eritrea,United States,15.93
722,Eritrea,Singapore,12.39
723,Fm Sudan,Germany,6.12
724,Fm Sudan,United Arab Emirates,3.3
725,Fm Sudan,China,62.08
726,Fm Sudan,Saudi Arabia,6.63
727,Fm Sudan,Japan,8.25
728,Fm Sudan,United Kingdom,3.08
729,Fm Sudan,"Egypt, Arab Rep.",6.46
730,Estonia,Germany,8.34
731,Estonia,Sweden,12.46
732,Estonia,Finland,21.89
733,Estonia,Latvia,7.43
734,Estonia,Russian Federation,11.41
735,Estonia,Ukraine,4.26
736,Finland,Germany,11.84
737,Finland,United Kingdom,8.07
738,Finland,Sweden,9.9
739,Finland,France,4.83
740,Finland,Russian Federation,7.5
741,Finland,United States,8.11
742,Latvia,Germany,14.86
743,Latvia,Sweden,10.55
744,Latvia,Estonia,6.57
745,Latvia,Lithuania,8.19
746,Latvia,Finland,7.39
747,Latvia,United Kingdom,15.55
748,Latvia,Russian Federation,8.72
749,Ethiopia(excludes Eritrea),Japan,8.2
750,Ethiopia(excludes Eritrea),Germany,11.23
751,Ethiopia(excludes Eritrea),India,7.31
752,Ethiopia(excludes Eritrea),Saudi Arabia,6.91
753,Ethiopia(excludes Eritrea),China,13.13
754,Ethiopia(excludes Eritrea),Italy,6.19
755,Ethiopia(excludes Eritrea),Djibouti,19.39
756,Ethiopia(excludes Eritrea),United States,16.1
757,European Union,Japan,7.59
758,European Union,China,4.66
759,European Union,Switzerland,8.12
760,European Union,Russian Federation,4.19
761,European Union,United States,25.59
762,Faeroe Islands,Denmark,23.38
763,Faeroe Islands,Germany,5.92
764,Faeroe Islands,United Kingdom,21.95
765,Faeroe Islands,Norway,23.17
766,Faeroe Islands,France,9.35
767,Faeroe Islands,Spain,11.88
768,Faeroe Islands,Sweden,4.45
769,"Micronesia, Fed. Sts.",Japan,11.07
770,"Micronesia, Fed. Sts.",Guam,15.38
771,"Micronesia, Fed. Sts.","Other Asia, nes",5.09
772,"Micronesia, Fed. Sts.",Australia,6.48
773,"Micronesia, Fed. Sts.",United States,17.52
774,"Micronesia, Fed. Sts.",Northern Mariana Islands,0.94
775,Gabon,Japan,4.84
776,Gabon,China,5.5
777,Gabon,France,37.98
778,Gabon,"Korea, Rep.",3.31
779,Gabon,Netherlands,5.93
780,Gabon,Cameroon,3.8
781,Gabon,United States,60.94
782,"Gambia, The",Germany,10.48
783,"Gambia, The",United Kingdom,34.81
784,"Gambia, The","Other Asia, nes",8.64
785,"Gambia, The",France,6.25
786,"Gambia, The",China,5.1
787,"Gambia, The",Netherlands,11.84
788,"Gambia, The",Senegal,4.62
789,Senegal,Thailand,7.27
790,Senegal,India,12.79
791,Senegal,France,24.62
792,Senegal,Italy,8.3
793,Senegal,Bunkers,13.43
794,Senegal,Mali,9.98
795,Senegal,Spain,4.33
796,Senegal,United States,3.6
797,Senegal,Nigeria,11.74
798,Guinea-Bissau,Panama,2.16
799,Guinea-Bissau,Thailand,5.13
800,Guinea-Bissau,India,40.35
801,Guinea-Bissau,China,19.24
802,Guinea-Bissau,Portugal,37.46
803,Guinea-Bissau,Italy,4.2
804,Guinea-Bissau,Senegal,12.85
805,Guinea-Bissau,Singapore,50.38
806,Grenada,Germany,3.16
807,Grenada,United Kingdom,6.0
808,Grenada,Sweden,8.78
809,Grenada,Japan,4.48
810,Grenada,Trinidad and Tobago,18.74
811,Grenada,St. Lucia,7.13
812,Grenada,Netherlands,9.62
813,Grenada,United States,32.18
814,Grenada,Belgium,6.59
815,St. Lucia,United Kingdom,30.15
816,St. Lucia,Japan,3.03
817,St. Lucia,Canada,2.58
818,St. Lucia,Dominica,5.69
819,St. Lucia,Trinidad and Tobago,17.03
820,St. Lucia,Barbados,8.57
821,St. Lucia,United States,19.46
822,Greenland,Denmark,92.68
823,Greenland,Germany,1.47
824,Greenland,Iceland,1.11
825,Greenland,Norway,12.36
826,Greenland,Japan,1.15
827,Greenland,Sweden,2.87
828,Greenland,United States,1.95
829,Iceland,Germany,17.43
830,Iceland,United Kingdom,17.52
831,Iceland,Denmark,8.03
832,Iceland,Norway,6.93
833,Iceland,Spain,6.32
834,Iceland,Netherlands,11.21
835,Iceland,United States,9.45
836,El Salvador,Ecuador,2.37
837,El Salvador,Guatemala,7.35
838,El Salvador,Mexico,4.47
839,El Salvador,Costa Rica,2.14
840,El Salvador,China,2.44
841,El Salvador,Nicaragua,2.04
842,El Salvador,Honduras,4.93
843,El Salvador,United States,77.89
844,Honduras,Guatemala,6.98
845,Honduras,Germany,5.98
846,Honduras,Mexico,6.03
847,Honduras,El Salvador,4.88
848,Honduras,United States,43.87
849,Honduras,Belgium,2.97
850,Honduras,Costa Rica,4.51
851,Hungary,Germany,33.94
852,Hungary,China,6.92
853,Hungary,United Kingdom,4.58
854,Hungary,Russian Federation,6.2
855,Hungary,France,5.75
856,Hungary,Italy,5.81
857,Hungary,Austria,6.27
858,Jordan,Germany,7.74
859,Jordan,India,6.46
860,Jordan,Switzerland,6.53
861,Jordan,Iraq,17.6
862,Jordan,China,8.04
863,Jordan,Saudi Arabia,11.46
864,Jordan,United States,21.51
865,Jordan,Free Zones,9.07
866,Kazakhstan,Germany,8.73
867,Kazakhstan,China,12.8
868,Kazakhstan,Switzerland,13.01
869,Kazakhstan,Bermuda,16.98
870,Kazakhstan,Russian Federation,15.23
871,Kazakhstan,Italy,7.84
872,Kazakhstan,United States,5.6
873,Kazakhstan,Ukraine,3.85
874,Pakistan,Japan,6.61
875,Pakistan,United Arab Emirates,9.4
876,Pakistan,"Hong Kong, China",4.58
877,Pakistan,Germany,5.1
878,Pakistan,China,7.34
879,Pakistan,Kuwait,6.37
880,Pakistan,United Kingdom,7.06
881,Pakistan,Saudi Arabia,10.86
882,Pakistan,United States,23.06
883,Kyrgyz Republic,Kazakhstan,9.82
884,Kyrgyz Republic,Switzerland,20.26
885,Kyrgyz Republic,China,10.84
886,Kyrgyz Republic,United Arab Emirates,24.81
887,Kyrgyz Republic,Uzbekistan,5.47
888,Kyrgyz Republic,Russian Federation,16.68
889,Kyrgyz Republic,Canada,5.33
890,Kyrgyz Republic,United States,6.69
891,Cambodia,Thailand,12.6
892,Cambodia,"Hong Kong, China",23.31
893,Cambodia,Germany,7.32
894,Cambodia,China,12.7
895,Cambodia,United Kingdom,6.79
896,Cambodia,"Other Asia, nes",10.64
897,Cambodia,United States,53.28
898,Cambodia,Canada,2.83
899,Cambodia,Vietnam,7.3
900,Vietnam,Japan,11.81
901,Vietnam,China,9.35
902,Vietnam,"Korea, Rep.",10.4
903,Vietnam,Singapore,11.39
904,Vietnam,Australia,7.05
905,Vietnam,"Other Asia, nes",11.54
906,Vietnam,United States,19.55
907,St. Kitts and Nevis,United Kingdom,20.12
908,St. Kitts and Nevis,Japan,3.27
909,St. Kitts and Nevis,Netherlands Antilles,1.48
910,St. Kitts and Nevis,Canada,9.46
911,St. Kitts and Nevis,Dominica,0.8
912,St. Kitts and Nevis,Trinidad and Tobago,13.32
913,St. Kitts and Nevis,United States,74.64
914,Kuwait,Germany,10.27
915,Kuwait,Japan,9.86
916,Kuwait,Iraq,0.87
917,Kuwait,Saudi Arabia,1.11
918,Kuwait,China,5.71
919,Kuwait,United Arab Emirates,0.81
920,Kuwait,Indonesia,0.61
921,Kuwait,United States,11.62
922,Syrian Arab Republic,Saudi Arabia,5.92
923,Syrian Arab Republic,China,5.89
924,Syrian Arab Republic,Lebanon,4.03
925,Syrian Arab Republic,France,14.37
926,Syrian Arab Republic,Italy,33.17
927,Syrian Arab Republic,Turkey,7.52
928,Syrian Arab Republic,United States,5.0
929,Syrian Arab Republic,Ukraine,5.79
930,Sri Lanka,Japan,6.88
931,Sri Lanka,India,4.95
932,Sri Lanka,Germany,4.71
933,Sri Lanka,Singapore,8.02
934,Sri Lanka,China,5.05
935,Sri Lanka,United Kingdom,13.11
936,Sri Lanka,"Hong Kong, China",8.59
937,Sri Lanka,United States,36.45
938,Sri Lanka,Belgium,3.53
939,Lesotho,South Africa,82.1
940,Lesotho,Nigeria,0.14
941,Lesotho,Singapore,0.57
942,Lesotho,China,2.62
943,Lesotho,"Other Asia, nes",6.11
944,Lesotho,"Hong Kong, China",6.32
945,Lesotho,United States,77.55
946,Lesotho,Canada,1.59
947,Lesotho,Belgium,1.02
948,Lithuania,Germany,9.91
949,Lithuania,Poland,5.16
950,Lithuania,Switzerland,11.63
951,Lithuania,France,4.16
952,Lithuania,Latvia,9.66
953,Lithuania,United Kingdom,6.36
954,Lithuania,Russian Federation,10.13
955,Lithuania,Italy,4.33
956,Luxembourg,Germany,26.54
957,Luxembourg,France,14.12
958,Luxembourg,Netherlands,5.46
959,Luxembourg,United Kingdom,5.96
960,Luxembourg,Italy,5.93
961,Luxembourg,Belgium,35.22
962,Macao,Japan,9.06
963,Macao,"Hong Kong, China",12.61
964,Macao,China,12.76
965,Macao,Germany,8.14
966,Macao,United Kingdom,4.49
967,Macao,"Other Asia, nes",5.76
968,Macao,United States,52.17
969,Morocco,Germany,3.95
970,Morocco,France,20.59
971,Morocco,United Kingdom,7.31
972,Morocco,Italy,5.17
973,Morocco,Spain,12.41
974,Morocco,Saudi Arabia,5.05
975,Moldova,Germany,7.11
976,Moldova,Romania,6.99
977,Moldova,Russian Federation,39.04
978,Moldova,Italy,10.43
979,Moldova,Ukraine,22.05
980,Romania,Germany,15.73
981,Romania,France,7.28
982,Romania,United Kingdom,6.71
983,Romania,Russian Federation,8.26
984,Romania,Italy,24.12
985,Romania,Turkey,5.12
986,Madagascar,South Africa,7.17
987,Madagascar,Germany,4.91
988,Madagascar,France,15.04
989,Madagascar,India,4.0
990,Madagascar,China,14.9
991,Madagascar,"Iran, Islamic Rep.",6.45
992,Madagascar,United States,25.88
993,Madagascar,Mauritius,4.62
994,Madagascar,Singapore,2.56
995,Maldives,United Arab Emirates,7.56
996,Maldives,Thailand,16.39
997,Maldives,Sri Lanka,13.58
998,Maldives,India,10.14
999,Maldives,Singapore,24.86
1000,Maldives,Malaysia,7.68
1001,Maldives,Japan,10.35
1002,Maldives,United Kingdom,9.7
1003,Maldives,United States,32.29
1004,North Macedonia,Germany,20.44
1005,North Macedonia,Bulgaria,6.47
1006,North Macedonia,Greece,13.2
1007,North Macedonia,"Serbia, FR(Serbia/Montenegro)",20.12
1008,North Macedonia,Russian Federation,7.76
1009,North Macedonia,Italy,6.98
1010,North Macedonia,United States,5.33
1011,Mali,Cote d'Ivoire,8.74
1012,Mali,Thailand,3.43
1013,Mali,Switzerland,58.21
1014,Mali,France,18.03
1015,Mali,Togo,11.77
1016,Mali,Senegal,9.92
1017,Mali,United States,4.82
1018,Mali,Singapore,3.62
1019,Malta,Germany,10.26
1020,Malta,United Kingdom,11.74
1021,Malta,France,17.09
1022,Malta,Italy,22.98
1023,Malta,United States,14.46
1024,Malta,Singapore,16.79
1025,Mongolia,Germany,4.75
1026,Mongolia,Japan,7.92
1027,Mongolia,China,46.15
1028,Mongolia,"Korea, Rep.",8.45
1029,Mongolia,Australia,5.6
1030,Mongolia,Russian Federation,6.69
1031,Mongolia,United States,23.21
1032,Mongolia,Singapore,5.69
1033,Mozambique,South Africa,33.53
1034,Mozambique,India,3.88
1035,Mozambique,Malawi,3.15
1036,Mozambique,Portugal,3.55
1037,Mozambique,Spain,3.99
1038,Mozambique,United States,3.47
1039,Malawi,United Kingdom,7.39
1040,Malawi,South Africa,39.93
1041,Malawi,Mozambique,5.3
1042,Malawi,Germany,7.07
1043,Malawi,India,4.84
1044,Malawi,Zimbabwe,6.51
1045,Malawi,Kenya,7.3
1046,Malawi,United States,12.44
1047,Mauritania,Germany,11.87
1048,Mauritania,Japan,5.79
1049,Mauritania,France,28.31
1050,Mauritania,Italy,15.35
1051,Mauritania,Spain,14.64
1052,Mauritania,Belgium,5.43
1053,Montserrat,United Kingdom,7.62
1054,Montserrat,Japan,4.47
1055,Montserrat,St. Kitts and Nevis,3.59
1056,Montserrat,Trinidad and Tobago,3.59
1057,Montserrat,Barbados,2.39
1058,Montserrat,St. Lucia,1.4
1059,Montserrat,United States,35.14
1060,Montserrat,Antigua and Barbuda,47.33
1061,Mayotte,Germany,2.77
1062,Mayotte,South Africa,6.5
1063,Mayotte,Thailand,3.42
1064,Mayotte,"Hong Kong, China",0.58
1065,Mayotte,France,54.87
1066,Mayotte,China,2.89
1067,Mayotte,Madagascar,4.23
1068,Mayotte,Comoros,24.8
1069,Mayotte,Mauritius,0.5
1070,Namibia,Germany,2.35
1071,Namibia,South Africa,80.46
1072,Namibia,Angola,24.92
1073,Namibia,China,1.28
1074,Namibia,United Kingdom,10.41
1075,Namibia,Spain,1.36
1076,Namibia,United States,2.7
1077,New Caledonia,"Other Asia, nes",14.02
1078,New Caledonia,France,46.49
1079,New Caledonia,"Korea, Rep.",8.28
1080,New Caledonia,Singapore,9.27
1081,New Caledonia,Japan,21.43
1082,New Caledonia,Spain,10.83
1083,New Caledonia,Australia,9.44
1084,New Caledonia,New Zealand,4.23
1085,New Caledonia,United States,3.58
1086,Nepal,China,3.44
1087,Nepal,India,52.37
1088,Nepal,Germany,3.39
1089,Nepal,Singapore,6.35
1090,Nepal,Malaysia,3.31
1091,Nepal,United Kingdom,2.08
1092,Nepal,United States,29.07
1093,Nepal,Indonesia,3.25
1094,Oman,Japan,9.14
1095,Oman,United Arab Emirates,4.91
1096,Oman,"Korea, Rep.",19.92
1097,Oman,India,5.0
1098,Oman,Saudi Arabia,0.73
1099,Oman,United Kingdom,0.47
1100,Oman,"Iran, Islamic Rep.",1.78
1101,Philippines,Japan,19.48
1102,Philippines,"Other Asia, nes",6.88
1103,Philippines,"Hong Kong, China",8.54
1104,Philippines,"Korea, Rep.",6.33
1105,Philippines,Singapore,6.8
1106,Philippines,Netherlands,8.06
1107,Philippines,United States,20.07
1108,Papua New Guinea,Japan,5.02
1109,Papua New Guinea,Germany,3.39
1110,Papua New Guinea,Singapore,6.84
1111,Papua New Guinea,Australia,56.03
1112,Papua New Guinea,United Kingdom,3.49
1113,Papua New Guinea,New Zealand,4.84
1114,Papua New Guinea,United States,8.88
1115,Paraguay,Switzerland,3.94
1116,Paraguay,Cayman Islands,5.52
1117,Paraguay,Brazil,56.9
1118,Paraguay,China,13.85
1119,Paraguay,Uruguay,10.44
1120,Paraguay,Argentina,12.04
1121,Paraguay,United States,3.33
1122,Uruguay,China,4.33
1123,Uruguay,Germany,6.59
1124,Uruguay,Brazil,21.33
1125,Uruguay,Argentina,7.03
1126,Uruguay,Russian Federation,11.74
1127,Uruguay,United States,11.38
1128,French Polynesia,"Hong Kong, China",20.49
1129,French Polynesia,Thailand,8.1
1130,French Polynesia,France,41.76
1131,French Polynesia,China,3.71
1132,French Polynesia,Japan,30.28
1133,French Polynesia,Australia,11.4
1134,French Polynesia,New Zealand,6.57
1135,French Polynesia,United States,14.57
1136,Qatar,Germany,9.65
1137,Qatar,United Kingdom,8.02
1138,Qatar,Japan,10.47
1139,Qatar,Thailand,2.98
1140,Qatar,"Korea, Rep.",18.51
1141,Qatar,Italy,7.44
1142,Qatar,United States,12.18
1143,Qatar,Singapore,9.52
1144,Solomon Islands,Philippines,9.31
1145,Solomon Islands,China,25.14
1146,Solomon Islands,Papua New Guinea,9.35
1147,Solomon Islands,Singapore,16.6
1148,Solomon Islands,"Korea, Dem. Rep.",8.67
1149,Solomon Islands,Australia,34.38
1150,Solomon Islands,New Zealand,6.89
1151,Sao Tome and Principe,Gabon,2.1
1152,Sao Tome and Principe,Japan,6.32
1153,Sao Tome and Principe,Angola,10.32
1154,Sao Tome and Principe,France,3.87
1155,Sao Tome and Principe,Portugal,63.28
1156,Sao Tome and Principe,Netherlands,38.75
1157,Sao Tome and Principe,United States,2.9
1158,Sao Tome and Principe,Belgium,11.46
1159,Suriname,Guyana,4.14
1160,Suriname,Japan,7.07
1161,Suriname,India,3.5
1162,Suriname,Trinidad and Tobago,19.5
1163,Suriname,China,3.3
1164,Suriname,United Arab Emirates,7.9
1165,Suriname,Netherlands,22.29
1166,Suriname,United States,25.61
1167,Suriname,Belgium,14.07
1168,Eswatini,South Africa,82.29
1169,Eswatini,"Other Asia, nes",35.2
1170,Eswatini,Mozambique,7.3
1171,Eswatini,Brazil,0.98
1172,Eswatini,China,1.5
1173,Eswatini,Zimbabwe,7.12
1174,Eswatini,United States,13.15
1175,Seychelles,South Africa,13.06
1176,Seychelles,Germany,4.86
1177,Seychelles,France,10.86
1178,Seychelles,Saudi Arabia,16.41
1179,Seychelles,United Kingdom,33.42
1180,Seychelles,Italy,11.36
1181,Seychelles,Spain,10.84
1182,Turks and Caicos Isl.,Belize,0.06
1183,Turks and Caicos Isl.,St. Vincent and the Grenadines,0.4
1184,Turks and Caicos Isl.,"Bahamas, The",1.19
1185,Turks and Caicos Isl.,United Kingdom,0.94
1186,Turks and Caicos Isl.,Haiti,0.35
1187,Turks and Caicos Isl.,Netherlands,0.09
1188,Turks and Caicos Isl.,United States,98.17
1189,Turks and Caicos Isl.,Dominican Republic,0.14
1190,Turks and Caicos Isl.,Bahrain,0.26
1191,St. Vincent and the Grenadines,United Kingdom,7.23
1192,St. Vincent and the Grenadines,Trinidad and Tobago,11.15
1193,St. Vincent and the Grenadines,Barbados,3.79
1194,St. Vincent and the Grenadines,St. Lucia,10.37
1195,St. Vincent and the Grenadines,United States,13.35
1196,Tonga,American Samoa,5.51
1197,Tonga,Fiji,19.02
1198,Tonga,New Zealand,40.28
1199,Tonga,China,2.62
1200,Tonga,Australia,20.71
1201,Tonga,Japan,43.18
1202,Tonga,United States,38.71
1203,Tunisia,Germany,10.69
1204,Tunisia,France,25.92
1205,Tunisia,Libya,4.39
1206,Tunisia,Italy,22.06
1207,Tunisia,Spain,5.31
1208, World,Germany,7.6
1209, World,Japan,6.85
1210, World,China,4.84
1211, World,France,4.8
1212, World,United Kingdom,5.19
1213, World,United States,15.83
1214,Wallis and Futura Isl.,Fiji,4.9
1215,Wallis and Futura Isl.,France,31.37
1216,Wallis and Futura Isl.,New Caledonia,7.43
1217,Wallis and Futura Isl.,Australia,24.17
1218,Wallis and Futura Isl.,New Zealand,9.93
1219,Samoa,Japan,5.18
1220,Samoa,American Samoa,9.51
1221,Samoa,Fiji,7.87
1222,Samoa,Australia,22.16
1223,Samoa,United Kingdom,4.5
1224,Samoa,New Zealand,36.26
1225,Samoa,United States,3.51
1226,Zambia,United Kingdom,25.18
1227,Zambia,South Africa,48.1
1228,Zambia,United Arab Emirates,4.15
1229,Zambia,Tanzania,12.1
1230,Zambia,Switzerland,7.59
1231,Zambia,China,2.75
1232,Zambia,Zimbabwe,12.98
1233,Zambia,"Congo, Dem. Rep.",5.95
