,source,target,2004
0,Aruba,Panama,17.44
1,Aruba,Netherlands Antilles,2.79
2,Aruba,Netherlands,28.42
3,Aruba,Colombia,10.67
4,Aruba,Venezuela,3.13
5,Aruba,United States,55.18
6,Panama,Sweden,6.51
7,Panama,Japan,5.29
8,Panama,Netherlands Antilles,7.12
9,Panama,Costa Rica,4.93
10,Panama,Spain,5.05
11,Panama,Netherlands,4.35
12,Panama,United States,49.93
13,Netherlands,Germany,23.83
14,Netherlands,United Kingdom,10.08
15,Netherlands,China,6.37
16,Netherlands,France,9.65
17,Netherlands,Italy,6.11
18,Netherlands,United States,7.99
19,Netherlands,Belgium,10.9
20,Colombia,Mexico,3.14
21,Colombia,Brazil,7.91
22,Colombia,Peru,3.25
23,Colombia,China,7.28
24,Colombia,Venezuela,6.15
25,Colombia,United States,42.09
26,Colombia,Ecuador,6.04
27,Venezuela,Netherlands Antilles,3.02
28,Venezuela,Mexico,4.67
29,Venezuela,Brazil,8.43
30,Venezuela,Colombia,2.61
31,Venezuela,Italy,2.53
32,Venezuela,United States,60.76
33,Venezuela,Spain,3.68
34,United States,Germany,5.19
35,United States,Japan,8.76
36,United States,Canada,17.06
37,United States,China,4.23
38,United States,Mexico,13.59
39,United States,United Kingdom,4.41
40,Anguila,Guyana,3.6
41,Anguila,United Kingdom,5.57
42,Anguila,Netherlands Antilles,7.41
43,Anguila,France,3.2
44,Anguila,Trinidad and Tobago,6.94
45,Anguila,St. Lucia,8.49
46,Anguila,United States,26.53
47,Guyana,United Kingdom,11.85
48,Guyana,Japan,6.15
49,Guyana,Netherlands Antilles,9.54
50,Guyana,Trinidad and Tobago,6.88
51,Guyana,United States,16.46
52,Guyana,Canada,18.58
53,Guyana,Belgium,13.97
54,United Kingdom,Germany,11.33
55,United Kingdom,France,7.54
56,United Kingdom,China,5.98
57,United Kingdom,Netherlands,6.27
58,United Kingdom,Ireland,7.38
59,United Kingdom,United States,14.85
60,France,Germany,15.04
61,France,United Kingdom,9.35
62,France,Italy,9.34
63,France,Spain,7.38
64,France,Belgium,7.27
65,Trinidad and Tobago,Germany,9.9
66,Trinidad and Tobago,United Kingdom,5.34
67,Trinidad and Tobago,Japan,3.84
68,Trinidad and Tobago,Brazil,10.45
69,Trinidad and Tobago,Jamaica,3.75
70,Trinidad and Tobago,Barbados,3.27
71,Trinidad and Tobago,Mexico,2.1
72,Trinidad and Tobago,France,2.54
73,Trinidad and Tobago,United States,69.81
74,St. Lucia,United Kingdom,27.92
75,St. Lucia,Japan,3.44
76,St. Lucia,Trinidad and Tobago,12.14
77,St. Lucia,Barbados,3.47
78,St. Lucia,United States,13.24
79,St. Lucia,Dominican Republic,16.22
80,Albania,Germany,3.12
81,Albania,Greece,12.04
82,Albania,China,4.44
83,Albania,"Serbia, FR(Serbia/Montenegro)",4.89
84,Albania,Italy,73.08
85,Albania,Turkey,1.89
86,Germany,United Kingdom,8.32
87,Germany,France,9.04
88,Germany,Netherlands,6.2
89,Germany,Italy,7.16
90,Germany,United States,8.83
91,Greece,Germany,13.2
92,Greece,France,6.4
93,Greece,Bulgaria,6.34
94,Greece,Netherlands,5.56
95,Greece,United Kingdom,7.59
96,Greece,Russian Federation,5.42
97,Greece,Italy,10.09
98,Greece,United States,5.3
99,China,Japan,16.81
100,China,"Hong Kong, China",17.0
101,China,Germany,4.0
102,China,"Korea, Rep.",11.09
103,China,China,6.89
104,China,"Other Asia, nes",11.54
105,China,United States,21.09
106,"Serbia, FR(Serbia/Montenegro)",Germany,9.34
107,"Serbia, FR(Serbia/Montenegro)",Bosnia and Herzegovina,17.0
108,"Serbia, FR(Serbia/Montenegro)",Greece,4.31
109,"Serbia, FR(Serbia/Montenegro)",North Macedonia,6.82
110,"Serbia, FR(Serbia/Montenegro)",China,4.79
111,"Serbia, FR(Serbia/Montenegro)",Slovenia,3.37
112,"Serbia, FR(Serbia/Montenegro)",Russian Federation,12.35
113,"Serbia, FR(Serbia/Montenegro)",Italy,15.21
114,Italy,Germany,13.65
115,Italy,France,11.25
116,Italy,Netherlands,5.85
117,Italy,United Kingdom,7.1
118,Italy,Spain,4.81
119,Italy,United States,7.89
120,Italy,Belgium,4.56
121,Turkey,Germany,13.84
122,Turkey,France,6.36
123,Turkey,United Kingdom,8.78
124,Turkey,Russian Federation,9.26
125,Turkey,Italy,7.36
126,Turkey,United States,7.69
127,Andorra,Germany,14.72
128,Andorra,Japan,4.73
129,Andorra,France,22.33
130,Andorra,Portugal,2.83
131,Andorra,Spain,51.5
132,Andorra,Italy,3.25
133,Andorra,Belgium,2.04
134,Japan,"Other Asia, nes",7.43
135,Japan,"Hong Kong, China",6.26
136,Japan,China,13.07
137,Japan,"Korea, Rep.",4.84
138,Japan,Australia,4.27
139,Japan,United States,22.75
140,Japan,Indonesia,4.11
141,Portugal,Germany,11.07
142,Portugal,France,7.8
143,Portugal,United Kingdom,7.85
144,Portugal,Spain,25.05
145,Portugal,Italy,5.03
146,Spain,Germany,11.66
147,Spain,United Kingdom,9.06
148,Spain,France,15.26
149,Spain,China,4.08
150,Spain,Italy,9.0
151,Spain,Portugal,9.71
152,Belgium,Germany,19.71
153,Belgium,United Kingdom,8.65
154,Belgium,France,12.24
155,Belgium,Ireland,6.02
156,Belgium,Netherlands,11.71
157,Belgium,United States,6.5
158,United Arab Emirates,Japan,6.14
159,United Arab Emirates,"Other Asia, nes",15.94
160,United Arab Emirates,India,4.27
161,United Arab Emirates,China,7.37
162,United Arab Emirates,"Iran, Islamic Rep.",4.02
163,United Arab Emirates,United States,5.26
164,"Other Asia, nes",Germany,3.47
165,"Other Asia, nes",Japan,25.99
166,"Other Asia, nes","Hong Kong, China",17.14
167,"Other Asia, nes",China,19.55
168,"Other Asia, nes","Korea, Rep.",6.93
169,"Other Asia, nes",United States,16.19
170,"Other Asia, nes",Singapore,3.64
171,India,China,5.4
172,India,Switzerland,4.59
173,India,United Arab Emirates,8.75
174,India,United Kingdom,4.49
175,India,United States,17.27
176,India,Belgium,4.43
177,India,Singapore,4.5
178,"Iran, Islamic Rep.",Germany,12.47
179,"Iran, Islamic Rep.",United Arab Emirates,16.6
180,"Iran, Islamic Rep.","Other Asia, nes",17.82
181,"Iran, Islamic Rep.","Korea, Rep.",5.32
182,"Iran, Islamic Rep.",France,8.12
183,"Iran, Islamic Rep.",Japan,21.66
184,"Iran, Islamic Rep.",Italy,7.11
185,Argentina,Germany,4.87
186,Argentina,Chile,11.08
187,Argentina,China,7.61
188,Argentina,Brazil,15.65
189,Argentina,Spain,3.94
190,Argentina,United States,10.72
191,Chile,China,10.39
192,Chile,Brazil,11.5
193,Chile,"Korea, Rep.",5.65
194,Chile,Japan,11.8
195,Chile,Netherlands,5.45
196,Chile,Argentina,16.89
197,Chile,United States,15.13
198,Brazil,Germany,4.24
199,Brazil,China,5.72
200,Brazil,Argentina,7.75
201,Brazil,Netherlands,4.94
202,Brazil,United States,21.35
203,Brazil,Nigeria,5.29
204,Armenia,United Kingdom,7.91
205,Armenia,Germany,11.4
206,Armenia,Israel,13.61
207,Armenia,Russian Federation,10.41
208,Armenia,United States,9.72
209,Armenia,Belgium,7.97
210,Israel,Germany,7.54
211,Israel,"Hong Kong, China",4.94
212,Israel,Switzerland,6.55
213,Israel,United Kingdom,3.75
214,Israel,United States,36.7
215,Israel,Belgium,10.08
216,Russian Federation,Germany,7.32
217,Russian Federation,Japan,5.21
218,Russian Federation,Belarus,8.58
219,Russian Federation,China,6.28
220,Russian Federation,Italy,6.66
221,Russian Federation,Netherlands,8.41
222,Russian Federation,Ukraine,8.07
223,Australia,Germany,5.73
224,Australia,Japan,11.77
225,Australia,China,9.36
226,Australia,New Zealand,7.45
227,Australia,"Korea, Rep.",7.79
228,Australia,Singapore,4.38
229,Australia,United States,8.11
230,New Zealand,Germany,5.2
231,New Zealand,Japan,11.16
232,New Zealand,China,5.68
233,New Zealand,Australia,22.38
234,New Zealand,United Kingdom,4.74
235,New Zealand,United States,14.45
236,"Korea, Rep.",Germany,3.78
237,"Korea, Rep.",Japan,20.56
238,"Korea, Rep.","Other Asia, nes",3.88
239,"Korea, Rep.","Hong Kong, China",7.14
240,"Korea, Rep.",China,19.6
241,"Korea, Rep.",Saudi Arabia,5.26
242,"Korea, Rep.",United States,16.95
243,Singapore,Japan,11.0
244,Singapore,"Hong Kong, China",8.88
245,Singapore,China,7.74
246,Singapore,Indonesia,9.58
247,Singapore,Malaysia,13.73
248,Singapore,"Other Asia, nes",5.72
249,Singapore,United States,11.73
250,Austria,Germany,32.07
251,Austria,Switzerland,4.98
252,Austria,France,4.0
253,Austria,United Kingdom,4.2
254,Austria,Italy,8.56
255,Austria,Czech Republic,3.15
256,Austria,United States,5.96
257,Switzerland,Germany,18.16
258,Switzerland,United Kingdom,4.7
259,Switzerland,France,9.64
260,Switzerland,Italy,9.96
261,Switzerland,United States,9.4
262,Czech Republic,Germany,36.24
263,Czech Republic,Poland,5.24
264,Czech Republic,Slovak Republic,8.22
265,Czech Republic,China,5.26
266,Czech Republic,United Kingdom,4.71
267,Czech Republic,Italy,5.25
268,Czech Republic,Austria,5.86
269,Azerbaijan,Germany,5.65
270,Azerbaijan,United Kingdom,12.0
271,Azerbaijan,Kazakhstan,6.73
272,Azerbaijan,Russian Federation,5.8
273,Azerbaijan,Italy,44.67
274,Azerbaijan,Turkey,5.05
275,Azerbaijan,Georgia,5.22
276,Azerbaijan,Israel,8.95
277,Kazakhstan,Germany,8.24
278,Kazakhstan,China,9.8
279,Kazakhstan,Switzerland,18.73
280,Kazakhstan,Russian Federation,14.13
281,Kazakhstan,France,7.31
282,Kazakhstan,Italy,15.48
283,Kazakhstan,United States,4.41
284,Kazakhstan,Ukraine,5.66
285,Georgia,Germany,8.17
286,Georgia,United Kingdom,4.9
287,Georgia,Turkmenistan,17.54
288,Georgia,Armenia,8.4
289,Georgia,Russian Federation,16.16
290,Georgia,Turkey,18.33
291,Georgia,Azerbaijan,8.44
292,Burundi,Kenya,14.86
293,Burundi,Japan,14.02
294,Burundi,Rwanda,6.19
295,Burundi,Tanzania,8.43
296,Burundi,Switzerland,56.02
297,Burundi,France,6.01
298,Burundi,United Arab Emirates,7.41
299,Burundi,United Kingdom,4.91
300,Burundi,Belgium,11.63
301,Kenya,United Kingdom,10.51
302,Kenya,United Arab Emirates,0.0
303,Kenya,Uganda,17.54
304,Kenya,Tanzania,7.96
305,Kenya,Netherlands,8.31
306,Rwanda,Kenya,23.81
307,Rwanda,Japan,5.92
308,Rwanda,Uganda,38.6
309,Rwanda,Tanzania,12.21
310,Rwanda,Switzerland,3.42
311,Rwanda,United Kingdom,7.5
312,Rwanda,Saudi Arabia,12.17
313,Rwanda,Belgium,8.09
314,Tanzania,Japan,7.14
315,Tanzania,South Africa,13.08
316,Tanzania,United Arab Emirates,7.29
317,Tanzania,China,4.86
318,Tanzania,India,7.27
319,Tanzania,United Kingdom,32.04
320,Tanzania,Kenya,6.13
321,Ireland,Germany,7.75
322,Ireland,United Kingdom,16.18
323,Ireland,France,5.75
324,Ireland,China,5.39
325,Ireland,United States,19.66
326,Ireland,Belgium,14.51
327,Benin,United Kingdom,5.23
328,Benin,Cote d'Ivoire,6.99
329,Benin,Ghana,7.15
330,Benin,China,31.2
331,Benin,India,7.35
332,Benin,France,21.77
333,Benin,Togo,4.83
334,Benin,Indonesia,8.13
335,Benin,Niger,5.95
336,Cote d'Ivoire,Thailand,2.84
337,Cote d'Ivoire,Nigeria,20.3
338,Cote d'Ivoire,France,32.66
339,Cote d'Ivoire,China,2.77
340,Cote d'Ivoire,Italy,4.77
341,Cote d'Ivoire,Netherlands,10.84
342,Cote d'Ivoire,United States,10.17
343,Ghana,Germany,7.73
344,Ghana,United Kingdom,9.78
345,Ghana,China,8.95
346,Ghana,France,4.48
347,Ghana,Netherlands,18.46
348,Ghana,United States,8.9
349,Ghana,Belgium,6.18
350,Togo,Cote d'Ivoire,6.06
351,Togo,China,4.44
352,Togo,France,19.49
353,Togo,Burkina Faso,13.05
354,Togo,Ghana,11.85
355,Togo,Benin,12.19
356,Togo,Italy,3.74
357,Togo,Mali,11.17
358,Togo,Belgium,4.83
359,Indonesia,Japan,13.07
360,Indonesia,Thailand,5.96
361,Indonesia,China,6.43
362,Indonesia,"Korea, Rep.",6.75
363,Indonesia,Singapore,13.07
364,Indonesia,United States,12.28
365,Niger,Nigeria,7.31
366,Niger,Cote d'Ivoire,9.19
367,Niger,Switzerland,4.25
368,Niger,France,15.0
369,Niger,China,5.23
370,Niger,Japan,8.55
371,Niger,United States,11.88
372,Burkina Faso,Cote d'Ivoire,14.43
373,Burkina Faso,Switzerland,9.9
374,Burkina Faso,France,21.35
375,Burkina Faso,Togo,46.91
376,Burkina Faso,Benin,6.9
377,Burkina Faso,Ghana,16.87
378,Burkina Faso,Belgium,5.31
379,Bangladesh,Japan,9.64
380,Bangladesh,Germany,16.82
381,Bangladesh,"Korea, Rep.",3.99
382,Bangladesh,India,11.24
383,Bangladesh,Singapore,4.34
384,Bangladesh,China,13.89
385,Bangladesh,United Kingdom,11.46
386,Bangladesh,France,7.59
387,Bangladesh,Italy,4.31
388,Bangladesh,United States,26.24
389,Bulgaria,Germany,10.22
390,Bulgaria,Greece,9.94
391,Bulgaria,Russian Federation,12.39
392,Bulgaria,Italy,13.06
393,Bulgaria,Turkey,9.99
394,Bulgaria,Belgium,5.94
395,Bahrain,Germany,3.66
396,Bahrain,United Kingdom,3.67
397,Bahrain,Japan,6.15
398,Bahrain,"Other Asia, nes",2.67
399,Bahrain,India,1.58
400,Bahrain,Saudi Arabia,6.34
401,Bahrain,United States,3.22
402,Saudi Arabia,Germany,8.2
403,Saudi Arabia,United Kingdom,5.44
404,Saudi Arabia,Japan,10.3
405,Saudi Arabia,"Other Asia, nes",45.08
406,Saudi Arabia,China,0.74
407,Saudi Arabia,United Arab Emirates,1.57
408,Saudi Arabia,Kuwait,0.82
409,Saudi Arabia,United States,15.29
410,"Bahamas, The",Japan,1.21
411,"Bahamas, The",Netherlands Antilles,2.21
412,"Bahamas, The",Canada,0.71
413,"Bahamas, The",Germany,2.97
414,"Bahamas, The",Venezuela,2.41
415,"Bahamas, The",United Kingdom,3.57
416,"Bahamas, The",France,8.4
417,"Bahamas, The",United States,76.35
418,Canada,United Kingdom,1.88
419,Canada,Japan,3.8
420,Canada,China,1.64
421,Canada,Mexico,0.75
422,Canada,United States,84.44
423,Bosnia and Herzegovina,Germany,9.59
424,Bosnia and Herzegovina,Croatia,15.09
425,Bosnia and Herzegovina,"Serbia, FR(Serbia/Montenegro)",13.69
426,Bosnia and Herzegovina,Italy,13.35
427,Croatia,Germany,11.16
428,Croatia,Bosnia and Herzegovina,14.38
429,Croatia,Slovenia,7.11
430,Croatia,Russian Federation,7.27
431,Croatia,Italy,22.86
432,Croatia,Austria,6.82
433,Belarus,Germany,6.61
434,Belarus,Poland,5.3
435,Belarus,United Kingdom,8.34
436,Belarus,Russian Federation,47.0
437,Belarus,Italy,1.84
438,Belarus,Netherlands,6.72
439,Belarus,Ukraine,3.33
440,Poland,Germany,30.0
441,Poland,Czech Republic,4.32
442,Poland,France,6.72
443,Poland,China,4.61
444,Poland,United Kingdom,5.4
445,Poland,Russian Federation,7.25
446,Poland,Italy,6.11
447,Ukraine,Germany,5.72
448,Ukraine,Poland,3.43
449,Ukraine,Turkmenistan,6.81
450,Ukraine,Russian Federation,17.83
451,Ukraine,Italy,5.01
452,Ukraine,United States,4.6
453,Ukraine,Turkey,5.72
454,Belize,Netherlands Antilles,5.55
455,Belize,Mexico,10.85
456,Belize,Jamaica,5.09
457,Belize,United Kingdom,19.14
458,Belize,Guatemala,6.31
459,Belize,Panama,9.87
460,Belize,Ireland,4.87
461,Belize,United States,54.49
462,Belize,Trinidad and Tobago,4.71
463,Mexico,Germany,1.02
464,Mexico,Japan,5.38
465,Mexico,Canada,2.71
466,Mexico,China,7.3
467,Mexico,Spain,1.04
468,Mexico,United States,88.59
469,Mexico,Aruba,0.74
470,Jamaica,Japan,4.38
471,Jamaica,China,12.08
472,Jamaica,Trinidad and Tobago,12.27
473,Jamaica,Brazil,3.85
474,Jamaica,Venezuela,3.73
475,Jamaica,United Kingdom,10.64
476,Jamaica,Netherlands,8.33
477,Jamaica,United States,21.53
478,Jamaica,Canada,19.46
479,Guatemala,Mexico,8.16
480,Guatemala,El Salvador,5.57
481,Guatemala,Costa Rica,4.09
482,Guatemala,Nicaragua,5.96
483,Guatemala,Panama,5.1
484,Guatemala,Honduras,11.87
485,Guatemala,United States,29.39
486,Bolivia,Chile,5.89
487,Bolivia,Brazil,31.66
488,Bolivia,Peru,6.69
489,Bolivia,Argentina,5.82
490,Bolivia,United States,15.94
491,Bolivia,Venezuela,10.49
492,Peru,Chile,5.65
493,Peru,China,9.78
494,Peru,Brazil,6.91
495,Peru,Japan,4.35
496,Peru,Venezuela,6.86
497,Peru,United Kingdom,9.07
498,Peru,Colombia,7.72
499,Peru,United States,29.31
500,Barbados,United Kingdom,15.29
501,Barbados,Japan,5.52
502,Barbados,Canada,4.79
503,Barbados,Trinidad and Tobago,14.28
504,Barbados,Jamaica,6.32
505,Barbados,St. Lucia,6.69
506,Barbados,United States,19.99
507,Brunei,Japan,9.82
508,Brunei,Thailand,6.89
509,Brunei,"Korea, Rep.",12.85
510,Brunei,Singapore,18.33
511,Brunei,China,6.19
512,Brunei,Australia,11.72
513,Brunei,Malaysia,20.14
514,Brunei,United States,6.9
515,Thailand,Japan,23.71
516,Thailand,China,7.37
517,Thailand,Singapore,4.4
518,Thailand,Malaysia,5.5
519,Thailand,United States,16.11
520,Malaysia,Japan,16.11
521,Malaysia,Thailand,5.5
522,Malaysia,"Hong Kong, China",5.97
523,Malaysia,China,6.71
524,Malaysia,Singapore,11.08
525,Malaysia,United States,18.77
526,Botswana,United Kingdom,74.5
527,Botswana,Norway,5.6
528,Botswana,South Africa,83.16
529,Botswana,Switzerland,1.6
530,Botswana,Zimbabwe,3.71
531,Botswana,Sweden,3.05
532,Botswana,United States,1.62
533,Norway,Germany,13.13
534,Norway,United Kingdom,22.55
535,Norway,Denmark,7.33
536,Norway,China,4.96
537,Norway,France,8.76
538,Norway,Sweden,15.66
539,Norway,Netherlands,10.24
540,Norway,United States,7.64
541,South Africa,Germany,8.04
542,South Africa,United Kingdom,10.47
543,South Africa,Japan,6.84
544,South Africa,China,7.51
545,South Africa,Netherlands,4.57
546,South Africa,United States,11.65
547,Zimbabwe,Botswana,6.64
548,Zimbabwe,Zambia,5.37
549,Zimbabwe,United Kingdom,5.05
550,Zimbabwe,South Africa,45.8
551,Zimbabwe,Mozambique,4.36
552,Zimbabwe,China,6.53
553,Zimbabwe,Switzerland,6.61
554,Sweden,Denmark,6.67
555,Sweden,Germany,10.18
556,Sweden,United Kingdom,7.8
557,Sweden,Norway,8.64
558,Sweden,Netherlands,6.75
559,Sweden,United States,10.68
560,Central African Republic,Japan,5.03
561,Central African Republic,Cameroon,45.64
562,Central African Republic,France,16.38
563,Central African Republic,"Congo, Rep.",0.59
564,Central African Republic,Belgium,2.98
565,Cameroon,Japan,4.63
566,Cameroon,France,22.43
567,Cameroon,Italy,11.48
568,Cameroon,Spain,10.65
569,Cameroon,Netherlands,8.54
570,Cameroon,United States,5.28
571,Cameroon,Belgium,4.91
572,Cameroon,Nigeria,12.17
573,"Hong Kong, China",Japan,12.08
574,"Hong Kong, China",China,43.04
575,"Hong Kong, China","Korea, Rep.",5.27
576,"Hong Kong, China",United Kingdom,3.62
577,"Hong Kong, China","Other Asia, nes",7.24
578,"Hong Kong, China",United States,16.55
579,Cook Islands,Japan,2.89
580,Cook Islands,China,15.2
581,Cook Islands,New Zealand,65.28
582,Cook Islands,United Kingdom,4.52
583,Cook Islands,Australia,10.94
584,Cook Islands,United States,4.81
585,Ecuador,Panama,14.31
586,Ecuador,Brazil,6.46
587,Ecuador,Peru,7.91
588,Ecuador,China,8.95
589,Ecuador,Colombia,3.71
590,Ecuador,Venezuela,7.11
591,Ecuador,Italy,4.66
592,Ecuador,United States,42.93
593,Comoros,South Africa,6.11
594,Comoros,United Arab Emirates,17.32
595,Comoros,Mauritius,5.08
596,Comoros,American Samoa,69.58
597,Comoros,France,35.78
598,Comoros,India,7.54
599,Comoros,United States,8.64
600,Comoros,Singapore,1.97
601,Mauritius,South Africa,11.19
602,Mauritius,France,9.08
603,Mauritius,India,9.13
604,Mauritius,China,9.25
605,Mauritius,Madagascar,4.87
606,Mauritius,United Kingdom,31.76
607,Mauritius,Bunkers,3.99
608,Mauritius,United States,14.22
609,Mauritius,Bahrain,5.25
610,Cape Verde,Brazil,4.99
611,Cape Verde,Netherlands,7.58
612,Cape Verde,Portugal,38.03
613,Cape Verde,Spain,3.9
614,Cape Verde,United States,17.65
615,Cape Verde,Guinea,0.42
616,Guinea,Cote d'Ivoire,18.55
617,Guinea,Germany,9.0
618,Guinea,France,10.81
619,Guinea,China,7.7
620,Guinea,Spain,21.76
621,Guinea,Ireland,13.66
622,Guinea,United States,14.92
623,Guinea,Belgium,7.88
624,Costa Rica,Japan,6.04
625,Costa Rica,Guatemala,4.58
626,Costa Rica,Germany,3.96
627,Costa Rica,Mexico,5.22
628,Costa Rica,Brazil,4.38
629,Costa Rica,Venezuela,4.1
630,Costa Rica,Nicaragua,3.69
631,Costa Rica,Netherlands,5.56
632,Costa Rica,United States,44.45
633,Nicaragua,Mexico,5.36
634,Nicaragua,Costa Rica,8.41
635,Nicaragua,Venezuela,12.25
636,Nicaragua,Guatemala,6.76
637,Nicaragua,Honduras,7.64
638,Nicaragua,El Salvador,14.42
639,Nicaragua,United States,38.58
640,Cuba,Canada,5.31
641,Cuba,China,10.52
642,Cuba,Venezuela,20.38
643,Cuba,Russian Federation,5.18
644,Cuba,Spain,11.48
645,Cuba,Netherlands,27.75
646,Cuba,United States,8.0
647,Cyprus,Germany,4.98
648,Cyprus,United Kingdom,27.27
649,Cyprus,Greece,11.86
650,Cyprus,France,6.28
651,Cyprus,United Arab Emirates,4.72
652,Cyprus,Bunkers,7.73
653,Cyprus,Italy,10.52
654,Slovak Republic,Germany,28.6
655,Slovak Republic,Czech Republic,13.51
656,Slovak Republic,Poland,5.43
657,Slovak Republic,Russian Federation,9.32
658,Slovak Republic,Italy,6.36
659,Slovak Republic,Austria,7.87
660,Dominica,United Kingdom,17.98
661,Dominica,Japan,4.7
662,Dominica,France,5.03
663,Dominica,Trinidad and Tobago,7.44
664,Dominica,Jamaica,20.2
665,Dominica,United States,36.72
666,Dominica,Antigua and Barbuda,10.06
667,Denmark,Germany,16.48
668,Denmark,United Kingdom,7.99
669,Denmark,Sweden,12.42
670,Denmark,Norway,5.51
671,Denmark,Netherlands,6.75
672,Denmark,Special Categories,6.97
673,Dominican Republic,Brazil,1.61
674,Dominican Republic,"Korea, Rep.",1.63
675,Dominican Republic,China,3.45
676,Dominican Republic,Haiti,4.45
677,Dominican Republic,Netherlands,1.93
678,Dominican Republic,United States,80.84
679,Dominican Republic,Spain,2.41
680,Algeria,Germany,6.61
681,Algeria,France,22.53
682,Algeria,China,5.0
683,Algeria,Italy,16.1
684,Algeria,Spain,11.25
685,Algeria,Netherlands,7.43
686,Algeria,United States,23.62
687,"Egypt, Arab Rep.",Germany,6.7
688,"Egypt, Arab Rep.",China,5.15
689,"Egypt, Arab Rep.",Italy,12.79
690,"Egypt, Arab Rep.",Spain,5.63
691,"Egypt, Arab Rep.",Netherlands,5.11
692,"Egypt, Arab Rep.",United States,7.65
693,Estonia,Germany,7.49
694,Estonia,Sweden,13.86
695,Estonia,Finland,20.58
696,Estonia,Latvia,7.72
697,Estonia,Russian Federation,11.93
698,Finland,Germany,10.68
699,Finland,Sweden,11.06
700,Finland,France,4.64
701,Finland,China,4.86
702,Finland,United Kingdom,7.01
703,Finland,Russian Federation,8.92
704,Finland,United States,6.39
705,Latvia,Germany,11.95
706,Latvia,Sweden,10.02
707,Latvia,Estonia,7.95
708,Latvia,Lithuania,9.08
709,Latvia,Finland,6.34
710,Latvia,United Kingdom,12.65
711,Latvia,Russian Federation,8.73
712,Ethiopia(excludes Eritrea),Japan,8.09
713,Ethiopia(excludes Eritrea),Switzerland,9.34
714,Ethiopia(excludes Eritrea),Germany,12.45
715,Ethiopia(excludes Eritrea),India,6.14
716,Ethiopia(excludes Eritrea),Saudi Arabia,6.38
717,Ethiopia(excludes Eritrea),China,12.8
718,Ethiopia(excludes Eritrea),Italy,6.15
719,Ethiopia(excludes Eritrea),United States,11.15
720,European Union,Japan,7.16
721,European Union,China,4.97
722,European Union,Switzerland,7.84
723,European Union,Russian Federation,4.74
724,European Union,United States,24.23
725,Fiji,Japan,4.75
726,Fiji,New Zealand,20.35
727,Fiji,Singapore,12.53
728,Fiji,Australia,34.03
729,Fiji,United Kingdom,15.98
730,Fiji,United States,27.22
731,Faeroe Islands,Denmark,19.6
732,Faeroe Islands,Germany,7.54
733,Faeroe Islands,United Kingdom,25.4
734,Faeroe Islands,Norway,8.04
735,Faeroe Islands,France,8.24
736,Faeroe Islands,Spain,9.97
737,Faeroe Islands,Sweden,6.93
738,"Micronesia, Fed. Sts.",Japan,11.48
739,"Micronesia, Fed. Sts.",Guam,14.04
740,"Micronesia, Fed. Sts.",Australia,5.66
741,"Micronesia, Fed. Sts.","Hong Kong, China",5.8
742,"Micronesia, Fed. Sts.",United States,20.86
743,"Micronesia, Fed. Sts.",Northern Mariana Islands,1.02
744,Gabon,China,6.3
745,Gabon,France,40.82
746,Gabon,Iceland,4.21
747,Gabon,New Caledonia,4.15
748,Gabon,Netherlands,4.15
749,Gabon,United States,49.05
750,Gabon,Belgium,11.0
751,Iceland,Germany,17.73
752,Iceland,United Kingdom,19.03
753,Iceland,Denmark,7.57
754,Iceland,Norway,9.56
755,Iceland,Spain,6.93
756,Iceland,Netherlands,10.75
757,Iceland,United States,9.38
758,New Caledonia,Germany,3.85
759,New Caledonia,"Other Asia, nes",13.02
760,New Caledonia,France,40.25
761,New Caledonia,"Korea, Rep.",12.0
762,New Caledonia,Singapore,10.87
763,New Caledonia,Japan,21.89
764,New Caledonia,Spain,6.24
765,New Caledonia,Australia,9.08
766,New Caledonia,New Zealand,4.89
767,"Gambia, The",Denmark,21.55
768,"Gambia, The",Germany,11.29
769,"Gambia, The",United Kingdom,46.01
770,"Gambia, The",Cote d'Ivoire,12.08
771,"Gambia, The",Switzerland,2.19
772,"Gambia, The",China,12.06
773,"Gambia, The",Mauritania,7.65
774,"Gambia, The",Netherlands,16.65
775,"Gambia, The",United States,7.21
776,Mauritania,Germany,12.06
777,Mauritania,France,9.91
778,Mauritania,Norway,51.08
779,Mauritania,Japan,20.94
780,Mauritania,Spain,13.33
781,Mauritania,United States,3.07
782,Mauritania,Belgium,2.9
783,Guinea-Bissau,Thailand,3.28
784,Guinea-Bissau,India,84.24
785,Guinea-Bissau,Montserrat,1.07
786,Guinea-Bissau,China,10.18
787,Guinea-Bissau,Netherlands,4.64
788,Guinea-Bissau,Spain,0.16
789,Guinea-Bissau,Senegal,30.05
790,Guinea-Bissau,Portugal,47.66
791,Guinea-Bissau,Singapore,12.79
792,Montserrat,United Kingdom,6.27
793,Montserrat,Japan,5.52
794,Montserrat,Trinidad and Tobago,33.51
795,Montserrat,Barbados,2.9
796,Montserrat,Anguila,26.47
797,Montserrat,United States,60.69
798,Montserrat,"Bahamas, The",9.89
799,Montserrat,Antigua and Barbuda,14.05
800,Senegal,Thailand,6.22
801,Senegal,India,13.87
802,Senegal,France,24.26
803,Senegal,Brazil,3.79
804,Senegal,Italy,7.02
805,Senegal,Bunkers,12.04
806,Senegal,Mali,13.69
807,Senegal,Spain,4.13
808,Senegal,Nigeria,11.74
809,Grenada,United Kingdom,6.54
810,Grenada,Japan,4.86
811,Grenada,Trinidad and Tobago,18.93
812,Grenada,Barbados,3.29
813,Grenada,St. Lucia,6.3
814,Grenada,France,5.42
815,Grenada,Netherlands,16.57
816,Grenada,United States,23.29
817,Grenada,Belgium,7.61
818,Greenland,Denmark,87.48
819,Greenland,Canada,1.43
820,Greenland,Germany,1.85
821,Greenland,Iceland,1.04
822,Greenland,Norway,1.56
823,Greenland,Spain,5.98
824,Greenland,Sweden,11.77
825,Greenland,United States,1.71
826,El Salvador,Guatemala,7.5
827,El Salvador,Mexico,4.89
828,El Salvador,Costa Rica,2.0
829,El Salvador,China,2.92
830,El Salvador,Venezuela,3.18
831,El Salvador,Nicaragua,2.8
832,El Salvador,Honduras,6.66
833,El Salvador,United States,74.8
834,Honduras,Guatemala,6.66
835,Honduras,Germany,8.13
836,Honduras,Mexico,5.58
837,Honduras,El Salvador,4.28
838,Honduras,Nicaragua,4.17
839,Honduras,United States,44.06
840,Honduras,Costa Rica,4.63
841,Slovenia,Germany,21.56
842,Slovenia,Croatia,3.65
843,Slovenia,France,8.37
844,Slovenia,Italy,13.03
845,Slovenia,Austria,8.24
846,Hungary,Germany,31.62
847,Hungary,Netherlands,4.94
848,Hungary,United Kingdom,5.58
849,Hungary,Russian Federation,5.62
850,Hungary,France,5.57
851,Hungary,Italy,5.5
852,Hungary,Austria,8.13
853,Jordan,Germany,6.82
854,Jordan,India,6.54
855,Jordan,Iraq,18.83
856,Jordan,Saudi Arabia,5.38
857,Jordan,China,8.4
858,Jordan,Italy,3.84
859,Jordan,United States,26.24
860,Jordan,Free Zones,7.64
861,Uganda,Kenya,11.77
862,Uganda,Japan,7.09
863,Uganda,South Africa,8.19
864,Uganda,Switzerland,16.64
865,Uganda,India,7.08
866,Uganda,United Arab Emirates,5.12
867,Uganda,United Kingdom,4.5
868,Uganda,Netherlands,8.85
869,Uganda,United States,6.01
870,Kyrgyz Republic,Germany,5.59
871,Kyrgyz Republic,Kazakhstan,12.15
872,Kyrgyz Republic,Switzerland,14.16
873,Kyrgyz Republic,China,8.51
874,Kyrgyz Republic,United Arab Emirates,26.34
875,Kyrgyz Republic,Uzbekistan,5.51
876,Kyrgyz Republic,Russian Federation,19.16
877,Kyrgyz Republic,Canada,5.95
878,Cambodia,Thailand,11.19
879,Cambodia,"Hong Kong, China",19.88
880,Cambodia,Germany,8.49
881,Cambodia,China,16.53
882,Cambodia,United Kingdom,6.26
883,Cambodia,"Other Asia, nes",11.76
884,Cambodia,United States,46.88
885,Cambodia,Canada,3.38
886,Cambodia,Vietnam,8.18
887,Vietnam,Japan,11.11
888,Vietnam,China,10.95
889,Vietnam,"Korea, Rep.",10.51
890,Vietnam,Singapore,11.32
891,Vietnam,Australia,7.12
892,Vietnam,"Other Asia, nes",11.57
893,Vietnam,United States,18.98
894,Kiribati,Japan,5.68
895,Kiribati,Fiji,23.77
896,Kiribati,"Other Asia, nes",4.08
897,Kiribati,Australia,43.03
898,Kiribati,New Zealand,5.8
899,St. Kitts and Nevis,United Kingdom,19.81
900,St. Kitts and Nevis,Japan,3.18
901,St. Kitts and Nevis,Netherlands Antilles,1.15
902,St. Kitts and Nevis,Canada,3.58
903,St. Kitts and Nevis,Trinidad and Tobago,1.57
904,St. Kitts and Nevis,United States,74.13
905,Kuwait,Germany,11.46
906,Kuwait,Japan,6.4
907,Kuwait,Iraq,0.69
908,Kuwait,Saudi Arabia,0.72
909,Kuwait,China,6.78
910,Kuwait,United Arab Emirates,0.67
911,Kuwait,Indonesia,0.61
912,Kuwait,United States,10.75
913,Lebanon,Germany,7.77
914,Lebanon,Switzerland,10.65
915,Lebanon,France,7.79
916,Lebanon,Iraq,14.64
917,Lebanon,Syrian Arab Republic,8.32
918,Lebanon,China,7.65
919,Lebanon,United Arab Emirates,7.75
920,Lebanon,Italy,9.88
921,Lebanon,Turkey,7.29
922,Lebanon,United States,5.91
923,Syrian Arab Republic,Iraq,9.62
924,Syrian Arab Republic,Saudi Arabia,6.63
925,Syrian Arab Republic,China,7.03
926,Syrian Arab Republic,Russian Federation,4.87
927,Syrian Arab Republic,France,19.18
928,Syrian Arab Republic,Italy,24.13
929,Syrian Arab Republic,Turkey,6.85
930,Syrian Arab Republic,Ukraine,7.9
931,Sri Lanka,India,7.03
932,Sri Lanka,Germany,4.96
933,Sri Lanka,Singapore,9.3
934,Sri Lanka,China,5.77
935,Sri Lanka,United Kingdom,14.16
936,Sri Lanka,"Iran, Islamic Rep.",5.86
937,Sri Lanka,"Hong Kong, China",7.87
938,Sri Lanka,United States,34.04
939,Sri Lanka,Belgium,3.58
940,Lesotho,Germany,1.55
941,Lesotho,South Africa,78.2
942,Lesotho,Switzerland,2.8
943,Lesotho,China,4.0
944,Lesotho,"Other Asia, nes",6.32
945,Lesotho,"Hong Kong, China",5.75
946,Lesotho,United States,68.52
947,Lesotho,Canada,0.57
948,Lesotho,Belgium,9.76
949,Lithuania,Germany,10.24
950,Lithuania,Poland,7.65
951,Lithuania,Netherlands,4.03
952,Lithuania,Latvia,3.83
953,Lithuania,United Kingdom,5.31
954,Lithuania,Russian Federation,9.28
955,Lithuania,France,6.34
956,Luxembourg,Germany,26.2
957,Luxembourg,France,13.9
958,Luxembourg,Netherlands,5.03
959,Luxembourg,United Kingdom,4.97
960,Luxembourg,Italy,6.72
961,Luxembourg,United States,3.57
962,Luxembourg,Belgium,35.8
963,Macao,Germany,8.3
964,Macao,Japan,9.52
965,Macao,"Hong Kong, China",10.46
966,Macao,China,15.5
967,Macao,United Kingdom,4.54
968,Macao,"Other Asia, nes",4.78
969,Macao,United States,49.8
970,Morocco,Germany,5.93
971,Morocco,France,18.52
972,Morocco,United Kingdom,7.67
973,Morocco,Russian Federation,5.89
974,Morocco,Italy,4.69
975,Morocco,Spain,12.23
976,Morocco,United States,3.91
977,Moldova,Germany,7.24
978,Moldova,Romania,9.28
979,Moldova,Russian Federation,35.87
980,Moldova,Italy,13.85
981,Moldova,Ukraine,24.67
982,Romania,Germany,14.96
983,Romania,France,7.09
984,Romania,United Kingdom,6.65
985,Romania,Russian Federation,6.83
986,Romania,Italy,21.2
987,Romania,Turkey,7.0
988,Madagascar,South Africa,5.82
989,Madagascar,Germany,5.72
990,Madagascar,France,12.38
991,Madagascar,China,17.0
992,Madagascar,United States,33.81
993,Madagascar,Bahrain,6.21
994,Madagascar,Mauritius,3.3
995,Maldives,United Arab Emirates,20.42
996,Maldives,Thailand,17.39
997,Maldives,Sri Lanka,10.18
998,Maldives,India,10.26
999,Maldives,Singapore,25.06
1000,Maldives,Malaysia,7.59
1001,Maldives,Japan,8.47
1002,Maldives,United States,19.56
1003,North Macedonia,Germany,18.93
1004,North Macedonia,Bulgaria,7.15
1005,North Macedonia,Croatia,4.78
1006,North Macedonia,Greece,13.65
1007,North Macedonia,"Serbia, FR(Serbia/Montenegro)",20.74
1008,North Macedonia,Russian Federation,9.24
1009,North Macedonia,Italy,8.03
1010,Mali,Cote d'Ivoire,9.37
1011,Mali,China,4.75
1012,Mali,Switzerland,20.43
1013,Mali,France,15.89
1014,Mali,Togo,8.51
1015,Mali,Benin,7.42
1016,Mali,South Africa,30.85
1017,Mali,Senegal,12.22
1018,Malta,Germany,10.81
1019,Malta,United Kingdom,11.47
1020,Malta,France,17.01
1021,Malta,Italy,23.2
1022,Malta,United States,15.64
1023,Malta,Singapore,14.5
1024,Mongolia,Japan,7.34
1025,Mongolia,China,47.57
1026,Mongolia,"Korea, Rep.",5.99
1027,Mongolia,United Kingdom,16.05
1028,Mongolia,Russian Federation,2.41
1029,Mongolia,United States,18.26
1030,Mongolia,Singapore,2.32
1031,Mozambique,South Africa,32.77
1032,Mozambique,India,3.13
1033,Mozambique,Malawi,3.29
1034,Mozambique,Portugal,3.47
1035,Mozambique,Netherlands,60.95
1036,Mozambique,United States,2.38
1037,Malawi,United Kingdom,9.86
1038,Malawi,South Africa,31.69
1039,Malawi,Mozambique,13.56
1040,Malawi,Germany,7.52
1041,Malawi,India,6.33
1042,Malawi,Zimbabwe,4.75
1043,Malawi,Kenya,5.92
1044,Malawi,United States,11.32
1045,Mayotte,South Africa,7.25
1046,Mayotte,Thailand,3.18
1047,Mayotte,France,49.79
1048,Mayotte,Seychelles,4.84
1049,Mayotte,China,3.56
1050,Mayotte,Madagascar,6.64
1051,Mayotte,Comoros,17.9
1052,Mayotte,Mauritius,0.94
1053,Mayotte,Singapore,0.73
1054,Seychelles,South Africa,9.6
1055,Seychelles,Germany,5.94
1056,Seychelles,France,10.56
1057,Seychelles,Saudi Arabia,24.59
1058,Seychelles,United Kingdom,33.78
1059,Seychelles,Italy,8.11
1060,Seychelles,Spain,9.99
1061,Namibia,Germany,1.83
1062,Namibia,United Kingdom,20.8
1063,Namibia,South Africa,85.21
1064,Namibia,Angola,9.61
1065,Namibia,India,0.88
1066,Namibia,China,1.17
1067,Namibia,France,9.82
1068,Namibia,United States,8.75
1069,Oman,Germany,4.82
1070,Oman,United Kingdom,4.85
1071,Oman,Japan,13.72
1072,Oman,United Arab Emirates,7.24
1073,Oman,Thailand,13.41
1074,Oman,China,32.86
1075,Oman,Italy,5.77
1076,Pakistan,"Hong Kong, China",4.58
1077,Pakistan,Germany,4.85
1078,Pakistan,Iraq,7.44
1079,Pakistan,China,7.39
1080,Pakistan,Kuwait,6.35
1081,Pakistan,United Kingdom,7.55
1082,Pakistan,Saudi Arabia,11.4
1083,Pakistan,United States,23.18
1084,Philippines,Japan,17.46
1085,Philippines,"Hong Kong, China",7.93
1086,Philippines,China,6.69
1087,Philippines,"Korea, Rep.",6.19
1088,Philippines,Singapore,7.71
1089,Philippines,"Other Asia, nes",7.21
1090,Philippines,Netherlands,9.03
1091,Philippines,United States,18.16
1092,Papua New Guinea,Japan,5.26
1093,Papua New Guinea,China,3.98
1094,Papua New Guinea,Germany,6.03
1095,Papua New Guinea,Singapore,7.24
1096,Papua New Guinea,Australia,58.67
1097,Papua New Guinea,United States,7.56
1098,Paraguay,Japan,3.48
1099,Paraguay,Cayman Islands,7.06
1100,Paraguay,Switzerland,2.29
1101,Paraguay,Brazil,47.29
1102,Paraguay,China,15.8
1103,Paraguay,Uruguay,15.45
1104,Paraguay,Argentina,12.01
1105,Paraguay,United States,3.71
1106,Uruguay,Germany,5.16
1107,Uruguay,Brazil,16.47
1108,Uruguay,China,5.54
1109,Uruguay,Argentina,7.61
1110,Uruguay,Russian Federation,10.98
1111,Uruguay,Mexico,4.01
1112,Uruguay,United States,20.47
1113,French Polynesia,"Hong Kong, China",21.19
1114,French Polynesia,Thailand,6.26
1115,French Polynesia,France,34.41
1116,French Polynesia,China,4.96
1117,French Polynesia,Japan,30.45
1118,French Polynesia,Australia,9.08
1119,French Polynesia,New Zealand,7.82
1120,French Polynesia,United States,15.85
1121,Qatar,Germany,5.26
1122,Qatar,United Arab Emirates,6.32
1123,Qatar,India,5.38
1124,Qatar,France,26.75
1125,Qatar,"Korea, Rep.",15.7
1126,Qatar,Japan,41.63
1127,Qatar,Saudi Arabia,9.51
1128,Qatar,United States,9.62
1129,Qatar,Singapore,9.07
1130,Fm Sudan,Japan,6.08
1131,Fm Sudan,United Arab Emirates,2.17
1132,Fm Sudan,China,64.22
1133,Fm Sudan,Saudi Arabia,6.92
1134,Fm Sudan,"Egypt, Arab Rep.",6.97
1135,Fm Sudan,Singapore,3.15
1136,Solomon Islands,Philippines,7.74
1137,Solomon Islands,China,26.1
1138,Solomon Islands,Papua New Guinea,7.21
1139,Solomon Islands,Singapore,4.84
1140,Solomon Islands,"Korea, Dem. Rep.",13.81
1141,Solomon Islands,Australia,34.71
1142,Solomon Islands,New Zealand,7.86
1143,Sao Tome and Principe,Gabon,4.18
1144,Sao Tome and Principe,Japan,6.09
1145,Sao Tome and Principe,Angola,15.64
1146,Sao Tome and Principe,France,2.43
1147,Sao Tome and Principe,Portugal,60.77
1148,Sao Tome and Principe,Netherlands,51.63
1149,Sao Tome and Principe,Belgium,8.93
1150,Suriname,Guyana,4.22
1151,Suriname,Japan,13.06
1152,Suriname,Trinidad and Tobago,17.76
1153,Suriname,China,4.27
1154,Suriname,United Arab Emirates,7.85
1155,Suriname,Netherlands,19.98
1156,Suriname,Canada,9.06
1157,Suriname,United States,22.71
1158,Suriname,Belgium,11.38
1159,Eswatini,South Africa,88.56
1160,Eswatini,China,1.01
1161,Eswatini,Madagascar,6.28
1162,Eswatini,Netherlands,1.22
1163,Eswatini,"Other Asia, nes",3.48
1164,Eswatini,"Hong Kong, China",1.07
1165,Eswatini,United States,6.33
1166,Eswatini,Mozambique,7.48
1167,Turks and Caicos Isl.,Guatemala,0.02
1168,Turks and Caicos Isl.,"Bahamas, The",1.72
1169,Turks and Caicos Isl.,Haiti,0.21
1170,Turks and Caicos Isl.,Colombia,0.04
1171,Turks and Caicos Isl.,United States,99.63
1172,Turks and Caicos Isl.,Canada,0.07
1173,Turks and Caicos Isl.,Dominican Republic,0.07
1174,Turks and Caicos Isl.,Bahrain,0.06
1175,East Timor,Singapore,13.35
1176,East Timor,Australia,17.67
1177,East Timor,Japan,22.82
1178,East Timor,Portugal,12.98
1179,East Timor,Italy,1.87
1180,East Timor,United States,4.11
1181,East Timor,Indonesia,53.04
1182,East Timor,Vietnam,4.62
1183,East Timor,Bangladesh,4.0
1184,Tonga,American Samoa,2.63
1185,Tonga,Fiji,16.97
1186,Tonga,New Zealand,36.58
1187,Tonga,"Korea, Rep.",7.06
1188,Tonga,China,6.31
1189,Tonga,Japan,43.65
1190,Tonga,Australia,21.05
1191,Tonga,United States,19.4
1192,Tunisia,Germany,9.17
1193,Tunisia,France,25.04
1194,Tunisia,Libya,3.59
1195,Tunisia,Italy,25.31
1196,Tunisia,Spain,5.29
1197,Tuvalu,Japan,5.17
1198,Tuvalu,Fiji,23.52
1199,Tuvalu,New Zealand,14.01
1200,Tuvalu,"Korea, Rep.",0.44
1201,Tuvalu,China,4.84
1202,Tuvalu,Australia,40.96
1203,Tuvalu,United States,0.28
1204,St. Vincent and the Grenadines,United Kingdom,33.53
1205,St. Vincent and the Grenadines,Japan,3.7
1206,St. Vincent and the Grenadines,Trinidad and Tobago,9.89
1207,St. Vincent and the Grenadines,Barbados,3.97
1208,St. Vincent and the Grenadines,St. Lucia,11.49
1209,St. Vincent and the Grenadines,United States,37.45
1210,St. Vincent and the Grenadines,Antigua and Barbuda,8.26
1211, World,Germany,7.47
1212, World,Japan,6.73
1213, World,China,5.23
1214, World,France,4.58
1215, World,United Kingdom,5.03
1216, World,United States,15.17
1217,Wallis and Futura Isl.,Fiji,5.07
1218,Wallis and Futura Isl.,France,33.32
1219,Wallis and Futura Isl.,New Caledonia,6.47
1220,Wallis and Futura Isl.,Australia,22.5
1221,Wallis and Futura Isl.,New Zealand,10.49
1222,Samoa,Japan,6.43
1223,Samoa,American Samoa,12.24
1224,Samoa,Fiji,6.52
1225,Samoa,New Zealand,32.55
1226,Samoa,Australia,22.72
1227,Samoa,United States,6.75
1228,Samoa,Tokelau,1.37
1229,Yemen,Japan,6.06
1230,Yemen,Thailand,28.99
1231,Yemen,China,28.73
1232,Yemen,India,13.47
1233,Yemen,"Korea, Rep.",3.21
1234,Yemen,Kuwait,6.2
1235,Yemen,Saudi Arabia,6.31
1236,Yemen,United States,8.07
1237,Yemen,Singapore,4.73
1238,Zambia,United Kingdom,16.98
1239,Zambia,South Africa,46.5
1240,Zambia,United Arab Emirates,6.38
1241,Zambia,Tanzania,7.67
1242,Zambia,Switzerland,15.67
1243,Zambia,France,3.28
1244,Zambia,Zimbabwe,6.04
1245,Zambia,"Congo, Dem. Rep.",7.31
