,source,target,2005
0,Aruba,United Kingdom,3.83
1,Aruba,Panama,16.73
2,Aruba,Netherlands Antilles,2.67
3,Aruba,Netherlands,33.5
4,Aruba,Colombia,11.94
5,Aruba,Venezuela,2.51
6,Aruba,United States,11.24
7,United Kingdom,Germany,10.64
8,United Kingdom,France,7.35
9,United Kingdom,China,6.84
10,United Kingdom,Netherlands,5.84
11,United Kingdom,Ireland,7.63
12,United Kingdom,United States,14.44
13,Panama,Sweden,5.63
14,Panama,Japan,4.53
15,Panama,Netherlands Antilles,11.44
16,Panama,Costa Rica,4.67
17,Panama,Spain,8.89
18,Panama,Netherlands,4.88
19,Panama,United States,44.9
20,Netherlands Antilles,Japan,2.99
21,Netherlands Antilles,Netherlands,30.18
22,Netherlands Antilles,Venezuela,6.8
23,Netherlands Antilles,Panama,3.44
24,Netherlands Antilles,United States,16.09
25,Netherlands Antilles,Aruba,17.32
26,Netherlands,Germany,23.8
27,Netherlands,United Kingdom,9.21
28,Netherlands,China,7.63
29,Netherlands,France,9.15
30,Netherlands,Italy,5.72
31,Netherlands,United States,7.87
32,Netherlands,Belgium,10.79
33,Colombia,Mexico,2.88
34,Colombia,Brazil,6.52
35,Colombia,Peru,3.35
36,Colombia,China,7.63
37,Colombia,Venezuela,5.75
38,Colombia,United States,41.77
39,Colombia,Ecuador,6.25
40,Venezuela,Netherlands Antilles,3.56
41,Venezuela,"Other Asia, nes",4.71
42,Venezuela,Mexico,6.93
43,Venezuela,Brazil,9.1
44,Venezuela,Colombia,1.86
45,Venezuela,Panama,3.88
46,Venezuela,United States,45.23
47,United States,Germany,5.01
48,United States,Japan,8.18
49,United States,Canada,16.97
50,United States,China,4.57
51,United States,Mexico,13.35
52,United States,United Kingdom,4.28
53,Albania,Germany,3.33
54,Albania,Greece,10.47
55,Albania,China,6.61
56,Albania,"Serbia, FR(Serbia/Montenegro)",4.96
57,Albania,Italy,72.44
58,Albania,Turkey,1.72
59,Germany,United Kingdom,7.69
60,Germany,France,8.55
61,Germany,China,6.49
62,Germany,Netherlands,6.24
63,Germany,Italy,6.86
64,Germany,United States,8.81
65,Greece,Germany,12.46
66,Greece,France,5.73
67,Greece,Bulgaria,5.82
68,Greece,Netherlands,5.51
69,Greece,United Kingdom,6.71
70,Greece,Russian Federation,7.69
71,Greece,Italy,10.51
72,Greece,Turkey,5.37
73,China,Japan,15.21
74,China,"Hong Kong, China",16.34
75,China,Germany,4.27
76,China,"Korea, Rep.",11.64
77,China,China,8.36
78,China,"Other Asia, nes",11.32
79,China,United States,21.42
80,Italy,Germany,13.18
81,Italy,France,10.34
82,Italy,China,4.77
83,Italy,Netherlands,5.59
84,Italy,United Kingdom,6.59
85,Italy,Spain,7.47
86,Italy,United States,8.01
87,Italy,Belgium,4.63
88,Turkey,Germany,12.87
89,Turkey,France,5.04
90,Turkey,China,5.9
91,Turkey,United Kingdom,8.05
92,Turkey,Russian Federation,11.05
93,Turkey,Italy,7.64
94,Turkey,United States,6.68
95,Japan,United Arab Emirates,4.91
96,Japan,"Other Asia, nes",7.32
97,Japan,"Hong Kong, China",6.04
98,Japan,China,13.46
99,Japan,"Korea, Rep.",7.84
100,Japan,Saudi Arabia,5.57
101,Japan,Australia,4.75
102,Japan,United States,22.85
103,United Arab Emirates,Japan,5.79
104,United Arab Emirates,"Other Asia, nes",10.21
105,United Arab Emirates,India,4.63
106,United Arab Emirates,China,8.53
107,United Arab Emirates,"Iran, Islamic Rep.",3.46
108,United Arab Emirates,United States,6.34
109,"Other Asia, nes",Japan,25.3
110,"Other Asia, nes","Hong Kong, China",16.22
111,"Other Asia, nes",China,21.58
112,"Other Asia, nes","Korea, Rep.",7.27
113,"Other Asia, nes",Saudi Arabia,4.1
114,"Other Asia, nes",United States,15.08
115,"Other Asia, nes",Singapore,4.04
116,India,Germany,3.94
117,India,China,7.16
118,India,Switzerland,5.04
119,India,United Arab Emirates,8.39
120,India,United Kingdom,4.94
121,India,United States,16.48
122,India,Singapore,5.41
123,"Iran, Islamic Rep.",Germany,13.2
124,"Iran, Islamic Rep.",United Arab Emirates,18.81
125,"Iran, Islamic Rep.","Other Asia, nes",10.22
126,"Iran, Islamic Rep.",France,6.99
127,"Iran, Islamic Rep.",China,6.11
128,"Iran, Islamic Rep.",Japan,28.39
129,"Iran, Islamic Rep.",Italy,10.32
130,Argentina,Germany,4.65
131,Argentina,Chile,11.21
132,Argentina,China,7.86
133,Argentina,Brazil,15.78
134,Argentina,Spain,3.9
135,Argentina,Italy,2.67
136,Argentina,United States,11.4
137,Chile,China,11.63
138,Chile,Brazil,11.63
139,Chile,"Korea, Rep.",5.8
140,Chile,Japan,11.91
141,Chile,Netherlands,5.59
142,Chile,Argentina,14.71
143,Chile,United States,15.95
144,Brazil,Germany,4.27
145,Brazil,Japan,4.54
146,Brazil,China,5.76
147,Brazil,Argentina,8.41
148,Brazil,Netherlands,4.36
149,Brazil,United States,19.32
150,Spain,Germany,11.36
151,Spain,United Kingdom,8.4
152,Spain,France,14.1
153,Spain,China,5.03
154,Spain,Italy,8.36
155,Spain,Portugal,9.57
156,Armenia,Germany,15.66
157,Armenia,Israel,11.98
158,Armenia,Russian Federation,12.36
159,Armenia,Netherlands,13.88
160,Armenia,"Iran, Islamic Rep.",5.97
161,Armenia,United States,6.1
162,Armenia,Belgium,9.36
163,Israel,Germany,6.63
164,Israel,United Kingdom,3.86
165,Israel,"Hong Kong, China",5.55
166,Israel,United States,36.24
167,Israel,Belgium,10.12
168,Russian Federation,Germany,8.17
169,Russian Federation,Japan,5.91
170,Russian Federation,China,5.4
171,Russian Federation,Italy,7.89
172,Russian Federation,Netherlands,10.19
173,Russian Federation,Belarus,5.79
174,Russian Federation,Ukraine,7.92
175,Belgium,Germany,19.23
176,Belgium,United Kingdom,8.16
177,Belgium,France,11.35
178,Belgium,Ireland,6.38
179,Belgium,Netherlands,11.69
180,Belgium,United States,6.53
181,Antigua and Barbuda,United Kingdom,16.72
182,Antigua and Barbuda,Japan,2.81
183,Antigua and Barbuda,Netherlands Antilles,10.18
184,Antigua and Barbuda,St. Kitts and Nevis,10.27
185,Antigua and Barbuda,Trinidad and Tobago,10.93
186,Antigua and Barbuda,Anguila,7.03
187,Antigua and Barbuda,United States,7.69
188,St. Kitts and Nevis,United Kingdom,1.92
189,St. Kitts and Nevis,Sweden,0.85
190,St. Kitts and Nevis,Japan,3.83
191,St. Kitts and Nevis,Netherlands Antilles,0.81
192,St. Kitts and Nevis,Trinidad and Tobago,2.02
193,St. Kitts and Nevis,Barbados,2.82
194,St. Kitts and Nevis,United States,91.89
195,Trinidad and Tobago,Guyana,2.85
196,Trinidad and Tobago,Brazil,13.55
197,Trinidad and Tobago,Jamaica,7.46
198,Trinidad and Tobago,Barbados,4.32
199,Trinidad and Tobago,Venezuela,6.03
200,Trinidad and Tobago,France,4.44
201,Trinidad and Tobago,Colombia,5.63
202,Trinidad and Tobago,United States,58.58
203,Trinidad and Tobago,Nigeria,5.07
204,Australia,Germany,5.54
205,Australia,Japan,10.99
206,Australia,China,11.6
207,Australia,New Zealand,6.48
208,Australia,"Korea, Rep.",7.89
209,Australia,Singapore,5.51
210,Australia,United States,6.67
211,New Zealand,Germany,4.84
212,New Zealand,Japan,10.95
213,New Zealand,China,5.08
214,New Zealand,Australia,20.61
215,New Zealand,United Kingdom,4.65
216,New Zealand,United States,14.21
217,"Korea, Rep.",Japan,18.53
218,"Korea, Rep.",United Arab Emirates,3.84
219,"Korea, Rep.","Other Asia, nes",3.82
220,"Korea, Rep.","Hong Kong, China",5.46
221,"Korea, Rep.",China,21.77
222,"Korea, Rep.",Saudi Arabia,6.17
223,"Korea, Rep.",United States,14.59
224,Singapore,Japan,9.59
225,Singapore,"Hong Kong, China",9.35
226,Singapore,China,8.58
227,Singapore,Indonesia,9.74
228,Singapore,Malaysia,13.27
229,Singapore,"Other Asia, nes",6.64
230,Singapore,United States,10.36
231,Austria,Germany,31.79
232,Austria,Switzerland,4.91
233,Austria,France,4.04
234,Austria,Italy,8.64
235,Austria,Czech Republic,3.3
236,Austria,United States,5.65
237,Switzerland,Germany,17.12
238,Switzerland,United Kingdom,5.5
239,Switzerland,France,9.11
240,Switzerland,Italy,9.41
241,Switzerland,United States,9.54
242,France,Germany,14.53
243,France,United Kingdom,8.8
244,France,Italy,9.18
245,France,Spain,7.11
246,France,United States,5.91
247,France,Belgium,8.08
248,Czech Republic,Germany,33.5
249,Czech Republic,Poland,5.45
250,Czech Republic,Slovak Republic,8.61
251,Czech Republic,China,5.13
252,Czech Republic,Russian Federation,5.7
253,Czech Republic,France,5.29
254,Czech Republic,Austria,5.5
255,Azerbaijan,Germany,6.09
256,Azerbaijan,United Kingdom,9.14
257,Azerbaijan,Turkmenistan,6.29
258,Azerbaijan,Singapore,9.14
259,Azerbaijan,Russian Federation,6.57
260,Azerbaijan,France,9.36
261,Azerbaijan,Italy,30.27
262,Azerbaijan,Turkey,6.35
263,Burundi,Kenya,7.05
264,Burundi,Japan,8.8
265,Burundi,Switzerland,36.23
266,Burundi,France,5.45
267,Burundi,United Arab Emirates,25.28
268,Burundi,United Kingdom,8.03
269,Burundi,Turkey,8.14
270,Burundi,Belgium,11.65
271,Kenya,United Kingdom,9.19
272,Kenya,South Africa,9.66
273,Kenya,United Arab Emirates,14.22
274,Kenya,Uganda,16.56
275,Kenya,Tanzania,7.73
276,Kenya,Saudi Arabia,6.27
277,Kenya,Netherlands,7.13
278,Kenya,United States,6.67
279,Ireland,Germany,7.72
280,Ireland,United Kingdom,15.9
281,Ireland,France,5.4
282,Ireland,China,6.43
283,Ireland,United States,17.8
284,Ireland,Belgium,15.53
285,Benin,Thailand,3.65
286,Benin,Nigeria,5.75
287,Benin,Cote d'Ivoire,6.95
288,Benin,Ghana,7.16
289,Benin,China,36.15
290,Benin,India,6.91
291,Benin,France,18.4
292,Benin,Niger,5.25
293,Thailand,Japan,22.05
294,Thailand,United Arab Emirates,4.82
295,Thailand,"Hong Kong, China",5.57
296,Thailand,China,8.3
297,Thailand,Malaysia,6.85
298,Thailand,United States,15.46
299,Thailand,Singapore,6.77
300,Cote d'Ivoire,United Kingdom,3.0
301,Cote d'Ivoire,Panama,4.35
302,Cote d'Ivoire,Nigeria,24.53
303,Cote d'Ivoire,France,27.68
304,Cote d'Ivoire,Singapore,6.63
305,Cote d'Ivoire,China,3.05
306,Cote d'Ivoire,Netherlands,11.01
307,Cote d'Ivoire,United States,14.13
308,Ghana,United Kingdom,7.09
309,Ghana,Nigeria,11.7
310,Ghana,China,8.11
311,Ghana,South Africa,25.13
312,Ghana,Netherlands,11.28
313,Ghana,United States,7.08
314,Ghana,Belgium,5.82
315,Niger,Nigeria,5.45
316,Niger,Cote d'Ivoire,9.07
317,Niger,Switzerland,13.4
318,Niger,France,15.83
319,Niger,China,5.46
320,Niger,Japan,8.45
321,Niger,United States,5.37
322,Burkina Faso,Cote d'Ivoire,19.26
323,Burkina Faso,Switzerland,25.54
324,Burkina Faso,France,17.47
325,Burkina Faso,Togo,6.94
326,Burkina Faso,China,4.16
327,Burkina Faso,United States,4.29
328,Burkina Faso,Belgium,8.36
329,Burkina Faso,Singapore,7.05
330,Togo,Cote d'Ivoire,6.47
331,Togo,India,5.89
332,Togo,France,17.6
333,Togo,Burkina Faso,18.42
334,Togo,China,13.16
335,Togo,Ghana,20.3
336,Togo,Benin,11.56
337,Togo,Italy,4.46
338,Togo,Mali,7.37
339,Togo,Spain,4.22
340,Bangladesh,Japan,5.91
341,Bangladesh,Germany,15.74
342,Bangladesh,"Korea, Rep.",4.62
343,Bangladesh,India,10.86
344,Bangladesh,China,15.85
345,Bangladesh,Kuwait,6.78
346,Bangladesh,United Kingdom,10.14
347,Bangladesh,France,6.6
348,Bangladesh,Italy,3.99
349,Bangladesh,United States,28.53
350,Bulgaria,Germany,9.81
351,Bulgaria,Greece,9.41
352,Bulgaria,Russian Federation,15.64
353,Bulgaria,Italy,11.96
354,Bulgaria,Turkey,10.47
355,Bulgaria,Belgium,5.96
356,Bahrain,Germany,4.07
357,Bahrain,Japan,6.12
358,Bahrain,"Other Asia, nes",1.12
359,Bahrain,Saudi Arabia,6.34
360,Bahrain,United Arab Emirates,1.55
361,Bahrain,Australia,4.6
362,Bahrain,United States,2.56
363,Saudi Arabia,Germany,8.28
364,Saudi Arabia,United Kingdom,4.54
365,Saudi Arabia,Japan,9.27
366,Saudi Arabia,"Other Asia, nes",49.46
367,Saudi Arabia,China,0.71
368,Saudi Arabia,United Arab Emirates,1.26
369,Saudi Arabia,Kuwait,0.62
370,Saudi Arabia,United States,15.05
371,"Bahamas, The",United Kingdom,3.28
372,"Bahamas, The",Japan,1.18
373,"Bahamas, The",Netherlands Antilles,7.18
374,"Bahamas, The",Germany,11.08
375,"Bahamas, The",Brazil,0.55
376,"Bahamas, The",France,13.06
377,"Bahamas, The",United States,60.89
378,"Bahamas, The",Canada,6.22
379,Canada,United Kingdom,1.89
380,Canada,Japan,3.89
381,Canada,China,1.65
382,Canada,Mexico,0.77
383,Canada,United States,83.81
384,Bosnia and Herzegovina,Germany,11.34
385,Bosnia and Herzegovina,Croatia,16.87
386,Bosnia and Herzegovina,Slovenia,6.98
387,Bosnia and Herzegovina,"Serbia, FR(Serbia/Montenegro)",15.54
388,Bosnia and Herzegovina,Italy,13.12
389,Croatia,Germany,10.67
390,Croatia,Bosnia and Herzegovina,14.32
391,Croatia,Slovenia,6.77
392,Croatia,Russian Federation,9.15
393,Croatia,Italy,21.21
394,Croatia,Austria,5.75
395,Slovenia,Germany,19.91
396,Slovenia,Croatia,3.92
397,Slovenia,France,7.32
398,Slovenia,Italy,12.66
399,Slovenia,Austria,7.91
400,Belarus,Germany,6.71
401,Belarus,Poland,5.3
402,Belarus,United Kingdom,7.01
403,Belarus,Russian Federation,35.76
404,Belarus,Netherlands,15.07
405,Belarus,Ukraine,5.35
406,Poland,Germany,28.22
407,Poland,Czech Republic,4.56
408,Poland,France,6.0
409,Poland,China,5.41
410,Poland,United Kingdom,5.59
411,Poland,Russian Federation,8.85
412,Poland,Italy,6.14
413,Ukraine,Germany,3.75
414,Ukraine,Poland,2.95
415,Ukraine,Turkmenistan,7.41
416,Ukraine,China,5.01
417,Ukraine,Russian Federation,21.88
418,Ukraine,Italy,5.54
419,Ukraine,Turkey,5.92
420,Belize,Netherlands Antilles,12.66
421,Belize,Mexico,5.55
422,Belize,Jamaica,4.47
423,Belize,United Kingdom,21.16
424,Belize,Guatemala,5.52
425,Belize,Panama,9.99
426,Belize,United States,53.51
427,Belize,Trinidad and Tobago,5.05
428,Mexico,Germany,1.07
429,Mexico,Japan,5.9
430,Mexico,"Korea, Rep.",2.93
431,Mexico,China,7.98
432,Mexico,Colombia,0.72
433,Mexico,Spain,1.38
434,Mexico,United States,85.82
435,Mexico,Canada,1.98
436,Jamaica,Japan,4.35
437,Jamaica,Netherlands Antilles,6.49
438,Jamaica,China,7.1
439,Jamaica,Trinidad and Tobago,15.03
440,Jamaica,Brazil,3.19
441,Jamaica,Venezuela,5.39
442,Jamaica,United Kingdom,10.72
443,Jamaica,United States,25.56
444,Jamaica,Canada,19.4
445,Guatemala,Mexico,4.01
446,Guatemala,"Korea, Rep.",5.57
447,Guatemala,Brazil,4.12
448,Guatemala,China,7.16
449,Guatemala,Nicaragua,3.96
450,Guatemala,Honduras,7.32
451,Guatemala,El Salvador,12.14
452,Guatemala,United States,50.07
453,Bermuda,United Kingdom,3.27
454,Bermuda,Japan,1.62
455,Bermuda,Canada,3.95
456,Bermuda,Venezuela,6.69
457,Bermuda,United States,76.98
458,Bolivia,Chile,6.73
459,Bolivia,Brazil,38.71
460,Bolivia,China,6.68
461,Bolivia,Argentina,9.13
462,Bolivia,Colombia,6.15
463,Bolivia,United States,13.89
464,Bolivia,Venezuela,5.8
465,Barbados,United Kingdom,8.79
466,Barbados,Japan,7.64
467,Barbados,Canada,3.39
468,Barbados,Trinidad and Tobago,10.82
469,Barbados,St. Lucia,6.13
470,Barbados,Bunkers,26.23
471,Barbados,United States,13.42
472,St. Lucia,United Kingdom,25.99
473,St. Lucia,Japan,4.51
474,St. Lucia,Trinidad and Tobago,22.5
475,St. Lucia,Barbados,3.01
476,St. Lucia,Grenada,5.19
477,St. Lucia,United States,14.02
478,Bhutan,Japan,3.81
479,Bhutan,Thailand,1.62
480,Bhutan,"Hong Kong, China",6.02
481,Bhutan,India,87.56
482,Bhutan,"Korea, Rep.",1.51
483,Bhutan,Singapore,2.63
484,Bhutan,Nepal,0.39
485,Bhutan,Bangladesh,4.93
486,"Hong Kong, China",Japan,11.01
487,"Hong Kong, China",China,44.65
488,"Hong Kong, China",Germany,3.21
489,"Hong Kong, China",Singapore,5.8
490,"Hong Kong, China",United Kingdom,3.31
491,"Hong Kong, China","Other Asia, nes",7.21
492,"Hong Kong, China",United States,15.92
493,Botswana,United Kingdom,75.64
494,Botswana,Norway,5.92
495,Botswana,South Africa,84.06
496,Botswana,Zimbabwe,4.15
497,Botswana,Sweden,3.07
498,Botswana,United States,2.21
499,Norway,Germany,12.61
500,Norway,United Kingdom,25.05
501,Norway,Denmark,7.32
502,Norway,China,5.6
503,Norway,France,9.3
504,Norway,Sweden,14.41
505,Norway,Netherlands,9.94
506,Norway,United States,6.6
507,South Africa,Germany,7.09
508,South Africa,Japan,6.75
509,South Africa,China,8.99
510,South Africa,United Kingdom,10.64
511,South Africa,Saudi Arabia,5.54
512,South Africa,Netherlands,4.98
513,South Africa,United States,10.41
514,Zimbabwe,Botswana,6.53
515,Zimbabwe,South Africa,44.73
516,Zimbabwe,Mozambique,6.92
517,Zimbabwe,Switzerland,5.97
518,Zimbabwe,China,4.1
519,Zimbabwe,Kuwait,13.4
520,Zimbabwe,United Kingdom,5.0
521,Zimbabwe,Zambia,5.53
522,Zimbabwe,Netherlands,6.04
523,Sweden,Denmark,6.89
524,Sweden,Germany,10.38
525,Sweden,United Kingdom,7.43
526,Sweden,Norway,8.68
527,Sweden,Netherlands,6.74
528,Sweden,United States,10.56
529,Central African Republic,"Congo, Dem. Rep.",6.15
530,Central African Republic,Japan,3.97
531,Central African Republic,Switzerland,14.39
532,Central African Republic,Cameroon,12.5
533,Central African Republic,France,13.95
534,Central African Republic,Italy,7.68
535,Central African Republic,Belgium,29.69
536,Cameroon,Germany,3.68
537,Cameroon,France,18.0
538,Cameroon,China,4.36
539,Cameroon,United Kingdom,4.66
540,Cameroon,Italy,16.32
541,Cameroon,Spain,23.69
542,Cameroon,Netherlands,7.46
543,Cameroon,United States,4.73
544,Cameroon,Nigeria,26.76
545,Cook Islands,Japan,3.4
546,Cook Islands,China,33.84
547,Cook Islands,Germany,4.49
548,Cook Islands,New Zealand,73.89
549,Cook Islands,Australia,12.59
550,Cook Islands,Indonesia,1.2
551,Indonesia,Japan,11.97
552,Indonesia,Thailand,5.97
553,Indonesia,China,7.78
554,Indonesia,"Korea, Rep.",8.27
555,Indonesia,Singapore,16.41
556,Indonesia,United States,11.54
557,Peru,Ecuador,7.31
558,Peru,Chile,6.6
559,Peru,China,10.87
560,Peru,Switzerland,4.59
561,Peru,Brazil,8.23
562,Peru,Colombia,6.18
563,Peru,United States,30.72
564,Peru,Canada,5.97
565,Ecuador,Panama,6.87
566,Ecuador,Brazil,7.13
567,Ecuador,Peru,8.8
568,Ecuador,China,6.47
569,Ecuador,Colombia,4.78
570,Ecuador,Venezuela,4.69
571,Ecuador,Italy,3.86
572,Ecuador,United States,50.07
573,Comoros,South Africa,16.59
574,Comoros,United Arab Emirates,1.72
575,Comoros,India,6.08
576,Comoros,Germany,9.32
577,Comoros,France,17.86
578,Comoros,Mauritius,2.2
579,Comoros,Pakistan,3.21
580,Mauritius,South Africa,8.57
581,Mauritius,France,7.64
582,Mauritius,India,6.92
583,Mauritius,China,9.82
584,Mauritius,United Arab Emirates,8.04
585,Mauritius,United Kingdom,29.88
586,Mauritius,Bunkers,6.51
587,Mauritius,United States,9.02
588,Mauritius,Bahrain,5.22
589,Pakistan,Japan,6.51
590,Pakistan,United Arab Emirates,7.83
591,Pakistan,Germany,4.51
592,Pakistan,Afghanistan,6.63
593,Pakistan,China,9.36
594,Pakistan,United Kingdom,5.65
595,Pakistan,Saudi Arabia,10.56
596,Pakistan,United States,24.79
597,Cape Verde,Cote d'Ivoire,13.32
598,Cape Verde,Brazil,8.44
599,Cape Verde,Netherlands,10.33
600,Cape Verde,Portugal,40.45
601,Cape Verde,Spain,7.02
602,Cape Verde,Senegal,9.67
603,Cape Verde,United States,4.45
604,Portugal,Germany,12.25
605,Portugal,France,8.66
606,Portugal,Netherlands,4.47
607,Portugal,United Kingdom,8.18
608,Portugal,Spain,30.7
609,Portugal,Italy,5.86
610,Portugal,United States,5.3
611,Senegal,United Kingdom,5.05
612,Senegal,Thailand,4.96
613,Senegal,India,12.93
614,Senegal,France,20.93
615,Senegal,Brazil,4.5
616,Senegal,Bunkers,11.37
617,Senegal,Spain,5.28
618,Senegal,Mali,19.16
619,Senegal,Nigeria,10.36
620,Costa Rica,Japan,5.8
621,Costa Rica,"Hong Kong, China",6.75
622,Costa Rica,Guatemala,3.96
623,Costa Rica,Mexico,4.68
624,Costa Rica,Ireland,4.66
625,Costa Rica,Venezuela,4.98
626,Costa Rica,Nicaragua,3.85
627,Costa Rica,Netherlands,6.3
628,Costa Rica,United States,42.8
629,Nicaragua,Guatemala,5.17
630,Nicaragua,Mexico,8.51
631,Nicaragua,Costa Rica,9.28
632,Nicaragua,Venezuela,6.85
633,Nicaragua,Honduras,8.05
634,Nicaragua,El Salvador,14.18
635,Nicaragua,United States,35.42
636,Cuba,Canada,5.06
637,Cuba,China,4.89
638,Cuba,Venezuela,25.01
639,Cuba,Spain,8.69
640,Cuba,Netherlands,27.82
641,Cuba,United States,6.44
642,Cyprus,Germany,5.29
643,Cyprus,United Kingdom,16.83
644,Cyprus,Greece,11.4
645,Cyprus,Israel,7.02
646,Cyprus,France,16.95
647,Cyprus,Bunkers,15.73
648,Cyprus,Italy,10.13
649,Slovak Republic,Germany,25.79
650,Slovak Republic,Czech Republic,12.76
651,Slovak Republic,Poland,6.28
652,Slovak Republic,Russian Federation,10.74
653,Slovak Republic,Italy,6.62
654,Slovak Republic,Austria,7.13
655,Dominica,United Kingdom,16.49
656,Dominica,Japan,4.63
657,Dominica,Trinidad and Tobago,8.96
658,Dominica,Jamaica,12.71
659,Dominica,Barbados,3.4
660,Dominica,France,10.8
661,Dominica,United States,36.57
662,Dominica,Antigua and Barbuda,11.27
663,Denmark,Germany,15.33
664,Denmark,United Kingdom,7.54
665,Denmark,Sweden,12.89
666,Denmark,China,4.92
667,Denmark,Netherlands,6.73
668,Denmark,United States,5.25
669,Denmark,Special Categories,11.59
670,Dominican Republic,Japan,3.73
671,Dominican Republic,Brazil,2.67
672,Dominican Republic,China,4.4
673,Dominican Republic,United Kingdom,1.18
674,Dominican Republic,Haiti,5.97
675,Dominican Republic,Netherlands,2.75
676,Dominican Republic,United States,78.76
677,Algeria,Germany,6.28
678,Algeria,France,21.97
679,Algeria,China,6.55
680,Algeria,Italy,16.37
681,Algeria,Spain,10.97
682,Algeria,Netherlands,6.57
683,Algeria,United States,23.04
684,"Egypt, Arab Rep.",Germany,5.18
685,"Egypt, Arab Rep.",India,4.96
686,"Egypt, Arab Rep.",China,4.62
687,"Egypt, Arab Rep.",Italy,10.15
688,"Egypt, Arab Rep.",Spain,7.57
689,"Egypt, Arab Rep.",Saudi Arabia,4.83
690,"Egypt, Arab Rep.",United States,8.99
691,Estonia,Germany,5.72
692,Estonia,Sweden,12.25
693,Estonia,Finland,24.57
694,Estonia,China,5.63
695,Estonia,Latvia,8.48
696,Estonia,Russian Federation,9.82
697,Finland,Germany,10.42
698,Finland,United Kingdom,6.64
699,Finland,Sweden,10.7
700,Finland,China,5.97
701,Finland,Russian Federation,10.84
702,Finland,United States,5.7
703,Latvia,Germany,10.25
704,Latvia,Poland,6.37
705,Latvia,Estonia,10.81
706,Latvia,Lithuania,11.0
707,Latvia,United Kingdom,10.1
708,Latvia,Russian Federation,7.91
709,Ethiopia(excludes Eritrea),China,4.31
710,Ethiopia(excludes Eritrea),Switzerland,3.35
711,Ethiopia(excludes Eritrea),Germany,6.99
712,Ethiopia(excludes Eritrea),India,6.17
713,Ethiopia(excludes Eritrea),Japan,3.77
714,Ethiopia(excludes Eritrea),Saudi Arabia,14.73
715,Ethiopia(excludes Eritrea),Italy,6.04
716,Ethiopia(excludes Eritrea),United States,9.78
717,European Union,Japan,6.09
718,European Union,China,4.77
719,European Union,Switzerland,8.05
720,European Union,Russian Federation,5.23
721,European Union,United States,23.14
722,Fiji,Japan,4.23
723,Fiji,Singapore,29.86
724,Fiji,Australia,24.55
725,Fiji,United Kingdom,15.14
726,Fiji,New Zealand,18.01
727,Fiji,United States,15.4
728,Faeroe Islands,Denmark,14.64
729,Faeroe Islands,Germany,6.64
730,Faeroe Islands,Norway,5.94
731,Faeroe Islands,United Kingdom,28.41
732,Faeroe Islands,France,8.16
733,Faeroe Islands,Spain,6.67
734,Faeroe Islands,United States,8.59
735,"Micronesia, Fed. Sts.",Japan,9.79
736,"Micronesia, Fed. Sts.",Marshall Islands,0.37
737,"Micronesia, Fed. Sts.",Guam,15.33
738,"Micronesia, Fed. Sts.","Hong Kong, China",4.8
739,"Micronesia, Fed. Sts.",Northern Mariana Islands,1.34
740,"Micronesia, Fed. Sts.",United States,36.97
741,Gabon,Japan,3.37
742,Gabon,China,4.0
743,Gabon,Switzerland,5.39
744,Gabon,France,39.28
745,Gabon,Spain,2.12
746,Gabon,Cameroon,3.62
747,Gabon,United States,66.45
748,Gabon,Belgium,12.21
749,Georgia,Germany,8.29
750,Georgia,Turkmenistan,8.76
751,Georgia,Bulgaria,4.95
752,Georgia,Azerbaijan,9.62
753,Georgia,Russian Federation,17.76
754,Georgia,Turkey,14.08
755,Georgia,Ukraine,8.05
756,Guinea,Cote d'Ivoire,14.35
757,Guinea,France,5.88
758,Guinea,Spain,12.45
759,Guinea,Ireland,10.43
760,Guinea,United States,6.63
761,Guinea,Belgium,4.59
762,"Gambia, The",Germany,11.48
763,"Gambia, The",United Kingdom,21.24
764,"Gambia, The",Cote d'Ivoire,12.54
765,"Gambia, The",Denmark,11.19
766,"Gambia, The",China,9.27
767,"Gambia, The",France,46.45
768,"Gambia, The",Mauritania,3.34
769,"Gambia, The",Netherlands,9.15
770,"Gambia, The",Senegal,7.1
771,Mauritania,United Kingdom,23.47
772,Mauritania,Germany,14.57
773,Mauritania,France,10.26
774,Mauritania,Japan,13.79
775,Mauritania,Italy,16.28
776,Mauritania,United States,8.05
777,Mauritania,Belgium,2.78
778,Guinea-Bissau,Panama,0.21
779,Guinea-Bissau,Thailand,6.98
780,Guinea-Bissau,India,86.62
781,Guinea-Bissau,France,3.24
782,Guinea-Bissau,Netherlands,0.25
783,Guinea-Bissau,Portugal,37.21
784,Guinea-Bissau,Senegal,40.94
785,Guinea-Bissau,Singapore,12.1
786,Grenada,United Kingdom,5.84
787,Grenada,Japan,4.01
788,Grenada,Trinidad and Tobago,9.97
789,Grenada,China,3.25
790,Grenada,Barbados,6.33
791,Grenada,St. Lucia,9.32
792,Grenada,Netherlands,14.25
793,Grenada,United States,21.36
794,Greenland,Denmark,86.68
795,Greenland,Canada,1.34
796,Greenland,Germany,1.63
797,Greenland,Iceland,1.49
798,Greenland,Spain,5.98
799,Greenland,Sweden,16.11
800,Greenland,United States,1.21
801,Iceland,Germany,15.85
802,Iceland,Denmark,7.11
803,Iceland,Norway,6.98
804,Iceland,United Kingdom,17.81
805,Iceland,Spain,7.43
806,Iceland,Sweden,8.43
807,Iceland,Netherlands,12.5
808,Iceland,United States,8.92
809,Honduras,Guatemala,7.13
810,Honduras,Germany,8.35
811,Honduras,Mexico,5.73
812,Honduras,El Salvador,4.6
813,Honduras,United States,41.61
814,Honduras,Belgium,5.22
815,Honduras,Costa Rica,4.74
816,El Salvador,Guatemala,12.41
817,El Salvador,Mexico,8.19
818,El Salvador,Brazil,4.21
819,El Salvador,Costa Rica,3.29
820,El Salvador,China,6.22
821,El Salvador,Nicaragua,4.69
822,El Salvador,Honduras,14.11
823,El Salvador,United States,52.91
824,Guyana,United Kingdom,19.58
825,Guyana,Netherlands Antilles,3.69
826,Guyana,Trinidad and Tobago,33.31
827,Guyana,Jamaica,6.83
828,Guyana,China,4.05
829,Guyana,Portugal,5.65
830,Guyana,United States,15.49
831,Guyana,Canada,15.98
832,Hungary,Germany,30.08
833,Hungary,France,4.94
834,Hungary,China,5.44
835,Hungary,United Kingdom,5.08
836,Hungary,Russian Federation,7.39
837,Hungary,Italy,5.51
838,Hungary,Austria,6.58
839,Jordan,Germany,8.01
840,Jordan,India,8.08
841,Jordan,"Korea, Rep.",3.56
842,Jordan,Iraq,17.13
843,Jordan,Saudi Arabia,5.68
844,Jordan,China,9.2
845,Jordan,United States,26.25
846,Jordan,Free Zones,7.78
847,Kazakhstan,Germany,7.49
848,Kazakhstan,China,8.7
849,Kazakhstan,Switzerland,19.79
850,Kazakhstan,Russian Federation,10.51
851,Kazakhstan,France,9.57
852,Kazakhstan,Italy,15.05
853,Kazakhstan,United States,6.95
854,Kazakhstan,Ukraine,4.84
855,Uganda,Kenya,8.91
856,Uganda,Japan,7.13
857,Uganda,South Africa,6.99
858,Uganda,United Arab Emirates,10.38
859,Uganda,Switzerland,9.21
860,Uganda,India,6.42
861,Uganda,Netherlands,10.51
862,Uganda,"Congo, Dem. Rep.",7.43
863,Tanzania,Japan,6.42
864,Tanzania,South Africa,12.36
865,Tanzania,United Arab Emirates,6.33
866,Tanzania,China,5.9
867,Tanzania,Switzerland,8.73
868,Tanzania,United Kingdom,7.9
869,Tanzania,Netherlands,5.98
870,Tanzania,Bahrain,15.68
871,Kyrgyz Republic,Kazakhstan,17.28
872,Kyrgyz Republic,China,3.95
873,Kyrgyz Republic,Switzerland,9.71
874,Kyrgyz Republic,United Arab Emirates,25.75
875,Kyrgyz Republic,Uzbekistan,5.43
876,Kyrgyz Republic,Russian Federation,20.0
877,Kyrgyz Republic,United States,6.07
878,Cambodia,Thailand,11.4
879,Cambodia,"Hong Kong, China",17.65
880,Cambodia,Germany,7.47
881,Cambodia,China,16.62
882,Cambodia,United Kingdom,4.12
883,Cambodia,"Other Asia, nes",11.43
884,Cambodia,United States,52.93
885,Cambodia,Canada,3.55
886,Cambodia,Vietnam,7.13
887,Vietnam,Japan,11.08
888,Vietnam,China,10.01
889,Vietnam,"Korea, Rep.",9.78
890,Vietnam,Singapore,12.19
891,Vietnam,Australia,8.39
892,Vietnam,"Other Asia, nes",11.71
893,Vietnam,United States,18.27
894,Kiribati,Japan,17.08
895,Kiribati,"Other Asia, nes",12.93
896,Kiribati,"Hong Kong, China",9.51
897,Kiribati,Fiji,20.94
898,Kiribati,Australia,35.57
899,Kiribati,New Zealand,5.44
900,Kiribati,Free Zones,34.33
901,Lebanon,Germany,7.04
902,Lebanon,Switzerland,6.66
903,Lebanon,France,8.46
904,Lebanon,Iraq,9.49
905,Lebanon,Syrian Arab Republic,9.98
906,Lebanon,Saudi Arabia,7.44
907,Lebanon,China,7.87
908,Lebanon,United Arab Emirates,8.24
909,Lebanon,Italy,10.41
910,Lebanon,United States,5.88
911,Syrian Arab Republic,"Korea, Rep.",4.56
912,Syrian Arab Republic,Saudi Arabia,5.74
913,Syrian Arab Republic,China,8.05
914,Syrian Arab Republic,France,17.58
915,Syrian Arab Republic,Italy,29.85
916,Syrian Arab Republic,Spain,4.75
917,Syrian Arab Republic,United States,4.75
918,Syrian Arab Republic,Ukraine,10.42
919,Sri Lanka,India,9.07
920,Sri Lanka,Germany,4.39
921,Sri Lanka,Singapore,8.88
922,Sri Lanka,China,7.59
923,Sri Lanka,United Kingdom,12.58
924,Sri Lanka,"Iran, Islamic Rep.",6.01
925,Sri Lanka,"Hong Kong, China",7.8
926,Sri Lanka,United States,32.2
927,Sri Lanka,Belgium,4.19
928,Lithuania,Germany,9.4
929,Lithuania,Poland,8.29
930,Lithuania,Estonia,5.91
931,Lithuania,Netherlands,3.72
932,Lithuania,Latvia,3.95
933,Lithuania,Russian Federation,10.43
934,Lithuania,France,7.06
935,Luxembourg,Germany,25.35
936,Luxembourg,France,11.86
937,Luxembourg,Netherlands,6.27
938,Luxembourg,United Kingdom,5.16
939,Luxembourg,Italy,6.26
940,Luxembourg,United States,3.56
941,Luxembourg,Belgium,33.51
942,Macao,Japan,10.76
943,Macao,"Hong Kong, China",9.91
944,Macao,China,13.21
945,Macao,Germany,6.34
946,Macao,Singapore,5.36
947,Macao,United Kingdom,4.08
948,Macao,"Other Asia, nes",4.13
949,Macao,United States,53.73
950,Morocco,India,3.97
951,Morocco,France,18.16
952,Morocco,United Kingdom,6.34
953,Morocco,Russian Federation,6.86
954,Morocco,Italy,5.0
955,Morocco,Spain,11.63
956,Morocco,Saudi Arabia,6.61
957,Moldova,Germany,8.33
958,Moldova,Romania,11.23
959,Moldova,Belarus,6.52
960,Moldova,Russian Federation,31.84
961,Moldova,Italy,12.23
962,Moldova,Ukraine,20.93
963,Romania,Germany,14.03
964,Romania,France,6.75
965,Romania,United Kingdom,5.45
966,Romania,Russian Federation,8.25
967,Romania,Italy,19.24
968,Romania,Turkey,7.92
969,Madagascar,Mauritius,7.4
970,Madagascar,China,4.07
971,Madagascar,Germany,6.43
972,Madagascar,France,14.79
973,Madagascar,India,5.91
974,Madagascar,United States,21.99
975,Madagascar,Bahrain,13.06
976,Maldives,United Arab Emirates,24.2
977,Maldives,Thailand,15.27
978,Maldives,Sri Lanka,12.24
979,Maldives,India,11.26
980,Maldives,Singapore,24.13
981,Maldives,Malaysia,7.17
982,Maldives,Japan,14.63
983,Maldives,United Kingdom,9.44
984,Malaysia,Japan,14.51
985,Malaysia,"Hong Kong, China",5.82
986,Malaysia,China,6.56
987,Malaysia,Singapore,11.69
988,Malaysia,"Other Asia, nes",5.54
989,Malaysia,United States,19.64
990,North Macedonia,Germany,17.83
991,North Macedonia,Bulgaria,7.25
992,North Macedonia,Greece,15.33
993,North Macedonia,"Serbia, FR(Serbia/Montenegro)",22.51
994,North Macedonia,Russian Federation,13.15
995,North Macedonia,Italy,8.31
996,North Macedonia,British Virgin Islands,4.1
997,Mali,Cote d'Ivoire,10.25
998,Mali,China,5.8
999,Mali,Switzerland,30.32
1000,Mali,France,12.6
1001,Mali,Togo,6.54
1002,Mali,Benin,9.28
1003,Mali,South Africa,34.88
1004,Mali,Senegal,11.47
1005,Malta,Germany,12.06
1006,Malta,United Kingdom,11.04
1007,Malta,France,9.34
1008,Malta,Italy,30.69
1009,Malta,United States,13.47
1010,Malta,Singapore,11.52
1011,Mongolia,Japan,6.38
1012,Mongolia,China,48.14
1013,Mongolia,"Korea, Rep.",5.39
1014,Mongolia,Kazakhstan,3.43
1015,Mongolia,United Kingdom,8.18
1016,Mongolia,Russian Federation,35.34
1017,Mongolia,United States,14.33
1018,Mongolia,Canada,11.47
1019,Mozambique,South Africa,40.73
1020,Mozambique,India,4.02
1021,Mozambique,Malawi,2.83
1022,Mozambique,Netherlands,59.76
1023,Mozambique,Zimbabwe,2.63
1024,Mozambique,Portugal,3.54
1025,Malawi,Zambia,5.59
1026,Malawi,United Kingdom,11.36
1027,Malawi,South Africa,31.76
1028,Malawi,Mozambique,12.57
1029,Malawi,Switzerland,6.91
1030,Malawi,Germany,7.41
1031,Malawi,Zimbabwe,7.65
1032,Malawi,United States,10.99
1033,Montserrat,United Kingdom,16.56
1034,Montserrat,Japan,4.78
1035,Montserrat,Trinidad and Tobago,14.6
1036,Montserrat,New Zealand,9.13
1037,Montserrat,Barbados,2.17
1038,Montserrat,United States,23.58
1039,Montserrat,"Bahamas, The",7.42
1040,Montserrat,Antigua and Barbuda,29.9
1041,Zambia,United Kingdom,12.31
1042,Zambia,South Africa,46.05
1043,Zambia,United Arab Emirates,3.8
1044,Zambia,Thailand,4.48
1045,Zambia,China,8.71
1046,Zambia,Switzerland,34.25
1047,Zambia,France,3.68
1048,Zambia,Zimbabwe,4.38
1049,Zambia,"Congo, Dem. Rep.",4.93
1050,Mayotte,South Africa,3.17
1051,Mayotte,France,45.41
1052,Mayotte,Seychelles,9.89
1053,Mayotte,Brazil,3.11
1054,Mayotte,China,4.67
1055,Mayotte,Madagascar,3.12
1056,Mayotte,Comoros,36.1
1057,Mayotte,Russian Federation,0.69
1058,Mayotte,Mauritius,0.81
1059,Seychelles,Germany,8.2
1060,Seychelles,Singapore,8.4
1061,Seychelles,Saudi Arabia,28.36
1062,Seychelles,United Kingdom,28.64
1063,Seychelles,France,16.97
1064,Seychelles,Italy,8.39
1065,Seychelles,Spain,8.13
1066,Namibia,Germany,1.91
1067,Namibia,South Africa,83.16
1068,Namibia,Angola,7.14
1069,Namibia,China,1.59
1070,Namibia,United Kingdom,18.87
1071,Namibia,Spain,1.41
1072,Namibia,United States,9.63
1073,Namibia,Cyprus,1.62
1074,New Caledonia,"Other Asia, nes",11.89
1075,New Caledonia,France,32.29
1076,New Caledonia,"Korea, Rep.",13.1
1077,New Caledonia,Singapore,14.97
1078,New Caledonia,China,4.66
1079,New Caledonia,Japan,18.28
1080,New Caledonia,Spain,9.16
1081,New Caledonia,Australia,9.18
1082,New Caledonia,New Zealand,5.51
1083,Oman,Germany,6.75
1084,Oman,Japan,15.48
1085,Oman,United Arab Emirates,7.48
1086,Oman,Thailand,14.11
1087,Oman,China,27.12
1088,Oman,India,4.44
1089,Oman,United States,6.05
1090,Philippines,Japan,17.1
1091,Philippines,"Hong Kong, China",8.1
1092,Philippines,China,9.88
1093,Philippines,Singapore,7.81
1094,Philippines,"Other Asia, nes",7.36
1095,Philippines,Netherlands,9.78
1096,Philippines,United States,18.04
1097,Paraguay,Switzerland,4.42
1098,Paraguay,Cayman Islands,5.33
1099,Paraguay,Brazil,48.86
1100,Paraguay,China,19.7
1101,Paraguay,Uruguay,15.04
1102,Paraguay,Argentina,11.91
1103,Paraguay,Russian Federation,3.21
1104,Paraguay,United States,5.59
1105,Uruguay,Germany,4.23
1106,Uruguay,Brazil,13.46
1107,Uruguay,Argentina,7.81
1108,Uruguay,Venezuela,6.31
1109,Uruguay,Russian Federation,7.96
1110,Uruguay,Mexico,4.07
1111,Uruguay,United States,23.13
1112,French Polynesia,"Hong Kong, China",27.98
1113,French Polynesia,Thailand,2.96
1114,French Polynesia,France,35.49
1115,French Polynesia,Singapore,9.31
1116,French Polynesia,China,6.37
1117,French Polynesia,Japan,28.28
1118,French Polynesia,New Zealand,6.88
1119,French Polynesia,United States,13.84
1120,Qatar,Germany,9.18
1121,Qatar,Japan,11.64
1122,Qatar,United Arab Emirates,4.56
1123,Qatar,"Korea, Rep.",15.75
1124,Qatar,Italy,6.46
1125,Qatar,United States,11.56
1126,Qatar,Singapore,8.2
1127,Rwanda,Kenya,22.0
1128,Rwanda,United Arab Emirates,8.96
1129,Rwanda,"Hong Kong, China",9.17
1130,Rwanda,Tanzania,5.88
1131,Rwanda,Switzerland,7.23
1132,Rwanda,Uganda,13.22
1133,Rwanda,United Kingdom,18.78
1134,Rwanda,Belgium,12.01
1135,Fm Sudan,Japan,7.62
1136,Fm Sudan,United Arab Emirates,2.67
1137,Fm Sudan,China,73.77
1138,Fm Sudan,Saudi Arabia,4.07
1139,Fm Sudan,United Kingdom,1.88
1140,Fm Sudan,"Egypt, Arab Rep.",5.74
1141,Solomon Islands,Philippines,6.67
1142,Solomon Islands,Thailand,5.42
1143,Solomon Islands,China,45.76
1144,Solomon Islands,Papua New Guinea,9.27
1145,Solomon Islands,"Korea, Rep.",15.09
1146,Solomon Islands,Singapore,6.25
1147,Solomon Islands,Malaysia,8.51
1148,Solomon Islands,Japan,6.79
1149,Solomon Islands,Australia,42.0
1150,Solomon Islands,New Zealand,6.48
1151,Sao Tome and Principe,Japan,7.13
1152,Sao Tome and Principe,Angola,4.01
1153,Sao Tome and Principe,Portugal,56.99
1154,Sao Tome and Principe,Netherlands,38.51
1155,Sao Tome and Principe,Vietnam,2.9
1156,Sao Tome and Principe,Belgium,6.16
1157,Suriname,Trinidad and Tobago,19.06
1158,Suriname,China,5.02
1159,Suriname,United Arab Emirates,5.35
1160,Suriname,Netherlands,5.37
1161,Suriname,Canada,13.56
1162,Suriname,United States,18.86
1163,Suriname,Belgium,10.15
1164,Eswatini,United Kingdom,10.05
1165,Eswatini,South Africa,80.87
1166,Eswatini,Mozambique,7.56
1167,Eswatini,China,3.98
1168,Eswatini,Australia,34.56
1169,Eswatini,"Other Asia, nes",3.13
1170,Eswatini,United States,4.4
1171,Turks and Caicos Isl.,Jamaica,0.01
1172,Turks and Caicos Isl.,"Bahamas, The",1.42
1173,Turks and Caicos Isl.,Venezuela,0.04
1174,Turks and Caicos Isl.,Panama,0.08
1175,Turks and Caicos Isl.,Haiti,0.11
1176,Turks and Caicos Isl.,United States,99.06
1177,Turks and Caicos Isl.,Canada,0.68
1178,Turks and Caicos Isl.,Dominican Republic,0.13
1179,East Timor,Japan,10.37
1180,East Timor,Germany,3.89
1181,East Timor,Singapore,14.56
1182,East Timor,Australia,13.92
1183,East Timor,Brazil,2.21
1184,East Timor,Portugal,2.87
1185,East Timor,United States,23.88
1186,East Timor,Indonesia,47.01
1187,East Timor,Vietnam,4.46
1188,Tonga,American Samoa,1.65
1189,Tonga,Fiji,22.1
1190,Tonga,New Zealand,38.26
1191,Tonga,China,3.68
1192,Tonga,Australia,14.21
1193,Tonga,Japan,51.65
1194,Tonga,United States,23.9
1195,Tunisia,Germany,8.44
1196,Tunisia,France,23.47
1197,Tunisia,Libya,4.5
1198,Tunisia,Italy,23.96
1199,Tunisia,Spain,5.14
1200,Tuvalu,Fiji,19.71
1201,Tuvalu,New Zealand,9.93
1202,Tuvalu,Singapore,17.52
1203,Tuvalu,China,5.14
1204,Tuvalu,Australia,33.73
1205,Tuvalu,Indonesia,2.44
1206,St. Vincent and the Grenadines,United Kingdom,26.71
1207,St. Vincent and the Grenadines,Japan,4.18
1208,St. Vincent and the Grenadines,Trinidad and Tobago,12.29
1209,St. Vincent and the Grenadines,Barbados,3.94
1210,St. Vincent and the Grenadines,St. Lucia,10.94
1211,St. Vincent and the Grenadines,United States,9.18
1212, World,Germany,7.2
1213, World,Japan,6.34
1214, World,China,5.46
1215, World,France,4.21
1216, World,United Kingdom,4.7
1217, World,United States,14.97
1218,Wallis and Futura Isl.,Fiji,5.81
1219,Wallis and Futura Isl.,France,31.95
1220,Wallis and Futura Isl.,New Caledonia,5.65
1221,Wallis and Futura Isl.,Australia,22.54
1222,Wallis and Futura Isl.,New Zealand,8.5
1223,Samoa,Japan,6.96
1224,Samoa,American Samoa,13.43
1225,Samoa,Fiji,7.43
1226,Samoa,New Zealand,33.37
1227,Samoa,Australia,20.48
1228,Samoa,United States,6.4
1229,Samoa,Tokelau,1.35
1230,Yemen,United Arab Emirates,8.12
1231,Yemen,Thailand,11.88
1232,Yemen,China,35.24
1233,Yemen,Switzerland,8.7
1234,Yemen,India,16.24
1235,Yemen,"Korea, Rep.",6.29
1236,Yemen,Japan,7.06
1237,Yemen,Saudi Arabia,6.36
1238,Yemen,United States,6.71
