,source,target,2006
0,Aruba,United Kingdom,3.69
1,Aruba,Panama,22.11
2,Aruba,Netherlands Antilles,3.18
3,Aruba,Netherlands,31.38
4,Aruba,Colombia,11.69
5,Aruba,United States,10.67
6,Aruba,Venezuela,10.55
7,United Kingdom,Germany,11.18
8,United Kingdom,France,7.27
9,United Kingdom,China,6.8
10,United Kingdom,Netherlands,6.78
11,United Kingdom,Ireland,7.03
12,United Kingdom,United States,12.97
13,Panama,Netherlands Antilles,4.61
14,Panama,Guatemala,5.54
15,Panama,China,19.51
16,Panama,Colombia,15.99
17,Panama,"Other Asia, nes",6.68
18,Panama,"Hong Kong, China",11.86
19,Panama,United States,8.95
20,Panama,Venezuela,19.65
21,Panama,Dominican Republic,5.23
22,Netherlands Antilles,Japan,3.28
23,Netherlands Antilles,Netherlands,23.07
24,Netherlands Antilles,Venezuela,6.02
25,Netherlands Antilles,Panama,3.46
26,Netherlands Antilles,United States,33.33
27,Netherlands Antilles,Aruba,10.6
28,Netherlands,Germany,24.74
29,Netherlands,United Kingdom,8.91
30,Netherlands,China,8.06
31,Netherlands,France,8.24
32,Netherlands,United States,5.06
33,Netherlands,Belgium,10.88
34,Colombia,Mexico,8.76
35,Colombia,Brazil,7.2
36,Colombia,Peru,2.84
37,Colombia,China,8.48
38,Colombia,Venezuela,5.72
39,Colombia,United States,40.79
40,Colombia,Ecuador,5.07
41,Colombia,Dominican Republic,2.39
42,United States,Germany,4.75
43,United States,Japan,7.93
44,United States,Canada,16.04
45,United States,China,5.33
46,United States,Mexico,12.93
47,United States,United Kingdom,4.38
48,Venezuela,Netherlands Antilles,5.73
49,Venezuela,"Other Asia, nes",3.65
50,Venezuela,Brazil,8.04
51,Venezuela,China,5.41
52,Venezuela,Spain,3.12
53,Venezuela,Colombia,7.92
54,Venezuela,United States,50.94
55,Anguila,Guyana,30.0
56,Anguila,Japan,3.3
57,Anguila,Netherlands Antilles,6.91
58,Anguila,Trinidad and Tobago,13.97
59,Anguila,United Kingdom,7.91
60,Anguila,France,0.71
61,Anguila,United States,8.61
62,Guyana,United Kingdom,20.4
63,Guyana,Netherlands Antilles,4.03
64,Guyana,Trinidad and Tobago,6.24
65,Guyana,China,5.12
66,Guyana,Netherlands,6.28
67,Guyana,United States,15.45
68,Guyana,Canada,17.96
69,Japan,United Arab Emirates,5.45
70,Japan,"Other Asia, nes",6.82
71,Japan,"Hong Kong, China",5.63
72,Japan,China,14.34
73,Japan,"Korea, Rep.",7.77
74,Japan,Saudi Arabia,6.42
75,Japan,Australia,4.82
76,Japan,United States,22.76
77,Trinidad and Tobago,Brazil,13.88
78,Trinidad and Tobago,Jamaica,5.77
79,Trinidad and Tobago,Barbados,3.34
80,Trinidad and Tobago,"Congo, Rep.",5.98
81,Trinidad and Tobago,France,3.15
82,Trinidad and Tobago,Spain,5.31
83,Trinidad and Tobago,Colombia,5.94
84,Trinidad and Tobago,United States,58.08
85,Trinidad and Tobago,Nigeria,5.93
86,France,Germany,14.49
87,France,United Kingdom,8.5
88,France,Italy,9.09
89,France,Spain,6.86
90,France,Belgium,8.33
91,Albania,Germany,3.16
92,Albania,Greece,9.6
93,Albania,North Macedonia,1.6
94,Albania,China,5.97
95,Albania,"Serbia, FR(Serbia/Montenegro)",5.12
96,Albania,Italy,72.61
97,Albania,Turkey,7.62
98,Germany,France,8.46
99,Germany,China,6.81
100,Germany,Netherlands,6.33
101,Germany,United Kingdom,7.24
102,Germany,Italy,6.65
103,Germany,United States,8.74
104,Greece,Germany,11.28
105,Greece,France,5.93
106,Greece,Bulgaria,6.32
107,Greece,Netherlands,5.15
108,Greece,United Kingdom,5.96
109,Greece,Russian Federation,7.05
110,Greece,Italy,11.18
111,Greece,Cyprus,5.35
112,North Macedonia,Germany,15.78
113,North Macedonia,Bulgaria,6.7
114,North Macedonia,Greece,14.96
115,North Macedonia,"Serbia, FR(Serbia/Montenegro)",23.12
116,North Macedonia,Russian Federation,15.18
117,North Macedonia,Italy,9.87
118,China,Japan,14.62
119,China,"Hong Kong, China",16.03
120,China,Germany,4.16
121,China,"Korea, Rep.",11.34
122,China,China,9.27
123,China,"Other Asia, nes",11.0
124,China,United States,21.03
125,"Serbia, FR(Serbia/Montenegro)",Germany,9.91
126,"Serbia, FR(Serbia/Montenegro)",Montenegro,9.59
127,"Serbia, FR(Serbia/Montenegro)",Bosnia and Herzegovina,11.65
128,"Serbia, FR(Serbia/Montenegro)",China,5.94
129,"Serbia, FR(Serbia/Montenegro)",Russian Federation,4.84
130,"Serbia, FR(Serbia/Montenegro)",Italy,14.41
131,Italy,Germany,13.23
132,Italy,France,9.29
133,Italy,China,5.08
134,Italy,Netherlands,5.6
135,Italy,United Kingdom,6.08
136,Italy,Spain,4.26
137,Italy,United States,7.4
138,Turkey,Germany,11.32
139,Turkey,France,5.19
140,Turkey,China,6.93
141,Turkey,United Kingdom,7.97
142,Turkey,Russian Federation,12.76
143,Turkey,Italy,7.89
144,Turkey,United States,5.92
145,Andorra,Germany,5.71
146,Andorra,Japan,2.47
147,Andorra,Switzerland,1.5
148,Andorra,France,21.27
149,Andorra,United Kingdom,1.54
150,Andorra,Spain,56.77
151,Andorra,Italy,3.61
152,Switzerland,Germany,17.59
153,Switzerland,United Kingdom,4.29
154,Switzerland,India,5.67
155,Switzerland,France,9.49
156,Switzerland,Italy,9.14
157,Switzerland,United States,9.87
158,Spain,Germany,10.91
159,Spain,United Kingdom,7.97
160,Spain,France,12.76
161,Spain,China,5.47
162,Spain,Italy,8.52
163,Spain,Portugal,8.9
164,United Arab Emirates,Germany,6.08
165,United Arab Emirates,"Other Asia, nes",11.43
166,United Arab Emirates,India,3.32
167,United Arab Emirates,China,8.69
168,United Arab Emirates,Japan,25.53
169,United Arab Emirates,"Iran, Islamic Rep.",3.6
170,United Arab Emirates,United States,6.52
171,"Other Asia, nes",Japan,22.84
172,"Other Asia, nes","Hong Kong, China",16.69
173,"Other Asia, nes",China,23.13
174,"Other Asia, nes","Korea, Rep.",7.4
175,"Other Asia, nes",Saudi Arabia,4.82
176,"Other Asia, nes",United States,14.48
177,"Other Asia, nes",Singapore,4.14
178,India,China,6.46
179,India,Switzerland,4.44
180,India,United Arab Emirates,9.45
181,India,United Kingdom,4.44
182,India,Saudi Arabia,6.05
183,India,United States,15.43
184,India,Singapore,5.06
185,"Iran, Islamic Rep.",Japan,2.57
186,"Iran, Islamic Rep.","Other Asia, nes",22.45
187,"Iran, Islamic Rep.",France,5.42
188,"Iran, Islamic Rep.",India,3.67
189,"Iran, Islamic Rep.",China,6.04
190,"Iran, Islamic Rep.",Italy,10.66
191,Argentina,Germany,4.52
192,Argentina,Chile,9.46
193,Argentina,China,7.47
194,Argentina,Brazil,17.49
195,Argentina,Spain,3.92
196,Argentina,United States,8.85
197,Chile,China,8.83
198,Chile,"Korea, Rep.",4.44
199,Chile,Brazil,11.0
200,Chile,Japan,10.89
201,Chile,Netherlands,6.8
202,Chile,Argentina,11.68
203,Chile,United States,15.82
204,Brazil,Germany,4.13
205,Brazil,Japan,4.17
206,Brazil,China,6.1
207,Brazil,Argentina,8.53
208,Brazil,Netherlands,4.09
209,Brazil,United States,17.99
210,Armenia,Turkmenistan,7.7
211,Armenia,Germany,14.65
212,Armenia,Russian Federation,11.6
213,Armenia,Netherlands,12.64
214,Armenia,"Iran, Islamic Rep.",5.15
215,Armenia,Israel,10.61
216,Armenia,Belgium,5.47
217,Armenia,Ukraine,7.51
218,Russian Federation,Germany,8.12
219,Russian Federation,Japan,5.65
220,Russian Federation,China,5.23
221,Russian Federation,Italy,8.32
222,Russian Federation,Netherlands,11.9
223,Russian Federation,Belarus,4.97
224,Russian Federation,Ukraine,6.7
225,Israel,Germany,3.76
226,Israel,"Hong Kong, China",5.93
227,Israel,Switzerland,5.87
228,Israel,United Kingdom,3.42
229,Israel,United States,38.38
230,Israel,Belgium,8.23
231,Belgium,Germany,19.63
232,Belgium,United Kingdom,7.87
233,Belgium,France,11.06
234,Belgium,Ireland,5.73
235,Belgium,Netherlands,11.93
236,Belgium,United States,6.2
237,Ukraine,Germany,3.35
238,Ukraine,Poland,3.5
239,Ukraine,Turkmenistan,7.76
240,Ukraine,China,5.13
241,Ukraine,Russian Federation,22.55
242,Ukraine,Italy,6.53
243,Ukraine,Turkey,6.23
244,Antigua and Barbuda,United Kingdom,3.45
245,Antigua and Barbuda,Japan,2.76
246,Antigua and Barbuda,Netherlands Antilles,23.03
247,Antigua and Barbuda,Trinidad and Tobago,8.99
248,Antigua and Barbuda,United States,40.97
249,Australia,Germany,5.07
250,Australia,Japan,9.84
251,Australia,China,12.45
252,Australia,New Zealand,5.46
253,Australia,"Korea, Rep.",7.55
254,Australia,Singapore,6.05
255,Australia,United States,6.15
256,New Zealand,Japan,9.11
257,New Zealand,China,5.42
258,New Zealand,Singapore,4.54
259,New Zealand,Australia,20.35
260,New Zealand,United Kingdom,4.9
261,New Zealand,United States,13.15
262,"Korea, Rep.",Japan,16.78
263,"Korea, Rep.",United Arab Emirates,4.18
264,"Korea, Rep.","Other Asia, nes",3.99
265,"Korea, Rep.","Hong Kong, China",5.83
266,"Korea, Rep.",China,21.34
267,"Korea, Rep.",Saudi Arabia,6.64
268,"Korea, Rep.",United States,13.31
269,Singapore,Japan,8.35
270,Singapore,"Hong Kong, China",9.99
271,Singapore,China,9.69
272,Singapore,Indonesia,9.17
273,Singapore,Malaysia,13.13
274,Singapore,"Other Asia, nes",6.68
275,Singapore,United States,10.11
276,Austria,Germany,31.83
277,Austria,Switzerland,4.57
278,Austria,France,3.72
279,Austria,China,3.5
280,Austria,Italy,8.68
281,Austria,United States,5.79
282,Azerbaijan,Germany,7.67
283,Azerbaijan,United Kingdom,8.62
284,Azerbaijan,Turkmenistan,7.01
285,Azerbaijan,Russian Federation,5.4
286,Azerbaijan,France,5.45
287,Azerbaijan,Italy,44.65
288,Azerbaijan,Turkey,6.09
289,Azerbaijan,Israel,10.75
290,Burundi,United Kingdom,4.62
291,Burundi,Kenya,14.13
292,Burundi,Japan,10.8
293,Burundi,Switzerland,6.91
294,Burundi,United Arab Emirates,32.05
295,Burundi,Pakistan,13.1
296,Burundi,Belgium,11.29
297,Kenya,Japan,5.64
298,Kenya,South Africa,6.51
299,Kenya,United Arab Emirates,14.87
300,Kenya,Uganda,11.05
301,Kenya,Tanzania,7.25
302,Kenya,India,7.25
303,Kenya,China,5.7
304,Kenya,United Kingdom,10.86
305,Kenya,Netherlands,7.92
306,Kenya,United States,8.32
307,Pakistan,United Arab Emirates,7.33
308,Pakistan,Germany,4.12
309,Pakistan,Afghanistan,5.86
310,Pakistan,China,9.77
311,Pakistan,Kuwait,6.31
312,Pakistan,United Kingdom,5.53
313,Pakistan,Saudi Arabia,10.17
314,Pakistan,United States,25.65
315,Ireland,Germany,8.03
316,Ireland,United Kingdom,15.9
317,Ireland,France,6.04
318,Ireland,China,6.95
319,Ireland,United States,18.65
320,Ireland,Belgium,13.96
321,Benin,United Kingdom,6.31
322,Benin,Nigeria,8.71
323,Benin,Cote d'Ivoire,6.87
324,Benin,Ghana,6.82
325,Benin,China,24.01
326,Benin,India,8.63
327,Benin,France,17.23
328,Benin,Niger,7.17
329,Nigeria,Germany,5.58
330,Nigeria,United Kingdom,11.79
331,Nigeria,India,9.3
332,Nigeria,China,13.8
333,Nigeria,France,5.66
334,Nigeria,Brazil,4.23
335,Nigeria,Spain,7.98
336,Nigeria,United States,45.02
337,Nigeria,Belgium,5.11
338,Cote d'Ivoire,Germany,4.15
339,Cote d'Ivoire,Nigeria,27.55
340,Cote d'Ivoire,France,25.52
341,Cote d'Ivoire,China,4.32
342,Cote d'Ivoire,Venezuela,2.81
343,Cote d'Ivoire,Netherlands,9.66
344,Cote d'Ivoire,United States,9.07
345,Ghana,United Kingdom,8.89
346,Ghana,Switzerland,6.79
347,Ghana,Burkina Faso,12.62
348,Ghana,China,9.46
349,Ghana,South Africa,25.81
350,Ghana,France,4.56
351,Ghana,Netherlands,11.14
352,Ghana,United States,6.61
353,Ghana,Belgium,5.65
354,Ghana,Nigeria,9.57
355,Niger,Nigeria,6.08
356,Niger,Cote d'Ivoire,6.44
357,Niger,Switzerland,8.17
358,Niger,France,15.39
359,Niger,China,12.47
360,Niger,Japan,9.48
361,Niger,United States,10.05
362,Burkina Faso,Cote d'Ivoire,30.42
363,Burkina Faso,Switzerland,21.73
364,Burkina Faso,France,15.04
365,Burkina Faso,India,4.33
366,Burkina Faso,Togo,3.33
367,Burkina Faso,China,4.08
368,Burkina Faso,United Kingdom,7.8
369,Burkina Faso,Belgium,7.51
370,Burkina Faso,Guinea,6.4
371,Guinea,Cote d'Ivoire,15.91
372,Guinea,Germany,8.03
373,Guinea,France,10.41
374,Guinea,India,7.81
375,Guinea,China,7.53
376,Guinea,Spain,11.51
377,Guinea,Ireland,9.05
378,Guinea,United States,10.33
379,Guinea,Belgium,7.34
380,Bangladesh,Japan,5.66
381,Bangladesh,China,6.64
382,Bangladesh,Germany,15.03
383,Bangladesh,"Korea, Rep.",4.23
384,Bangladesh,India,11.96
385,Bangladesh,Kuwait,9.29
386,Bangladesh,United Kingdom,8.98
387,Bangladesh,France,6.06
388,Bangladesh,United States,26.7
389,Kuwait,Germany,7.56
390,Kuwait,Japan,7.99
391,Kuwait,India,0.55
392,Kuwait,Saudi Arabia,0.58
393,Kuwait,China,9.25
394,Kuwait,United Arab Emirates,0.62
395,Kuwait,Indonesia,0.33
396,Kuwait,United States,11.25
397,Bulgaria,Germany,9.68
398,Bulgaria,Greece,8.93
399,Bulgaria,Russian Federation,17.18
400,Bulgaria,Italy,10.13
401,Bulgaria,Turkey,11.59
402,Bulgaria,Belgium,6.55
403,Bahrain,Japan,5.38
404,Bahrain,India,1.37
405,Bahrain,Saudi Arabia,4.75
406,Bahrain,China,3.69
407,Bahrain,Australia,3.73
408,Bahrain,United States,1.87
409,Bahrain,Singapore,1.31
410,Saudi Arabia,Germany,8.21
411,Saudi Arabia,Japan,8.27
412,Saudi Arabia,"Other Asia, nes",51.63
413,Saudi Arabia,China,0.67
414,Saudi Arabia,United Arab Emirates,1.55
415,Saudi Arabia,Kuwait,0.59
416,Saudi Arabia,Italy,4.03
417,Saudi Arabia,United States,14.68
418,"Bahamas, The",Japan,1.18
419,"Bahamas, The",Netherlands Antilles,5.89
420,"Bahamas, The",Canada,0.79
421,"Bahamas, The",Germany,5.84
422,"Bahamas, The",France,0.45
423,"Bahamas, The",United Kingdom,4.28
424,"Bahamas, The",United States,71.3
425,Canada,Germany,2.81
426,Canada,Japan,3.86
427,Canada,China,1.77
428,Canada,Mexico,0.99
429,Canada,United Kingdom,2.3
430,Canada,United States,81.55
431,Bosnia and Herzegovina,Germany,12.95
432,Bosnia and Herzegovina,Croatia,17.09
433,Bosnia and Herzegovina,Slovenia,7.56
434,Bosnia and Herzegovina,"Serbia, FR(Serbia/Montenegro)",13.2
435,Bosnia and Herzegovina,Italy,13.81
436,Croatia,Germany,10.33
437,Croatia,Bosnia and Herzegovina,12.63
438,Croatia,Slovenia,6.28
439,Croatia,Russian Federation,10.08
440,Croatia,Italy,23.1
441,Croatia,Austria,5.44
442,Slovenia,Germany,19.71
443,Slovenia,Croatia,4.02
444,Slovenia,France,6.23
445,Slovenia,Italy,12.9
446,Slovenia,Austria,8.25
447,Belarus,Germany,7.48
448,Belarus,Poland,5.23
449,Belarus,China,2.46
450,Belarus,United Kingdom,7.47
451,Belarus,Russian Federation,34.7
452,Belarus,Netherlands,17.7
453,Belarus,Ukraine,5.49
454,Poland,Germany,27.1
455,Poland,Czech Republic,5.54
456,Poland,France,5.48
457,Poland,China,6.14
458,Poland,United Kingdom,5.71
459,Poland,Russian Federation,9.67
460,Poland,Italy,6.53
461,Belize,Netherlands Antilles,10.67
462,Belize,Mexico,9.16
463,Belize,Costa Rica,7.85
464,Belize,Jamaica,4.06
465,Belize,United Kingdom,16.15
466,Belize,Guatemala,6.48
467,Belize,Panama,9.62
468,Belize,Netherlands,5.83
469,Belize,United States,42.0
470,Mexico,Germany,1.19
471,Mexico,Japan,5.97
472,Mexico,"Korea, Rep.",4.15
473,Mexico,China,9.54
474,Mexico,Colombia,0.85
475,Mexico,Spain,1.31
476,Mexico,United States,84.87
477,Mexico,Canada,2.07
478,Costa Rica,Japan,5.3
479,Costa Rica,Panama,3.46
480,Costa Rica,"Hong Kong, China",7.22
481,Costa Rica,China,7.68
482,Costa Rica,Mexico,5.25
483,Costa Rica,Venezuela,5.26
484,Costa Rica,Netherlands,6.95
485,Costa Rica,United States,42.46
486,Jamaica,Japan,4.2
487,Jamaica,China,15.11
488,Jamaica,Trinidad and Tobago,11.52
489,Jamaica,Venezuela,10.7
490,Jamaica,United Kingdom,10.29
491,Jamaica,Netherlands,6.98
492,Jamaica,United States,30.44
493,Jamaica,Canada,15.56
494,Guatemala,Mexico,5.44
495,Guatemala,Brazil,3.94
496,Guatemala,China,4.75
497,Guatemala,Nicaragua,4.42
498,Guatemala,Panama,3.81
499,Guatemala,Honduras,9.65
500,Guatemala,El Salvador,15.31
501,Guatemala,United States,31.42
502,Bermuda,United Kingdom,3.4
503,Bermuda,Japan,1.68
504,Bermuda,Canada,6.64
505,Bermuda,Venezuela,6.84
506,Bermuda,United States,71.38
507,Bolivia,Japan,8.4
508,Bolivia,Chile,8.07
509,Bolivia,Brazil,37.62
510,Bolivia,Peru,5.9
511,Bolivia,Argentina,9.26
512,Bolivia,United States,9.75
513,Peru,Ecuador,7.13
514,Peru,Chile,6.02
515,Peru,China,9.55
516,Peru,Switzerland,7.1
517,Peru,Brazil,10.43
518,Peru,Colombia,6.21
519,Peru,United States,24.02
520,Peru,Canada,6.78
521,Barbados,United Kingdom,7.49
522,Barbados,Japan,3.68
523,Barbados,Canada,3.66
524,Barbados,Trinidad and Tobago,11.04
525,Barbados,St. Lucia,5.14
526,Barbados,Bunkers,25.84
527,Barbados,United States,20.08
528,St. Lucia,United Kingdom,20.7
529,St. Lucia,Japan,6.31
530,St. Lucia,Dominica,5.47
531,St. Lucia,Trinidad and Tobago,30.09
532,St. Lucia,Barbados,4.44
533,St. Lucia,United States,20.55
534,Brunei,Japan,12.81
535,Brunei,"Korea, Rep.",15.06
536,Brunei,Singapore,17.36
537,Brunei,China,7.86
538,Brunei,Australia,12.22
539,Brunei,Indonesia,19.85
540,Brunei,Malaysia,21.63
541,Brunei,United States,6.73
542,Indonesia,Japan,9.03
543,Indonesia,China,8.28
544,Indonesia,"Korea, Rep.",7.63
545,Indonesia,Singapore,16.43
546,Indonesia,Saudi Arabia,5.54
547,Indonesia,United States,11.17
548,Malaysia,Japan,13.22
549,Malaysia,Thailand,5.29
550,Malaysia,China,7.24
551,Malaysia,Singapore,11.68
552,Malaysia,United States,18.79
553,Bhutan,Thailand,1.5
554,Bhutan,"Hong Kong, China",15.27
555,Bhutan,India,77.18
556,Bhutan,"Korea, Rep.",2.42
557,Bhutan,Singapore,2.71
558,Bhutan,Russian Federation,4.6
559,Bhutan,Indonesia,7.0
560,Bhutan,Bangladesh,2.5
561,Thailand,Japan,20.1
562,Thailand,United Arab Emirates,5.59
563,Thailand,"Hong Kong, China",5.53
564,Thailand,China,9.02
565,Thailand,Malaysia,6.58
566,Thailand,United States,15.05
567,Thailand,Singapore,6.45
568,"Hong Kong, China",Japan,10.34
569,"Hong Kong, China",China,46.34
570,"Hong Kong, China",Germany,3.03
571,"Hong Kong, China",Singapore,6.33
572,"Hong Kong, China",United Kingdom,3.67
573,"Hong Kong, China","Other Asia, nes",7.53
574,"Hong Kong, China",United States,14.84
575,Botswana,United Kingdom,72.3
576,Botswana,Norway,9.45
577,Botswana,South Africa,85.82
578,Botswana,China,1.15
579,Botswana,Zimbabwe,5.62
580,Botswana,United States,1.85
581,Norway,Germany,12.31
582,Norway,United Kingdom,26.76
583,Norway,Sweden,6.42
584,Norway,Denmark,6.89
585,Norway,China,5.7
586,Norway,France,8.26
587,Norway,Netherlands,10.27
588,South Africa,Germany,7.5
589,South Africa,Japan,6.51
590,South Africa,China,10.05
591,South Africa,United Kingdom,8.8
592,South Africa,Saudi Arabia,5.28
593,South Africa,Netherlands,5.18
594,South Africa,United States,11.52
595,Zimbabwe,Botswana,4.88
596,Zimbabwe,United Kingdom,3.73
597,Zimbabwe,South Africa,49.01
598,Zimbabwe,Mozambique,8.69
599,Zimbabwe,Kuwait,4.42
600,Zimbabwe,Zambia,28.43
601,Zimbabwe,Netherlands,15.49
602,Zimbabwe,United States,10.63
603,Zimbabwe,"Congo, Dem. Rep.",16.4
604,Central African Republic,Germany,9.41
605,Central African Republic,Cameroon,5.76
606,Central African Republic,Israel,8.43
607,Central African Republic,France,4.63
608,Central African Republic,Free Zones,24.16
609,Central African Republic,Belgium,20.67
610,Cameroon,Equatorial Guinea,3.45
611,Cameroon,France,17.16
612,Cameroon,China,6.34
613,Cameroon,Italy,23.09
614,Cameroon,Spain,25.94
615,Cameroon,Netherlands,6.34
616,Cameroon,United States,6.37
617,Cameroon,Belgium,4.0
618,Cameroon,Nigeria,23.35
619,Ecuador,Chile,4.05
620,Ecuador,Brazil,7.3
621,Ecuador,Peru,8.17
622,Ecuador,China,6.84
623,Ecuador,Colombia,5.62
624,Ecuador,Italy,3.35
625,Ecuador,United States,53.62
626,Dominican Republic,Brazil,2.38
627,Dominican Republic,"Korea, Rep.",2.68
628,Dominican Republic,China,4.91
629,Dominican Republic,Haiti,10.28
630,Dominican Republic,Netherlands,2.11
631,Dominican Republic,United States,72.76
632,Dominican Republic,Canada,1.99
633,Dominican Republic,Costa Rica,3.17
634,Comoros,South Africa,9.47
635,Comoros,United Arab Emirates,7.4
636,Comoros,India,17.17
637,Comoros,Germany,11.34
638,Comoros,France,21.31
639,Comoros,China,5.25
640,Comoros,Singapore,7.03
641,Cape Verde,Cote d'Ivoire,26.39
642,Cape Verde,Brazil,6.45
643,Cape Verde,Netherlands,11.79
644,Cape Verde,United Kingdom,9.21
645,Cape Verde,Portugal,43.87
646,Cape Verde,Spain,5.92
647,Cape Verde,Italy,5.37
648,Portugal,Germany,12.89
649,Portugal,France,8.49
650,Portugal,Netherlands,4.75
651,Portugal,United Kingdom,6.8
652,Portugal,Spain,30.86
653,Portugal,Italy,5.91
654,Portugal,United States,5.9
655,Cuba,Germany,5.66
656,Cuba,Bolivia,1.59
657,Cuba,China,13.39
658,Cuba,Russian Federation,3.17
659,Cuba,Spain,7.66
660,Cuba,United States,4.46
661,Cuba,Venezuela,12.82
662,Cyprus,Germany,8.86
663,Cyprus,United Kingdom,14.61
664,Cyprus,Greece,13.22
665,Cyprus,Israel,6.2
666,Cyprus,United Arab Emirates,4.56
667,Cyprus,France,7.37
668,Cyprus,Bunkers,18.56
669,Cyprus,Italy,11.42
670,Czech Republic,Germany,31.92
671,Czech Republic,Poland,5.67
672,Czech Republic,Slovak Republic,8.43
673,Czech Republic,China,6.11
674,Czech Republic,Russian Federation,5.99
675,Czech Republic,France,5.54
676,Czech Republic,Austria,5.1
677,Slovak Republic,Germany,23.12
678,Slovak Republic,Czech Republic,11.41
679,Slovak Republic,Poland,6.19
680,Slovak Republic,Russian Federation,11.34
681,Slovak Republic,Italy,6.45
682,Slovak Republic,Austria,6.06
683,Dominica,United Kingdom,18.45
684,Dominica,Japan,3.98
685,Dominica,Trinidad and Tobago,7.57
686,Dominica,Jamaica,15.14
687,Dominica,China,3.9
688,Dominica,France,8.31
689,Dominica,United States,36.14
690,Dominica,Antigua and Barbuda,12.92
691,Denmark,Germany,14.98
692,Denmark,United Kingdom,7.7
693,Denmark,Sweden,13.5
694,Denmark,China,5.29
695,Denmark,Netherlands,6.23
696,Denmark,United States,5.71
697,Denmark,Special Categories,10.34
698,Sweden,Denmark,7.19
699,Sweden,Germany,9.95
700,Sweden,United Kingdom,7.25
701,Sweden,Norway,9.13
702,Sweden,Netherlands,6.34
703,Sweden,United States,9.29
704,Algeria,Germany,6.88
705,Algeria,France,20.37
706,Algeria,China,7.96
707,Algeria,Italy,17.06
708,Algeria,Spain,10.96
709,Algeria,United States,27.2
710,Algeria,Canada,6.55
711,"Egypt, Arab Rep.",India,10.15
712,"Egypt, Arab Rep.",China,5.81
713,"Egypt, Arab Rep.",Kuwait,5.26
714,"Egypt, Arab Rep.",Italy,9.23
715,"Egypt, Arab Rep.",Spain,7.55
716,"Egypt, Arab Rep.",Saudi Arabia,6.92
717,"Egypt, Arab Rep.",United States,8.71
718,Estonia,Germany,11.8
719,Estonia,Sweden,11.85
720,Estonia,Finland,17.4
721,Estonia,China,5.25
722,Estonia,Latvia,8.79
723,Estonia,Russian Federation,9.65
724,Estonia,United States,6.46
725,Finland,Germany,10.59
726,Finland,United Kingdom,6.24
727,Finland,Sweden,10.42
728,Finland,China,7.41
729,Finland,Russian Federation,9.99
730,Finland,United States,6.16
731,Latvia,Germany,10.09
732,Latvia,Poland,7.2
733,Latvia,Estonia,12.73
734,Latvia,Lithuania,14.67
735,Latvia,United Kingdom,7.81
736,Latvia,Russian Federation,8.86
737,Ethiopia(excludes Eritrea),United Arab Emirates,7.44
738,Ethiopia(excludes Eritrea),Germany,0.05
739,Ethiopia(excludes Eritrea),India,5.66
740,Ethiopia(excludes Eritrea),China,12.3
741,Ethiopia(excludes Eritrea),Fm Sudan,0.28
742,Ethiopia(excludes Eritrea),Saudi Arabia,18.48
743,Ethiopia(excludes Eritrea),Italy,7.33
744,Ethiopia(excludes Eritrea),Israel,0.05
745,Ethiopia(excludes Eritrea),United States,0.06
746,Fm Sudan,Japan,9.45
747,Fm Sudan,United Arab Emirates,3.81
748,Fm Sudan,China,82.04
749,Fm Sudan,India,6.81
750,Fm Sudan,Saudi Arabia,2.36
751,Fm Sudan,"Egypt, Arab Rep.",0.94
752,European Union,Japan,5.51
753,European Union,China,5.34
754,European Union,Switzerland,7.51
755,European Union,Norway,5.57
756,European Union,Russian Federation,6.07
757,European Union,United States,22.38
758,Fiji,Japan,3.58
759,Fiji,Singapore,34.45
760,Fiji,China,3.59
761,Fiji,Australia,22.39
762,Fiji,United Kingdom,11.12
763,Fiji,New Zealand,15.91
764,Fiji,United States,14.45
765,Faeroe Islands,Denmark,12.22
766,Faeroe Islands,Germany,7.61
767,Faeroe Islands,United Kingdom,27.24
768,Faeroe Islands,Norway,10.28
769,Faeroe Islands,France,10.24
770,Faeroe Islands,Spain,8.41
771,Faeroe Islands,Sweden,6.07
772,"Micronesia, Fed. Sts.",Japan,9.54
773,"Micronesia, Fed. Sts.","Korea, Rep.",5.84
774,"Micronesia, Fed. Sts.",Singapore,4.6
775,"Micronesia, Fed. Sts.",Guam,18.82
776,"Micronesia, Fed. Sts.",United States,8.14
777,"Micronesia, Fed. Sts.",Northern Mariana Islands,10.67
778,Gabon,Japan,3.03
779,Gabon,China,10.57
780,Gabon,Switzerland,2.6
781,Gabon,France,39.93
782,Gabon,Cameroon,3.47
783,Gabon,United States,58.43
784,Gabon,Belgium,14.2
785,Gabon,Singapore,5.29
786,Georgia,Germany,9.55
787,Georgia,Turkmenistan,7.68
788,Georgia,Armenia,7.86
789,Georgia,Azerbaijan,9.44
790,Georgia,Russian Federation,8.08
791,Georgia,Turkey,13.19
792,Georgia,Ukraine,8.22
793,"Gambia, The",Germany,2.26
794,"Gambia, The",Morocco,2.2
795,"Gambia, The",Cote d'Ivoire,8.68
796,"Gambia, The",Denmark,16.64
797,"Gambia, The",China,9.33
798,"Gambia, The",United Kingdom,54.27
799,"Gambia, The",Senegal,32.88
800,"Gambia, The",United States,2.23
801,Morocco,India,3.98
802,Morocco,France,17.64
803,Morocco,China,5.26
804,Morocco,United Kingdom,6.13
805,Morocco,Italy,4.99
806,Morocco,Spain,11.46
807,Morocco,Saudi Arabia,6.61
808,Senegal,United Kingdom,6.01
809,Senegal,Thailand,4.05
810,Senegal,India,5.31
811,Senegal,France,24.37
812,Senegal,China,4.33
813,Senegal,Bunkers,16.23
814,Senegal,"Gambia, The",5.58
815,Senegal,Mali,20.23
816,Senegal,Spain,3.77
817,Grenada,United Kingdom,5.58
818,Grenada,Japan,3.96
819,Grenada,St. Kitts and Nevis,7.32
820,Grenada,Dominica,9.56
821,Grenada,Trinidad and Tobago,7.25
822,Grenada,China,5.25
823,Grenada,St. Lucia,13.2
824,Grenada,United States,27.71
825,St. Kitts and Nevis,United Kingdom,2.24
826,St. Kitts and Nevis,Japan,4.27
827,St. Kitts and Nevis,Netherlands Antilles,1.12
828,St. Kitts and Nevis,Canada,2.6
829,St. Kitts and Nevis,Trinidad and Tobago,1.59
830,St. Kitts and Nevis,St. Lucia,1.03
831,St. Kitts and Nevis,United States,88.54
832,Greenland,Denmark,83.16
833,Greenland,Germany,2.82
834,Greenland,Iceland,1.58
835,Greenland,United Kingdom,1.9
836,Greenland,Spain,7.04
837,Greenland,Sweden,21.19
838,Greenland,United States,2.3
839,Iceland,Germany,14.97
840,Iceland,Denmark,6.22
841,Iceland,Norway,7.2
842,Iceland,United Kingdom,15.63
843,Iceland,Spain,6.37
844,Iceland,Sweden,7.1
845,Iceland,Netherlands,16.61
846,Iceland,United States,10.86
847,Nicaragua,Mexico,6.19
848,Nicaragua,China,7.62
849,Nicaragua,Venezuela,6.79
850,Nicaragua,Spain,4.54
851,Nicaragua,Honduras,4.44
852,Nicaragua,United States,46.53
853,Nicaragua,Canada,5.95
854,Nicaragua,Costa Rica,5.39
855,Honduras,Germany,7.84
856,Honduras,Mexico,4.8
857,Honduras,El Salvador,4.18
858,Honduras,Guatemala,6.91
859,Honduras,Panama,4.53
860,Honduras,United States,52.22
861,Honduras,Belgium,5.69
862,El Salvador,Guatemala,12.88
863,El Salvador,Mexico,7.56
864,El Salvador,Brazil,4.12
865,El Salvador,Costa Rica,3.34
866,El Salvador,China,7.88
867,El Salvador,Nicaragua,5.39
868,El Salvador,Honduras,11.12
869,El Salvador,United States,52.99
870,Hungary,Germany,29.49
871,Hungary,France,4.77
872,Hungary,China,5.01
873,Hungary,United Kingdom,4.49
874,Hungary,Russian Federation,8.03
875,Hungary,Italy,5.47
876,Hungary,Austria,6.25
877,Jordan,Germany,7.78
878,Jordan,India,7.68
879,Jordan,Iraq,12.26
880,Jordan,Saudi Arabia,7.1
881,Jordan,China,10.45
882,Jordan,"Egypt, Arab Rep.",4.21
883,Jordan,United States,25.14
884,Jordan,Free Zones,7.56
885,Kazakhstan,Germany,7.65
886,Kazakhstan,China,9.39
887,Kazakhstan,Switzerland,17.57
888,Kazakhstan,Russian Federation,9.75
889,Kazakhstan,France,8.75
890,Kazakhstan,Italy,18.02
891,Kazakhstan,United States,4.67
892,Uganda,Kenya,9.15
893,Uganda,Japan,6.82
894,Uganda,South Africa,6.11
895,Uganda,United Arab Emirates,19.36
896,Uganda,Switzerland,4.72
897,Uganda,India,8.17
898,Uganda,Fm Sudan,9.54
899,Uganda,Netherlands,6.43
900,Tanzania,Japan,5.75
901,Tanzania,South Africa,12.63
902,Tanzania,United Arab Emirates,11.0
903,Tanzania,China,8.0
904,Tanzania,Switzerland,19.3
905,Tanzania,Germany,6.05
906,Tanzania,Netherlands,5.58
907,Tanzania,Bahrain,9.06
908,Kyrgyz Republic,Kazakhstan,20.48
909,Kyrgyz Republic,China,4.8
910,Kyrgyz Republic,Switzerland,26.16
911,Kyrgyz Republic,Afghanistan,9.41
912,Kyrgyz Republic,Uzbekistan,3.78
913,Kyrgyz Republic,Russian Federation,19.37
914,Kyrgyz Republic,United States,5.68
915,Cambodia,Thailand,13.9
916,Cambodia,"Hong Kong, China",18.11
917,Cambodia,Germany,6.56
918,Cambodia,China,17.55
919,Cambodia,United Kingdom,4.3
920,Cambodia,"Other Asia, nes",12.79
921,Cambodia,United States,53.32
922,Cambodia,Vietnam,9.04
923,Cambodia,Singapore,3.9
924,Vietnam,Japan,10.47
925,Vietnam,China,8.14
926,Vietnam,"Korea, Rep.",8.71
927,Vietnam,Singapore,13.98
928,Vietnam,Australia,9.26
929,Vietnam,"Other Asia, nes",10.75
930,Vietnam,United States,19.71
931,Kiribati,Japan,6.09
932,Kiribati,Fiji,34.63
933,Kiribati,Australia,36.19
934,Kiribati,New Zealand,6.67
935,Kiribati,United States,3.89
936,Lebanon,Germany,7.02
937,Lebanon,Switzerland,19.76
938,Lebanon,France,8.1
939,Lebanon,Iraq,5.97
940,Lebanon,Syrian Arab Republic,7.7
941,Lebanon,Saudi Arabia,6.41
942,Lebanon,China,7.99
943,Lebanon,United Arab Emirates,7.72
944,Lebanon,Italy,7.55
945,Lebanon,United States,11.05
946,Syrian Arab Republic,Iraq,6.4
947,Syrian Arab Republic,Saudi Arabia,8.75
948,Syrian Arab Republic,China,6.51
949,Syrian Arab Republic,Russian Federation,10.23
950,Syrian Arab Republic,France,8.81
951,Syrian Arab Republic,Italy,19.6
952,Syrian Arab Republic,"Egypt, Arab Rep.",5.18
953,Syrian Arab Republic,Ukraine,5.27
954,Sri Lanka,India,7.23
955,Sri Lanka,Germany,4.86
956,Sri Lanka,Singapore,10.05
957,Sri Lanka,China,7.98
958,Sri Lanka,United Kingdom,13.0
959,Sri Lanka,"Iran, Islamic Rep.",7.36
960,Sri Lanka,"Hong Kong, China",6.74
961,Sri Lanka,United States,29.62
962,Sri Lanka,Belgium,4.95
963,Lithuania,Germany,8.62
964,Lithuania,Poland,6.08
965,Lithuania,Estonia,6.46
966,Lithuania,Netherlands,3.74
967,Lithuania,Latvia,4.78
968,Lithuania,Russian Federation,12.79
969,Luxembourg,Germany,24.61
970,Luxembourg,France,11.46
971,Luxembourg,Netherlands,5.01
972,Luxembourg,Italy,5.52
973,Luxembourg,Special Categories,4.23
974,Luxembourg,Belgium,33.95
975,Macao,Japan,8.3
976,Macao,"Hong Kong, China",10.09
977,Macao,China,13.76
978,Macao,Germany,8.02
979,Macao,Singapore,4.43
980,Macao,United Kingdom,4.43
981,Macao,United States,48.45
982,Moldova,Germany,7.95
983,Moldova,Romania,12.85
984,Moldova,Belarus,7.03
985,Moldova,Russian Federation,17.31
986,Moldova,Italy,11.11
987,Moldova,Ukraine,19.18
988,Romania,Germany,15.72
989,Romania,France,6.54
990,Romania,Russian Federation,7.83
991,Romania,Italy,17.91
992,Romania,Turkey,7.73
993,Romania,Hungary,4.94
994,Madagascar,South Africa,5.72
995,Madagascar,Germany,5.99
996,Madagascar,France,13.23
997,Madagascar,China,17.76
998,Madagascar,Italy,4.16
999,Madagascar,United States,14.96
1000,Madagascar,Bahrain,16.38
1001,Maldives,United Arab Emirates,21.07
1002,Maldives,"Other Asia, nes",5.44
1003,Maldives,Thailand,26.05
1004,Maldives,Sri Lanka,12.84
1005,Maldives,India,9.43
1006,Maldives,Singapore,23.87
1007,Maldives,Malaysia,6.58
1008,Maldives,Japan,15.05
1009,Maldives,United Kingdom,9.73
1010,Mali,Vietnam,2.27
1011,Mali,Cote d'Ivoire,10.86
1012,Mali,Thailand,1.72
1013,Mali,China,6.19
1014,Mali,France,15.24
1015,Mali,Benin,9.0
1016,Mali,South Africa,71.03
1017,Mali,Senegal,12.12
1018,Malta,Germany,12.54
1019,Malta,United Kingdom,9.45
1020,Malta,France,11.64
1021,Malta,Singapore,6.13
1022,Malta,Italy,27.7
1023,Malta,United States,12.21
1024,Mongolia,Japan,6.57
1025,Mongolia,China,67.83
1026,Mongolia,"Korea, Rep.",5.55
1027,Mongolia,Kazakhstan,3.35
1028,Mongolia,Russian Federation,2.92
1029,Mongolia,Italy,2.62
1030,Mongolia,United States,7.72
1031,Mongolia,Canada,11.1
1032,Montenegro,Germany,11.48
1033,Montenegro,Greece,11.44
1034,Montenegro,Slovenia,4.38
1035,Montenegro,"Serbia, FR(Serbia/Montenegro)",24.91
1036,Montenegro,Italy,40.67
1037,Montenegro,Croatia,4.39
1038,Montenegro,Hungary,7.22
1039,Mozambique,South Africa,33.04
1040,Mozambique,United Arab Emirates,3.98
1041,Mozambique,Switzerland,2.21
1042,Mozambique,India,4.77
1043,Mozambique,Netherlands,12.93
1044,Mozambique,Spain,1.83
1045,Mozambique,Zimbabwe,3.2
1046,Mauritania,France,15.15
1047,Mauritania,Brazil,5.93
1048,Mauritania,China,5.56
1049,Mauritania,United States,5.53
1050,Montserrat,United Kingdom,15.07
1051,Montserrat,Japan,4.8
1052,Montserrat,Netherlands Antilles,15.89
1053,Montserrat,Canada,2.5
1054,Montserrat,Trinidad and Tobago,10.35
1055,Montserrat,Anguila,11.58
1056,Montserrat,United States,42.82
1057,Montserrat,Antigua and Barbuda,27.0
1058,Mauritius,Germany,3.99
1059,Mauritius,South Africa,7.34
1060,Mauritius,France,14.32
1061,Mauritius,India,13.57
1062,Mauritius,China,8.64
1063,Mauritius,United Arab Emirates,10.59
1064,Mauritius,United Kingdom,30.21
1065,Mauritius,Bunkers,6.84
1066,Mauritius,United States,7.77
1067,Malawi,Zambia,7.79
1068,Malawi,United Kingdom,12.95
1069,Malawi,South Africa,34.31
1070,Malawi,United Arab Emirates,5.76
1071,Malawi,Mozambique,11.78
1072,Malawi,Germany,11.46
1073,Malawi,"Egypt, Arab Rep.",5.03
1074,Malawi,United States,8.57
1075,Zambia,United Kingdom,3.75
1076,Zambia,South Africa,46.5
1077,Zambia,United Arab Emirates,10.31
1078,Zambia,Thailand,7.48
1079,Zambia,China,7.19
1080,Zambia,Switzerland,39.32
1081,Zambia,Norway,3.66
1082,Zambia,"Egypt, Arab Rep.",3.97
1083,Zambia,Zimbabwe,5.41
1084,Mayotte,Germany,2.68
1085,Mayotte,India,1.06
1086,Mayotte,France,45.91
1087,Mayotte,Seychelles,12.2
1088,Mayotte,Brazil,2.89
1089,Mayotte,China,4.94
1090,Mayotte,Madagascar,2.3
1091,Mayotte,Comoros,25.38
1092,Mayotte,United States,0.57
1093,Seychelles,South Africa,7.63
1094,Seychelles,Germany,2.3
1095,Seychelles,France,8.46
1096,Seychelles,Singapore,11.75
1097,Seychelles,Saudi Arabia,38.07
1098,Seychelles,United Kingdom,25.41
1099,Seychelles,Italy,10.96
1100,Seychelles,Spain,8.43
1101,Namibia,Germany,2.23
1102,Namibia,United Kingdom,25.63
1103,Namibia,South Africa,82.37
1104,Namibia,Angola,5.71
1105,Namibia,China,3.46
1106,Namibia,Italy,7.21
1107,Namibia,Spain,5.98
1108,Namibia,United States,1.49
1109,New Caledonia,"Other Asia, nes",12.83
1110,New Caledonia,China,11.28
1111,New Caledonia,France,31.93
1112,New Caledonia,Singapore,14.36
1113,New Caledonia,Japan,18.38
1114,New Caledonia,Spain,6.8
1115,New Caledonia,Australia,9.46
1116,New Caledonia,New Zealand,4.74
1117,Oman,Germany,5.0
1118,Oman,Japan,17.06
1119,Oman,United Arab Emirates,9.53
1120,Oman,Thailand,12.44
1121,Oman,China,26.49
1122,Oman,India,5.23
1123,Oman,"Korea, Rep.",16.05
1124,Oman,United States,5.17
1125,Philippines,Japan,14.2
1126,Philippines,"Hong Kong, China",7.82
1127,Philippines,China,9.76
1128,Philippines,Singapore,8.43
1129,Philippines,"Other Asia, nes",7.85
1130,Philippines,Netherlands,10.06
1131,Philippines,United States,18.35
1132,Paraguay,Japan,4.26
1133,Paraguay,Cayman Islands,4.87
1134,Paraguay,Brazil,47.52
1135,Paraguay,China,26.6
1136,Paraguay,Uruguay,10.36
1137,Paraguay,Argentina,12.63
1138,Paraguay,Russian Federation,6.47
1139,Paraguay,United States,6.95
1140,Uruguay,Brazil,14.65
1141,Uruguay,China,7.3
1142,Uruguay,Argentina,7.57
1143,Uruguay,Venezuela,12.47
1144,Uruguay,Russian Federation,5.64
1145,Uruguay,United States,13.52
1146,Uruguay,Free Zones,4.44
1147,French Polynesia,"Hong Kong, China",32.14
1148,French Polynesia,France,30.94
1149,French Polynesia,Singapore,12.52
1150,French Polynesia,China,6.68
1151,French Polynesia,New Caledonia,2.01
1152,French Polynesia,Japan,27.77
1153,French Polynesia,New Zealand,6.63
1154,French Polynesia,United States,12.12
1155,Qatar,Germany,9.33
1156,Qatar,Japan,12.0
1157,Qatar,United Arab Emirates,6.03
1158,Qatar,India,4.87
1159,Qatar,"Korea, Rep.",13.88
1160,Qatar,Italy,9.26
1161,Qatar,United States,9.87
1162,Qatar,Singapore,9.45
1163,Rwanda,Kenya,21.04
1164,Rwanda,United Arab Emirates,6.73
1165,Rwanda,"Hong Kong, China",10.32
1166,Rwanda,Tanzania,5.0
1167,Rwanda,Switzerland,9.19
1168,Rwanda,Uganda,13.0
1169,Rwanda,United Kingdom,20.59
1170,Rwanda,Belgium,6.78
1171,Solomon Islands,Japan,7.45
1172,Solomon Islands,Thailand,6.3
1173,Solomon Islands,China,42.48
1174,Solomon Islands,"Korea, Rep.",7.25
1175,Solomon Islands,Singapore,10.7
1176,Solomon Islands,Malaysia,7.85
1177,Solomon Islands,Australia,37.34
1178,Solomon Islands,New Zealand,7.7
1179,Sao Tome and Principe,Angola,19.95
1180,Sao Tome and Principe,France,9.47
1181,Sao Tome and Principe,Portugal,64.72
1182,Sao Tome and Principe,Netherlands,26.95
1183,Sao Tome and Principe,Vietnam,0.88
1184,Sao Tome and Principe,Belgium,4.38
1185,Suriname,Guyana,3.87
1186,Suriname,Switzerland,2.59
1187,Suriname,Trinidad and Tobago,22.48
1188,Suriname,China,4.77
1189,Suriname,Netherlands,19.64
1190,Suriname,Canada,16.4
1191,Suriname,United States,19.95
1192,Suriname,Belgium,13.49
1193,Eswatini,Germany,2.04
1194,Eswatini,Japan,2.1
1195,Eswatini,South Africa,80.1
1196,Eswatini,Uganda,16.86
1197,Eswatini,China,1.98
1198,Eswatini,"Other Asia, nes",3.06
1199,Eswatini,Zimbabwe,25.23
1200,Eswatini,United States,3.34
1201,Eswatini,Mozambique,16.92
1202,Turks and Caicos Isl.,Jamaica,0.02
1203,Turks and Caicos Isl.,"Bahamas, The",0.52
1204,Turks and Caicos Isl.,Panama,0.03
1205,Turks and Caicos Isl.,Haiti,0.08
1206,Turks and Caicos Isl.,United States,99.83
1207,Turks and Caicos Isl.,Cape Verde,0.0
1208,Turks and Caicos Isl.,Dominican Republic,0.07
1209,Tonga,Fiji,28.15
1210,Tonga,New Zealand,33.13
1211,Tonga,"Korea, Rep.",8.68
1212,Tonga,China,4.81
1213,Tonga,Australia,12.56
1214,Tonga,Japan,40.81
1215,Tonga,United States,24.86
1216,Tunisia,Germany,7.84
1217,Tunisia,France,22.6
1218,Tunisia,Libya,5.31
1219,Tunisia,Italy,22.09
1220,Tunisia,Spain,4.66
1221,Tuvalu,Fiji,18.5
1222,Tuvalu,Singapore,18.03
1223,Tuvalu,Australia,21.96
1224,Tuvalu,New Zealand,14.64
1225,Tuvalu,Indonesia,8.5
1226,St. Vincent and the Grenadines,United Kingdom,25.39
1227,St. Vincent and the Grenadines,Japan,3.87
1228,St. Vincent and the Grenadines,Canada,3.66
1229,St. Vincent and the Grenadines,Trinidad and Tobago,14.74
1230,St. Vincent and the Grenadines,Barbados,13.88
1231,St. Vincent and the Grenadines,St. Lucia,12.03
1232,St. Vincent and the Grenadines,United States,32.65
1233,St. Vincent and the Grenadines,Antigua and Barbuda,7.91
1234,Vanuatu,Fiji,8.93
1235,Vanuatu,Singapore,5.42
1236,Vanuatu,China,5.2
1237,Vanuatu,Australia,41.31
1238,Vanuatu,New Caledonia,7.24
1239,Vanuatu,New Zealand,15.56
1240,Vanuatu,Belgium,4.86
1241, World,Germany,7.08
1242, World,Japan,5.9
1243, World,China,5.63
1244, World,France,4.1
1245, World,United Kingdom,4.49
1246, World,United States,14.53
1247,Wallis and Futura Isl.,France,26.12
1248,Wallis and Futura Isl.,Singapore,12.96
1249,Wallis and Futura Isl.,China,9.91
1250,Wallis and Futura Isl.,Australia,10.57
1251,Wallis and Futura Isl.,New Zealand,7.8
1252,Samoa,Japan,9.66
1253,Samoa,American Samoa,14.66
1254,Samoa,New Zealand,32.78
1255,Samoa,Singapore,8.65
1256,Samoa,Australia,15.81
1257,Samoa,United States,4.41
1258,Samoa,Tokelau,2.53
1259,Yemen,Japan,9.43
1260,Yemen,United Arab Emirates,10.22
1261,Yemen,Thailand,14.51
1262,Yemen,China,22.64
1263,Yemen,Switzerland,7.58
1264,Yemen,India,24.04
1265,Yemen,Kuwait,5.85
1266,Yemen,United Kingdom,6.03
1267,Yemen,United States,6.37
