,source,target,2007
0,Aruba,United Kingdom,4.7
1,Aruba,Panama,29.74
2,Aruba,Netherlands Antilles,2.78
3,Aruba,Netherlands,11.73
4,Aruba,Colombia,17.01
5,Aruba,United States,11.24
6,Aruba,Venezuela,10.81
7,United Kingdom,Germany,11.16
8,United Kingdom,France,6.67
9,United Kingdom,China,7.83
10,United Kingdom,Netherlands,6.74
11,United Kingdom,Ireland,7.9
12,United Kingdom,United States,14.37
13,Panama,Japan,4.3
14,Panama,Costa Rica,5.71
15,Panama,China,19.79
16,Panama,Colombia,15.44
17,Panama,"Other Asia, nes",6.5
18,Panama,"Hong Kong, China",10.05
19,Panama,United States,8.58
20,Panama,Venezuela,20.37
21,Panama,Dominican Republic,5.12
22,Netherlands Antilles,Netherlands,32.54
23,Netherlands Antilles,Venezuela,5.27
24,Netherlands Antilles,Panama,3.53
25,Netherlands Antilles,United States,17.05
26,Netherlands Antilles,Aruba,17.5
27,Netherlands Antilles,Belgium,3.11
28,Netherlands,Germany,23.55
29,Netherlands,United Kingdom,9.11
30,Netherlands,China,8.59
31,Netherlands,France,8.21
32,Netherlands,United States,5.0
33,Netherlands,Belgium,10.78
34,Colombia,Switzerland,2.95
35,Colombia,Mexico,9.34
36,Colombia,Brazil,7.28
37,Colombia,China,10.11
38,Colombia,Venezuela,4.15
39,Colombia,Netherlands,2.79
40,Colombia,United States,35.37
41,Colombia,Ecuador,4.25
42,United States,Germany,4.79
43,United States,Japan,7.41
44,United States,Canada,15.74
45,United States,China,5.61
46,United States,Mexico,11.74
47,United States,United Kingdom,4.33
48,Venezuela,Brazil,7.17
49,Venezuela,China,4.95
50,Venezuela,Colombia,8.9
51,Venezuela,United States,20.19
52,Angola,China,30.47
53,Angola,India,5.38
54,Angola,"Korea, Dem. Rep.",9.47
55,Angola,France,5.87
56,Angola,Portugal,14.8
57,Angola,United States,24.62
58,Angola,Canada,6.59
59,China,Japan,14.01
60,China,"Hong Kong, China",15.12
61,China,Germany,4.0
62,China,"Korea, Rep.",10.85
63,China,China,8.97
64,China,"Other Asia, nes",10.57
65,China,United States,19.11
66,India,United Arab Emirates,9.9
67,India,China,6.51
68,India,Switzerland,4.87
69,India,United Kingdom,4.31
70,India,Saudi Arabia,7.58
71,India,United States,13.8
72,India,Singapore,4.38
73,France,Germany,14.44
74,France,China,6.33
75,France,United Kingdom,8.38
76,France,Italy,9.16
77,France,Spain,6.98
78,France,Belgium,8.29
79,Portugal,Germany,12.76
80,Portugal,France,8.66
81,Portugal,Netherlands,4.72
82,Portugal,United Kingdom,5.98
83,Portugal,Spain,31.05
84,Portugal,Italy,5.5
85,Portugal,United States,4.6
86,Canada,Germany,2.82
87,Canada,Japan,3.8
88,Canada,China,2.11
89,Canada,Mexico,1.1
90,Canada,United Kingdom,2.84
91,Canada,United States,78.98
92,Anguila,Guyana,34.52
93,Anguila,Japan,2.65
94,Anguila,Netherlands Antilles,7.95
95,Anguila,France,1.81
96,Anguila,Trinidad and Tobago,10.59
97,Anguila,United Kingdom,9.49
98,Anguila,United States,19.91
99,Anguila,Turkey,4.55
100,Guyana,United Kingdom,15.92
101,Guyana,Netherlands Antilles,3.94
102,Guyana,Trinidad and Tobago,25.1
103,Guyana,China,8.49
104,Guyana,Barbados,5.87
105,Guyana,Netherlands,5.62
106,Guyana,United States,14.41
107,Guyana,Canada,21.64
108,Japan,United Arab Emirates,5.2
109,Japan,"Other Asia, nes",6.28
110,Japan,"Hong Kong, China",5.45
111,Japan,China,15.3
112,Japan,"Korea, Rep.",7.61
113,Japan,Saudi Arabia,5.67
114,Japan,Australia,5.02
115,Japan,United States,20.39
116,Trinidad and Tobago,Gabon,6.8
117,Trinidad and Tobago,Germany,2.29
118,Trinidad and Tobago,Brazil,10.63
119,Trinidad and Tobago,Jamaica,4.56
120,Trinidad and Tobago,"Congo, Rep.",5.74
121,Trinidad and Tobago,Spain,3.97
122,Trinidad and Tobago,Colombia,8.85
123,Trinidad and Tobago,United States,57.74
124,Trinidad and Tobago,Dominican Republic,2.64
125,Turkey,Germany,11.18
126,Turkey,China,7.78
127,Turkey,United Kingdom,8.04
128,Turkey,Russian Federation,4.41
129,Turkey,France,5.57
130,Turkey,Italy,6.97
131,Turkey,United States,4.8
132,Albania,Germany,2.44
133,Albania,China,2.57
134,Albania,Greece,8.33
135,Albania,"Serbia, FR(Serbia/Montenegro)",6.73
136,Albania,Italy,68.07
137,Albania,Turkey,7.25
138,Germany,France,8.39
139,Germany,China,7.08
140,Germany,Netherlands,6.44
141,Germany,United Kingdom,7.32
142,Germany,Italy,6.72
143,Germany,United States,7.57
144,Greece,Germany,11.55
145,Greece,France,5.55
146,Greece,Bulgaria,6.47
147,Greece,China,5.03
148,Greece,United Kingdom,5.44
149,Greece,Russian Federation,5.64
150,Greece,Italy,10.74
151,Greece,Cyprus,6.48
152,"Serbia, FR(Serbia/Montenegro)",Germany,10.62
153,"Serbia, FR(Serbia/Montenegro)",Montenegro,10.77
154,"Serbia, FR(Serbia/Montenegro)",Bosnia and Herzegovina,11.81
155,"Serbia, FR(Serbia/Montenegro)",China,7.36
156,"Serbia, FR(Serbia/Montenegro)",Russian Federation,5.11
157,"Serbia, FR(Serbia/Montenegro)",Italy,12.4
158,"Serbia, FR(Serbia/Montenegro)",Hungary,3.88
159,Italy,Germany,12.96
160,Italy,France,9.12
161,Italy,China,5.81
162,Italy,Netherlands,5.52
163,Italy,United Kingdom,5.82
164,Italy,Spain,4.34
165,Italy,United States,6.65
166,Andorra,Germany,13.28
167,Andorra,Norway,1.73
168,Andorra,Japan,2.69
169,Andorra,France,18.78
170,Andorra,Italy,3.16
171,Andorra,Spain,58.63
172,Norway,Germany,12.31
173,Norway,United Kingdom,26.23
174,Norway,Sweden,6.54
175,Norway,Denmark,6.39
176,Norway,China,6.03
177,Norway,France,8.02
178,Norway,Netherlands,10.28
179,Spain,Germany,10.75
180,Spain,United Kingdom,7.72
181,Spain,France,12.28
182,Spain,China,6.49
183,Spain,Italy,8.9
184,Spain,Portugal,8.65
185,Belgium,Germany,19.45
186,Belgium,United Kingdom,7.56
187,Belgium,France,11.11
188,Belgium,Netherlands,11.89
189,Belgium,United States,5.76
190,United Arab Emirates,Japan,6.36
191,United Arab Emirates,"Other Asia, nes",11.34
192,United Arab Emirates,India,6.02
193,United Arab Emirates,China,9.69
194,United Arab Emirates,"Iran, Islamic Rep.",4.23
195,United Arab Emirates,United States,6.63
196,"Other Asia, nes",Japan,20.95
197,"Other Asia, nes","Hong Kong, China",15.4
198,"Other Asia, nes",China,25.32
199,"Other Asia, nes","Korea, Rep.",6.91
200,"Other Asia, nes",Saudi Arabia,4.75
201,"Other Asia, nes",United States,13.03
202,"Other Asia, nes",Singapore,4.25
203,Argentina,Germany,4.77
204,Argentina,Chile,7.49
205,Argentina,China,9.26
206,Argentina,Brazil,18.8
207,Argentina,Spain,3.69
208,Argentina,United States,7.79
209,Chile,China,15.29
210,Chile,"Korea, Rep.",6.82
211,Chile,Brazil,9.53
212,Chile,Japan,10.94
213,Chile,Netherlands,5.9
214,Chile,Argentina,9.22
215,Chile,United States,12.62
216,Brazil,Germany,4.51
217,Brazil,China,6.74
218,Brazil,Argentina,9.02
219,Brazil,Netherlands,5.09
220,Brazil,United States,15.84
221,Brazil,Nigeria,4.16
222,Armenia,Germany,15.03
223,Armenia,France,4.86
224,Armenia,Kazakhstan,7.88
225,Armenia,China,6.3
226,Armenia,Russian Federation,17.73
227,Armenia,Georgia,6.16
228,Armenia,Netherlands,13.91
229,Armenia,Belgium,8.93
230,Armenia,Ukraine,8.24
231,Kazakhstan,Germany,7.91
232,Kazakhstan,China,11.8
233,Kazakhstan,Switzerland,15.66
234,Kazakhstan,Russian Federation,9.76
235,Kazakhstan,France,8.34
236,Kazakhstan,Italy,16.28
237,Kazakhstan,United States,4.97
238,Kazakhstan,Ukraine,4.64
239,Russian Federation,Germany,5.28
240,Russian Federation,Japan,6.37
241,Russian Federation,Belarus,4.88
242,Russian Federation,China,12.22
243,Russian Federation,Italy,6.42
244,Russian Federation,Netherlands,11.88
245,Russian Federation,United States,4.71
246,Russian Federation,Ukraine,6.66
247,Georgia,Germany,7.41
248,Georgia,Armenia,8.99
249,Georgia,Azerbaijan,11.14
250,Georgia,Russian Federation,11.03
251,Georgia,Turkey,13.93
252,Georgia,United States,12.09
253,Georgia,Ukraine,9.01
254,Ukraine,Germany,3.34
255,Ukraine,Poland,3.32
256,Ukraine,Turkmenistan,7.77
257,Ukraine,China,5.46
258,Ukraine,Russian Federation,25.7
259,Ukraine,Italy,5.43
260,Ukraine,Turkey,7.39
261,Antigua and Barbuda,United Kingdom,4.19
262,Antigua and Barbuda,Japan,4.29
263,Antigua and Barbuda,Netherlands Antilles,4.15
264,Antigua and Barbuda,Dominica,6.1
265,Antigua and Barbuda,Trinidad and Tobago,3.9
266,Antigua and Barbuda,Barbados,8.24
267,Antigua and Barbuda,United States,23.57
268,Dominica,United Kingdom,14.08
269,Dominica,Japan,4.15
270,Dominica,Trinidad and Tobago,8.15
271,Dominica,Jamaica,20.02
272,Dominica,China,2.43
273,Dominica,France,9.69
274,Dominica,United States,35.69
275,Dominica,Antigua and Barbuda,15.47
276,Barbados,United Kingdom,9.1
277,Barbados,Japan,4.53
278,Barbados,Canada,4.42
279,Barbados,Trinidad and Tobago,27.77
280,Barbados,Jamaica,5.3
281,Barbados,St. Lucia,6.59
282,Barbados,United States,14.21
283,Australia,Germany,5.15
284,Australia,Japan,9.61
285,Australia,China,14.14
286,Australia,New Zealand,5.63
287,Australia,"Korea, Rep.",8.01
288,Australia,Singapore,5.55
289,Australia,United States,5.96
290,New Zealand,Japan,9.42
291,New Zealand,China,5.34
292,New Zealand,Singapore,5.13
293,New Zealand,Australia,20.59
294,New Zealand,United Kingdom,4.49
295,New Zealand,United States,11.53
296,"Korea, Rep.",Germany,3.79
297,"Korea, Rep.",Japan,15.76
298,"Korea, Rep.","Other Asia, nes",3.51
299,"Korea, Rep.","Hong Kong, China",5.02
300,"Korea, Rep.",China,22.07
301,"Korea, Rep.",Saudi Arabia,5.93
302,"Korea, Rep.",United States,12.35
303,Singapore,Japan,8.23
304,Singapore,"Hong Kong, China",10.43
305,Singapore,China,9.59
306,Singapore,Indonesia,9.82
307,Singapore,Malaysia,12.9
308,Singapore,"Other Asia, nes",5.87
309,Singapore,United States,8.84
310,Austria,Germany,30.14
311,Austria,Switzerland,4.38
312,Austria,China,4.01
313,Austria,France,3.59
314,Austria,Italy,8.93
315,Austria,United States,5.06
316,Switzerland,Germany,17.99
317,Switzerland,United Kingdom,4.65
318,Switzerland,India,6.28
319,Switzerland,France,9.28
320,Switzerland,Italy,8.86
321,Switzerland,United States,8.59
322,Azerbaijan,Germany,8.25
323,Azerbaijan,United Kingdom,7.2
324,Azerbaijan,Indonesia,6.44
325,Azerbaijan,Russian Federation,8.7
326,Azerbaijan,Italy,15.53
327,Azerbaijan,Turkey,17.44
328,Azerbaijan,"Iran, Islamic Rep.",7.18
329,Azerbaijan,Ukraine,8.15
330,Indonesia,Japan,8.76
331,Indonesia,China,8.48
332,Indonesia,"Korea, Rep.",6.65
333,Indonesia,Singapore,13.21
334,Indonesia,Malaysia,8.61
335,Indonesia,United States,10.21
336,Burundi,Kenya,7.19
337,Burundi,Japan,6.96
338,Burundi,Rwanda,6.65
339,Burundi,Switzerland,10.91
340,Burundi,United Arab Emirates,34.2
341,Burundi,Uganda,10.74
342,Burundi,Saudi Arabia,27.44
343,Burundi,Belgium,11.26
344,Burundi,"Congo, Dem. Rep.",9.4
345,Kenya,Japan,6.8
346,Kenya,United Arab Emirates,14.78
347,Kenya,Uganda,12.22
348,Kenya,Tanzania,8.13
349,Kenya,India,9.4
350,Kenya,China,7.55
351,Kenya,United Kingdom,10.48
352,Kenya,Netherlands,7.98
353,Kenya,United States,7.0
354,Rwanda,Kenya,18.69
355,Rwanda,United Arab Emirates,8.49
356,Rwanda,"Hong Kong, China",12.54
357,Rwanda,Switzerland,7.26
358,Rwanda,China,6.86
359,Rwanda,Uganda,16.99
360,Rwanda,United Kingdom,18.75
361,Rwanda,Belgium,6.86
362,Uganda,Kenya,8.84
363,Uganda,Japan,6.67
364,Uganda,United Arab Emirates,13.31
365,Uganda,Switzerland,6.48
366,Uganda,India,9.88
367,Uganda,China,7.85
368,Uganda,Fm Sudan,11.75
369,Uganda,"Congo, Dem. Rep.",7.48
370,Saudi Arabia,Germany,8.99
371,Saudi Arabia,Japan,8.92
372,Saudi Arabia,"Other Asia, nes",51.17
373,Saudi Arabia,China,0.72
374,Saudi Arabia,United Arab Emirates,1.9
375,Saudi Arabia,Kuwait,0.63
376,Saudi Arabia,Italy,4.57
377,Saudi Arabia,United States,13.59
378,Benin,United Kingdom,5.46
379,Benin,Thailand,7.21
380,Benin,Nigeria,13.87
381,Benin,Cote d'Ivoire,4.25
382,Benin,China,23.97
383,Benin,India,11.7
384,Benin,France,17.44
385,Benin,Togo,8.07
386,Benin,Niger,4.5
387,Thailand,Japan,20.89
388,Thailand,United Arab Emirates,4.76
389,Thailand,"Hong Kong, China",5.67
390,Thailand,China,9.68
391,Thailand,Malaysia,6.04
392,Thailand,United States,12.61
393,Thailand,Singapore,6.24
394,Nigeria,Germany,4.88
395,Nigeria,United Kingdom,5.3
396,Nigeria,India,8.15
397,Nigeria,China,15.18
398,Nigeria,Brazil,6.41
399,Nigeria,United States,46.62
400,Nigeria,Belgium,12.24
401,Cote d'Ivoire,Thailand,2.78
402,Cote d'Ivoire,Nigeria,24.06
403,Cote d'Ivoire,France,21.72
404,Cote d'Ivoire,Burkina Faso,4.22
405,Cote d'Ivoire,China,6.56
406,Cote d'Ivoire,Venezuela,3.19
407,Cote d'Ivoire,Netherlands,9.14
408,Cote d'Ivoire,United States,6.78
409,Togo,India,9.77
410,Togo,France,19.19
411,Togo,Burkina Faso,9.74
412,Togo,China,15.76
413,Togo,Netherlands,11.1
414,Togo,Benin,10.89
415,Togo,United States,4.24
416,Togo,Belgium,3.75
417,Togo,Niger,12.71
418,Niger,Japan,4.81
419,Niger,Nigeria,6.57
420,Niger,Cote d'Ivoire,7.9
421,Niger,Switzerland,9.0
422,Niger,France,18.79
423,Niger,China,6.94
424,Niger,United States,9.06
425,Burkina Faso,Cote d'Ivoire,19.33
426,Burkina Faso,Switzerland,22.74
427,Burkina Faso,France,14.39
428,Burkina Faso,India,6.33
429,Burkina Faso,China,8.2
430,Burkina Faso,Ghana,7.68
431,Burkina Faso,United States,6.09
432,Burkina Faso,Belgium,9.59
433,Burkina Faso,Guinea,7.08
434,Ghana,United Kingdom,5.94
435,Ghana,Switzerland,5.95
436,Ghana,Burkina Faso,4.61
437,Ghana,China,11.07
438,Ghana,South Africa,37.13
439,Ghana,Netherlands,12.05
440,Ghana,United States,7.64
441,Ghana,Belgium,5.92
442,Ghana,Nigeria,6.9
443,Guinea,France,8.5
444,Guinea,China,5.83
445,Guinea,Netherlands,13.64
446,Guinea,Russian Federation,9.32
447,Guinea,Spain,15.47
448,Guinea,Ireland,18.52
449,Guinea,United States,13.74
450,Guinea,Belgium,15.41
451,Bangladesh,Japan,5.07
452,Bangladesh,Germany,15.24
453,Bangladesh,India,13.24
454,Bangladesh,China,15.61
455,Bangladesh,Kuwait,7.19
456,Bangladesh,United Kingdom,9.54
457,Bangladesh,France,6.51
458,Bangladesh,Italy,4.03
459,Bangladesh,United States,25.68
460,Bangladesh,Indonesia,5.09
461,Kuwait,Germany,7.46
462,Kuwait,Japan,8.53
463,Kuwait,India,0.62
464,Kuwait,Saudi Arabia,0.53
465,Kuwait,China,11.5
466,Kuwait,United Arab Emirates,0.83
467,Kuwait,Italy,6.04
468,Kuwait,United States,0.42
469,Bulgaria,Germany,10.13
470,Bulgaria,Greece,8.17
471,Bulgaria,China,5.22
472,Bulgaria,Russian Federation,17.1
473,Bulgaria,Italy,10.3
474,Bulgaria,Turkey,11.43
475,Bulgaria,Belgium,6.18
476,Bahrain,Japan,5.23
477,Bahrain,India,0.98
478,Bahrain,Saudi Arabia,5.32
479,Bahrain,China,4.17
480,Bahrain,United Arab Emirates,1.49
481,Bahrain,Australia,6.29
482,Bahrain,United States,2.71
483,"Bahamas, The",Japan,1.07
484,"Bahamas, The",Netherlands Antilles,2.82
485,"Bahamas, The",Canada,0.71
486,"Bahamas, The",Germany,2.39
487,"Bahamas, The",Venezuela,2.08
488,"Bahamas, The",France,4.93
489,"Bahamas, The",Netherlands,5.63
490,"Bahamas, The",United States,71.63
491,Bosnia and Herzegovina,Germany,12.84
492,Bosnia and Herzegovina,Croatia,17.62
493,Bosnia and Herzegovina,Slovenia,6.36
494,Bosnia and Herzegovina,"Serbia, FR(Serbia/Montenegro)",13.73
495,Bosnia and Herzegovina,Italy,13.12
496,Croatia,Germany,10.01
497,Croatia,Bosnia and Herzegovina,14.42
498,Croatia,Slovenia,5.94
499,Croatia,China,6.21
500,Croatia,Russian Federation,10.14
501,Croatia,Italy,19.09
502,Croatia,Austria,6.11
503,Slovenia,Germany,18.85
504,Slovenia,Croatia,3.95
505,Slovenia,France,5.6
506,Slovenia,Italy,13.24
507,Slovenia,Austria,8.34
508,Belarus,Germany,7.57
509,Belarus,Poland,5.05
510,Belarus,China,2.84
511,Belarus,United Kingdom,6.3
512,Belarus,Russian Federation,36.57
513,Belarus,Netherlands,17.62
514,Belarus,Ukraine,5.35
515,Poland,Germany,25.87
516,Poland,Czech Republic,5.54
517,Poland,France,5.1
518,Poland,China,7.16
519,Poland,United Kingdom,5.94
520,Poland,Russian Federation,8.74
521,Poland,Italy,6.59
522,Belize,Panama,14.28
523,Belize,Mexico,9.62
524,Belize,Costa Rica,11.83
525,Belize,United Kingdom,18.0
526,Belize,Guatemala,6.88
527,Belize,Netherlands,7.76
528,Belize,United States,26.79
529,Belize,Cuba,11.41
530,Mexico,Germany,1.51
531,Mexico,Japan,5.8
532,Mexico,"Korea, Rep.",4.47
533,Mexico,China,10.55
534,Mexico,Colombia,1.08
535,Mexico,Spain,1.36
536,Mexico,United States,82.18
537,Mexico,Canada,2.38
538,Costa Rica,Japan,5.73
539,Costa Rica,"Hong Kong, China",6.3
540,Costa Rica,China,9.35
541,Costa Rica,Guatemala,3.75
542,Costa Rica,Mexico,5.76
543,Costa Rica,Venezuela,4.88
544,Costa Rica,Netherlands,5.2
545,Costa Rica,United States,36.62
546,Guatemala,Netherlands Antilles,3.31
547,Guatemala,Mexico,6.72
548,Guatemala,El Salvador,4.58
549,Guatemala,China,5.74
550,Guatemala,Nicaragua,3.87
551,Guatemala,Honduras,8.6
552,Guatemala,United States,42.54
553,Bermuda,United Kingdom,3.25
554,Bermuda,Canada,7.3
555,Bermuda,France,1.3
556,Bermuda,Venezuela,7.15
557,Bermuda,United States,72.23
558,Bolivia,Japan,10.02
559,Bolivia,Brazil,35.83
560,Bolivia,China,8.7
561,Bolivia,Argentina,8.87
562,Bolivia,United States,8.82
563,Bolivia,Venezuela,4.95
564,Jamaica,Japan,3.38
565,Jamaica,Trinidad and Tobago,15.7
566,Jamaica,Brazil,4.52
567,Jamaica,Venezuela,8.97
568,Jamaica,United Kingdom,9.71
569,Jamaica,France,3.76
570,Jamaica,Netherlands,9.04
571,Jamaica,United States,37.22
572,Jamaica,Canada,14.99
573,St. Lucia,United Kingdom,25.79
574,St. Lucia,Japan,6.35
575,St. Lucia,Dominica,5.41
576,St. Lucia,Trinidad and Tobago,24.35
577,St. Lucia,Barbados,4.18
578,St. Lucia,United States,13.8
579,Brunei,Japan,8.47
580,Brunei,"Korea, Rep.",12.13
581,Brunei,Singapore,22.45
582,Brunei,China,7.51
583,Brunei,Australia,13.71
584,Brunei,Indonesia,24.16
585,Brunei,Malaysia,18.91
586,Brunei,United States,5.04
587,Malaysia,Japan,12.91
588,Malaysia,Thailand,4.89
589,Malaysia,China,8.78
590,Malaysia,Singapore,11.44
591,Malaysia,"Other Asia, nes",5.72
592,Malaysia,United States,15.65
593,Bhutan,Japan,1.86
594,Bhutan,Thailand,3.92
595,Bhutan,"Hong Kong, China",9.92
596,Bhutan,India,81.57
597,Bhutan,Singapore,4.74
598,Bhutan,Russian Federation,2.23
599,Bhutan,Indonesia,5.61
600,Bhutan,Bangladesh,1.69
601,"Hong Kong, China",Japan,10.09
602,"Hong Kong, China",China,48.26
603,"Hong Kong, China",Germany,2.98
604,"Hong Kong, China",Singapore,6.86
605,"Hong Kong, China",United Kingdom,3.01
606,"Hong Kong, China","Other Asia, nes",7.16
607,"Hong Kong, China",United States,13.54
608,Botswana,United Kingdom,65.02
609,Botswana,Norway,8.08
610,Botswana,South Africa,83.53
611,Botswana,China,1.94
612,Botswana,Zimbabwe,7.3
613,Botswana,Belgium,1.6
614,South Africa,Germany,7.97
615,South Africa,United Kingdom,7.66
616,South Africa,Japan,6.57
617,South Africa,China,6.51
618,South Africa,United States,11.76
619,Zimbabwe,Botswana,5.42
620,Zimbabwe,South Africa,43.81
621,Zimbabwe,Malawi,5.26
622,Zimbabwe,Switzerland,4.68
623,Zimbabwe,China,6.5
624,Zimbabwe,Kuwait,5.27
625,Zimbabwe,Netherlands,5.47
626,Zimbabwe,Mozambique,15.27
627,Central African Republic,China,11.13
628,Central African Republic,Switzerland,9.06
629,Central African Republic,France,24.64
630,Central African Republic,Free Zones,17.57
631,Central African Republic,Israel,13.91
632,Central African Republic,Cameroon,8.85
633,Central African Republic,Belgium,5.4
634,Israel,Germany,6.15
635,Israel,"Hong Kong, China",5.77
636,Israel,China,6.14
637,Israel,United Kingdom,3.58
638,Israel,United States,34.95
639,Israel,Belgium,7.87
640,Cameroon,France,22.18
641,Cameroon,Brazil,5.23
642,Cameroon,China,9.51
643,Cameroon,Italy,18.54
644,Cameroon,Spain,17.97
645,Cameroon,Netherlands,4.93
646,Cameroon,United States,5.28
647,Cameroon,Belgium,4.81
648,"Congo, Rep.",Gabon,5.97
649,"Congo, Rep.",South Africa,7.92
650,"Congo, Rep.","Other Asia, nes",8.82
651,"Congo, Rep.",China,42.97
652,"Congo, Rep.",Angola,5.28
653,"Congo, Rep.",France,12.08
654,"Congo, Rep.",Brazil,5.81
655,"Congo, Rep.",United States,11.02
656,"Congo, Rep.",Nigeria,12.11
657,Gabon,Thailand,3.15
658,Gabon,China,9.52
659,Gabon,France,36.01
660,Gabon,Netherlands,3.2
661,Gabon,Japan,5.54
662,Gabon,United States,53.42
663,Gabon,Belgium,13.12
664,Cook Islands,Japan,2.69
665,Cook Islands,Singapore,9.15
666,Cook Islands,China,1.91
667,Cook Islands,Australia,11.96
668,Cook Islands,New Zealand,66.39
669,Ecuador,Chile,4.77
670,Ecuador,Brazil,5.39
671,Ecuador,Peru,10.81
672,Ecuador,China,8.27
673,Ecuador,Colombia,4.71
674,Ecuador,Venezuela,9.72
675,Ecuador,United States,43.32
676,Comoros,United Arab Emirates,38.56
677,Comoros,India,1.22
678,Comoros,Germany,3.91
679,Comoros,France,10.8
680,Comoros,China,3.67
681,Comoros,Singapore,1.32
682,Comoros,Pakistan,4.01
683,Pakistan,United Arab Emirates,11.85
684,Pakistan,Germany,4.07
685,Pakistan,Afghanistan,4.7
686,Pakistan,China,12.78
687,Pakistan,Kuwait,5.68
688,Pakistan,United Kingdom,5.42
689,Pakistan,Saudi Arabia,12.31
690,Pakistan,United States,21.6
691,Cape Verde,Cote d'Ivoire,30.65
692,Cape Verde,France,9.61
693,Cape Verde,Brazil,6.21
694,Cape Verde,Netherlands,15.18
695,Cape Verde,Portugal,39.98
696,Cape Verde,Spain,4.61
697,Cyprus,Germany,6.15
698,Cyprus,Romania,2.88
699,Cyprus,United Kingdom,13.87
700,Cyprus,Greece,19.83
701,Cyprus,Israel,6.44
702,Cyprus,Bunkers,15.65
703,Cyprus,Italy,10.1
704,Romania,Germany,16.97
705,Romania,France,6.37
706,Romania,Russian Federation,6.27
707,Romania,Italy,17.03
708,Romania,Hungary,6.96
709,Romania,Turkey,6.97
710,Czech Republic,Germany,30.76
711,Czech Republic,Poland,5.91
712,Czech Republic,Slovak Republic,8.69
713,Czech Republic,China,7.87
714,Czech Republic,United Kingdom,5.03
715,Czech Republic,Russian Federation,4.81
716,Czech Republic,France,5.39
717,Slovak Republic,Germany,21.1
718,Slovak Republic,Czech Republic,10.9
719,Slovak Republic,China,5.14
720,Slovak Republic,Russian Federation,9.17
721,Slovak Republic,France,6.51
722,Slovak Republic,Italy,6.29
723,Slovak Republic,Hungary,6.29
724,Denmark,Germany,14.8
725,Denmark,United Kingdom,7.33
726,Denmark,Sweden,14.23
727,Denmark,Norway,5.85
728,Denmark,China,5.64
729,Denmark,Netherlands,6.69
730,Denmark,Special Categories,9.55
731,Sweden,Denmark,7.37
732,Sweden,Germany,10.45
733,Sweden,United Kingdom,7.16
734,Sweden,Norway,9.41
735,Sweden,Finland,6.21
736,Sweden,United States,7.59
737,Dominican Republic,China,3.78
738,Dominican Republic,Mexico,5.68
739,Dominican Republic,"Korea, Rep.",1.89
740,Dominican Republic,Venezuela,5.34
741,Dominican Republic,Haiti,7.66
742,Dominican Republic,Netherlands,6.08
743,Dominican Republic,Colombia,4.35
744,Dominican Republic,United States,66.13
745,Algeria,Germany,6.47
746,Algeria,France,16.7
747,Algeria,China,8.65
748,Algeria,Italy,13.24
749,Algeria,Spain,8.87
750,Algeria,Netherlands,7.53
751,Algeria,United States,30.07
752,Algeria,Canada,7.76
753,Peru,Ecuador,7.44
754,Peru,China,10.83
755,Peru,Switzerland,8.32
756,Peru,Brazil,9.23
757,Peru,Japan,7.76
758,Peru,Argentina,5.51
759,Peru,United States,19.89
760,Peru,Canada,6.55
761,"Egypt, Arab Rep.",Germany,6.58
762,"Egypt, Arab Rep.",India,11.27
763,"Egypt, Arab Rep.",China,6.04
764,"Egypt, Arab Rep.",Italy,9.8
765,"Egypt, Arab Rep.",Bunkers,5.99
766,"Egypt, Arab Rep.",Spain,6.42
767,"Egypt, Arab Rep.",Saudi Arabia,8.28
768,"Egypt, Arab Rep.",United States,9.51
769,Estonia,Germany,11.99
770,Estonia,Sweden,12.5
771,Estonia,Finland,16.63
772,Estonia,China,5.49
773,Estonia,Lithuania,5.56
774,Estonia,Latvia,10.8
775,Estonia,Russian Federation,11.75
776,Finland,Germany,10.92
777,Finland,United Kingdom,5.84
778,Finland,Sweden,10.72
779,Finland,China,7.45
780,Finland,Russian Federation,10.25
781,Finland,United States,6.39
782,Lithuania,Germany,10.47
783,Lithuania,Poland,6.26
784,Lithuania,Estonia,5.81
785,Lithuania,Netherlands,4.27
786,Lithuania,Latvia,5.48
787,Lithuania,Russian Federation,15.03
788,Latvia,Germany,8.74
789,Latvia,Sweden,7.75
790,Latvia,Poland,6.99
791,Latvia,Estonia,14.4
792,Latvia,Lithuania,15.81
793,Latvia,Russian Federation,9.56
794,Ethiopia(excludes Eritrea),Japan,7.37
795,Ethiopia(excludes Eritrea),China,7.48
796,Ethiopia(excludes Eritrea),Switzerland,7.66
797,Ethiopia(excludes Eritrea),India,7.39
798,Ethiopia(excludes Eritrea),Saudi Arabia,7.79
799,Ethiopia(excludes Eritrea),Italy,8.77
800,Ethiopia(excludes Eritrea),United States,11.91
801,European Union,Japan,5.38
802,European Union,China,5.61
803,European Union,Switzerland,7.37
804,European Union,Russian Federation,6.97
805,European Union,United States,20.28
806,Fiji,New Zealand,17.69
807,Fiji,Singapore,34.23
808,Fiji,China,3.3
809,Fiji,Australia,22.85
810,Fiji,United Kingdom,14.23
811,Fiji,United States,14.7
812,Faeroe Islands,Denmark,12.84
813,Faeroe Islands,Germany,7.61
814,Faeroe Islands,United Kingdom,23.9
815,Faeroe Islands,Norway,13.63
816,Faeroe Islands,France,7.38
817,Faeroe Islands,Spain,8.49
818,Faeroe Islands,Sweden,6.35
819,"Micronesia, Fed. Sts.",Japan,8.32
820,"Micronesia, Fed. Sts.",Singapore,8.52
821,"Micronesia, Fed. Sts.",Guam,14.12
822,"Micronesia, Fed. Sts.","Hong Kong, China",6.19
823,"Micronesia, Fed. Sts.",United States,17.47
824,"Micronesia, Fed. Sts.",Northern Mariana Islands,4.28
825,Ireland,Germany,7.47
826,Ireland,United Kingdom,16.85
827,Ireland,France,8.24
828,Ireland,China,7.25
829,Ireland,United States,17.78
830,Ireland,Belgium,14.13
831,"Gambia, The",Germany,8.16
832,"Gambia, The",United Kingdom,21.36
833,"Gambia, The",Denmark,14.31
834,"Gambia, The",Greece,7.45
835,"Gambia, The",China,10.54
836,"Gambia, The",France,24.93
837,"Gambia, The",Mauritania,8.26
838,"Gambia, The",Senegal,10.86
839,"Gambia, The",United States,13.41
840,Mauritania,Cote d'Ivoire,13.77
841,Mauritania,Germany,7.4
842,Mauritania,France,15.86
843,Mauritania,Brazil,6.01
844,Mauritania,China,5.88
845,Mauritania,Italy,7.3
846,Mauritania,Belgium,4.51
847,Senegal,Thailand,5.3
848,Senegal,India,6.72
849,Senegal,France,22.86
850,Senegal,China,5.68
851,Senegal,Netherlands,7.21
852,Senegal,Bunkers,5.55
853,Senegal,"Gambia, The",5.42
854,Senegal,Mali,24.0
855,Senegal,Nigeria,8.44
856,Grenada,United Kingdom,4.23
857,Grenada,Japan,4.91
858,Grenada,Dominica,7.36
859,Grenada,Trinidad and Tobago,27.83
860,Grenada,China,2.77
861,Grenada,St. Lucia,8.26
862,Grenada,France,14.29
863,Grenada,United States,17.25
864,Greenland,Denmark,84.69
865,Greenland,Norway,0.99
866,Greenland,Canada,0.85
867,Greenland,Iceland,1.53
868,Greenland,United Kingdom,1.19
869,Greenland,Sweden,19.85
870,Iceland,Germany,13.38
871,Iceland,Denmark,7.41
872,Iceland,Netherlands,21.27
873,Iceland,United Kingdom,13.22
874,Iceland,Sweden,10.03
875,Iceland,Ireland,7.56
876,Iceland,United States,7.45
877,El Salvador,Guatemala,13.74
878,El Salvador,Mexico,9.97
879,El Salvador,Brazil,3.58
880,El Salvador,Costa Rica,3.58
881,El Salvador,China,8.55
882,El Salvador,Nicaragua,5.57
883,El Salvador,Honduras,11.34
884,El Salvador,United States,50.56
885,Nicaragua,Mexico,13.13
886,Nicaragua,Costa Rica,8.58
887,Nicaragua,China,7.92
888,Nicaragua,Guatemala,6.13
889,Nicaragua,Honduras,9.33
890,Nicaragua,El Salvador,14.09
891,Nicaragua,United States,31.15
892,Nicaragua,Canada,5.81
893,Honduras,Guatemala,9.21
894,Honduras,Germany,7.78
895,Honduras,Mexico,4.43
896,Honduras,El Salvador,4.4
897,Honduras,United States,42.78
898,Honduras,Costa Rica,4.29
899,Hungary,Germany,28.36
900,Hungary,China,5.42
901,Hungary,United Kingdom,4.52
902,Hungary,Russian Federation,6.86
903,Hungary,France,4.74
904,Hungary,Italy,5.57
905,Hungary,Austria,6.11
906,Jordan,Germany,7.54
907,Jordan,India,8.26
908,Jordan,Iraq,12.71
909,Jordan,Saudi Arabia,7.21
910,Jordan,China,9.67
911,Jordan,"Egypt, Arab Rep.",4.37
912,Jordan,United States,21.77
913,Jordan,Free Zones,9.2
914,Tanzania,Japan,4.44
915,Tanzania,South Africa,10.06
916,Tanzania,United Arab Emirates,13.22
917,Tanzania,China,7.32
918,Tanzania,Switzerland,20.47
919,Tanzania,India,8.66
920,Tanzania,Kenya,5.77
921,Tanzania,Netherlands,4.87
922,Kyrgyz Republic,Kazakhstan,18.04
923,Kyrgyz Republic,Switzerland,19.94
924,Kyrgyz Republic,Uzbekistan,7.55
925,Kyrgyz Republic,Afghanistan,10.44
926,Kyrgyz Republic,China,14.71
927,Kyrgyz Republic,Russian Federation,20.69
928,Kyrgyz Republic,United States,3.96
929,Cambodia,Thailand,14.44
930,Cambodia,"Hong Kong, China",19.26
931,Cambodia,Germany,5.24
932,Cambodia,China,17.69
933,Cambodia,United Kingdom,4.18
934,Cambodia,"Other Asia, nes",10.78
935,Cambodia,United States,53.34
936,Cambodia,Canada,3.92
937,Cambodia,Vietnam,9.8
938,Vietnam,Japan,9.86
939,Vietnam,China,7.51
940,Vietnam,"Korea, Rep.",8.51
941,Vietnam,Singapore,12.13
942,Vietnam,Australia,7.83
943,Vietnam,"Other Asia, nes",11.07
944,Vietnam,United States,20.82
945,Kiribati,Japan,6.3
946,Kiribati,"Other Asia, nes",21.11
947,Kiribati,"Hong Kong, China",10.41
948,Kiribati,Fiji,35.1
949,Kiribati,China,4.33
950,Kiribati,Australia,33.54
951,Kiribati,New Zealand,5.87
952,Kiribati,Singapore,13.77
953,St. Kitts and Nevis,United Kingdom,2.28
954,St. Kitts and Nevis,Japan,3.72
955,St. Kitts and Nevis,Netherlands Antilles,1.59
956,St. Kitts and Nevis,Canada,3.02
957,St. Kitts and Nevis,Dominica,1.22
958,St. Kitts and Nevis,Trinidad and Tobago,10.78
959,St. Kitts and Nevis,United States,86.63
960,St. Kitts and Nevis,Antigua and Barbuda,1.78
961,Lebanon,Germany,6.35
962,Lebanon,Switzerland,10.94
963,Lebanon,France,7.48
964,Lebanon,Iraq,5.24
965,Lebanon,Syrian Arab Republic,7.45
966,Lebanon,Saudi Arabia,6.65
967,Lebanon,China,8.62
968,Lebanon,United Arab Emirates,8.66
969,Lebanon,Italy,8.96
970,Lebanon,United States,9.66
971,Syrian Arab Republic,Iraq,5.61
972,Syrian Arab Republic,Saudi Arabia,10.6
973,Syrian Arab Republic,China,8.02
974,Syrian Arab Republic,Russian Federation,9.84
975,Syrian Arab Republic,France,11.48
976,Syrian Arab Republic,Italy,23.67
977,Syrian Arab Republic,Turkey,5.24
978,Syrian Arab Republic,Ukraine,5.82
979,Libya,Japan,7.06
980,Libya,Germany,11.37
981,Libya,China,10.06
982,Libya,France,6.39
983,Libya,Italy,41.02
984,Libya,Spain,5.81
985,Libya,"Egypt, Arab Rep.",6.8
986,Libya,United States,6.99
987,Sri Lanka,India,6.73
988,Sri Lanka,Germany,5.72
989,Sri Lanka,Singapore,9.72
990,Sri Lanka,China,8.16
991,Sri Lanka,United Kingdom,13.28
992,Sri Lanka,"Iran, Islamic Rep.",6.59
993,Sri Lanka,"Hong Kong, China",6.36
994,Sri Lanka,United States,25.82
995,Sri Lanka,Belgium,5.31
996,Luxembourg,Germany,25.67
997,Luxembourg,France,11.65
998,Luxembourg,Netherlands,5.44
999,Luxembourg,Italy,5.35
1000,Luxembourg,Special Categories,4.17
1001,Luxembourg,Belgium,32.34
1002,Macao,Germany,6.8
1003,Macao,Japan,8.88
1004,Macao,"Hong Kong, China",9.87
1005,Macao,China,12.08
1006,Macao,United Kingdom,4.8
1007,Macao,United States,49.73
1008,Morocco,India,3.87
1009,Morocco,France,15.93
1010,Morocco,China,5.8
1011,Morocco,United Kingdom,5.09
1012,Morocco,Italy,5.16
1013,Morocco,Spain,11.13
1014,Morocco,United States,5.93
1015,Moldova,Germany,6.43
1016,Moldova,Romania,12.17
1017,Moldova,Russian Federation,17.35
1018,Moldova,Italy,10.45
1019,Moldova,Ukraine,18.62
1020,Madagascar,South Africa,5.38
1021,Madagascar,Germany,5.16
1022,Madagascar,France,10.6
1023,Madagascar,China,18.71
1024,Madagascar,Italy,3.89
1025,Madagascar,United States,17.72
1026,Madagascar,Bahrain,14.7
1027,Maldives,United Arab Emirates,19.13
1028,Maldives,Thailand,40.92
1029,Maldives,Sri Lanka,14.95
1030,Maldives,India,11.48
1031,Maldives,Singapore,22.53
1032,Maldives,Malaysia,8.52
1033,Maldives,Japan,4.56
1034,Maldives,United Kingdom,11.45
1035,Maldives,France,7.38
1036,North Macedonia,Germany,14.77
1037,North Macedonia,Greece,12.5
1038,North Macedonia,Bulgaria,7.18
1039,North Macedonia,"Serbia, FR(Serbia/Montenegro)",18.97
1040,North Macedonia,Russian Federation,12.09
1041,North Macedonia,Italy,10.3
1042,Mali,Cote d'Ivoire,12.68
1043,Mali,China,2.23
1044,Mali,Switzerland,4.55
1045,Mali,France,14.92
1046,Mali,Benin,4.46
1047,Mali,South Africa,67.05
1048,Mali,Senegal,19.78
1049,Malta,Germany,13.34
1050,Malta,United Kingdom,9.7
1051,Malta,France,11.74
1052,Malta,Italy,24.48
1053,Malta,United States,10.78
1054,Malta,Singapore,13.34
1055,Mongolia,Germany,3.34
1056,Mongolia,Japan,5.07
1057,Mongolia,China,74.2
1058,Mongolia,"Korea, Rep.",5.59
1059,Mongolia,Russian Federation,3.03
1060,Mongolia,Italy,2.96
1061,Mongolia,United States,3.42
1062,Mongolia,Canada,9.46
1063,Montenegro,Germany,10.39
1064,Montenegro,Switzerland,4.74
1065,Montenegro,Greece,13.29
1066,Montenegro,Slovenia,6.31
1067,Montenegro,China,4.85
1068,Montenegro,"Serbia, FR(Serbia/Montenegro)",22.46
1069,Montenegro,Italy,31.87
1070,Montenegro,Hungary,13.93
1071,Mozambique,South Africa,31.83
1072,Mozambique,China,1.83
1073,Mozambique,India,4.32
1074,Mozambique,Netherlands,14.68
1075,Mozambique,Portugal,3.4
1076,Mozambique,Zimbabwe,3.04
1077,Montserrat,United Kingdom,6.15
1078,Montserrat,Japan,4.52
1079,Montserrat,Netherlands Antilles,3.82
1080,Montserrat,Canada,1.45
1081,Montserrat,St. Kitts and Nevis,28.25
1082,Montserrat,Trinidad and Tobago,33.6
1083,Montserrat,Anguila,43.85
1084,Montserrat,United States,43.6
1085,Montserrat,Antigua and Barbuda,7.55
1086,Mauritius,Japan,3.57
1087,Mauritius,South Africa,7.35
1088,Mauritius,France,10.65
1089,Mauritius,India,21.17
1090,Mauritius,China,11.37
1091,Mauritius,Madagascar,5.56
1092,Mauritius,United Kingdom,31.19
1093,Mauritius,Bunkers,7.83
1094,Mauritius,United States,6.88
1095,Malawi,South Africa,28.45
1096,Malawi,United Arab Emirates,7.05
1097,Malawi,Mozambique,12.04
1098,Malawi,Tanzania,6.14
1099,Malawi,Germany,5.69
1100,Malawi,India,5.18
1101,Malawi,United Kingdom,6.58
1102,Malawi,Zimbabwe,15.44
1103,Malawi,Belgium,8.09
1104,Mayotte,Germany,3.37
1105,Mayotte,India,0.68
1106,Mayotte,France,44.92
1107,Mayotte,Seychelles,5.38
1108,Mayotte,"Korea, Rep.",0.67
1109,Mayotte,China,5.67
1110,Mayotte,Madagascar,3.41
1111,Mayotte,Comoros,17.96
1112,Mayotte,Bahrain,3.68
1113,Seychelles,Germany,9.92
1114,Seychelles,France,7.71
1115,Seychelles,Singapore,8.74
1116,Seychelles,Saudi Arabia,22.3
1117,Seychelles,United Arab Emirates,14.67
1118,Seychelles,United Kingdom,22.77
1119,Seychelles,Italy,6.68
1120,Seychelles,Spain,6.91
1121,Namibia,Germany,2.08
1122,Namibia,South Africa,78.07
1123,Namibia,Angola,6.46
1124,Namibia,France,2.83
1125,Namibia,China,2.52
1126,Namibia,United Kingdom,16.9
1127,Namibia,Italy,14.13
1128,Namibia,Spain,2.27
1129,New Caledonia,Germany,4.98
1130,New Caledonia,"Other Asia, nes",13.05
1131,New Caledonia,China,12.13
1132,New Caledonia,France,26.62
1133,New Caledonia,Singapore,13.62
1134,New Caledonia,Japan,24.1
1135,New Caledonia,Spain,8.53
1136,New Caledonia,Australia,10.75
1137,Oman,Germany,5.29
1138,Oman,Japan,15.73
1139,Oman,United Arab Emirates,11.58
1140,Oman,Thailand,10.42
1141,Oman,China,26.8
1142,Oman,India,6.49
1143,Oman,United States,5.76
1144,Philippines,Japan,12.45
1145,Philippines,"Hong Kong, China",11.5
1146,Philippines,China,11.39
1147,Philippines,Singapore,11.05
1148,Philippines,"Other Asia, nes",7.23
1149,Philippines,Netherlands,8.22
1150,Philippines,United States,17.04
1151,Palau,Japan,8.87
1152,Palau,Singapore,24.54
1153,Palau,Guam,11.23
1154,Palau,United States,31.31
1155,Palau,Philippines,6.04
1156,Paraguay,Chile,4.3
1157,Paraguay,Japan,4.4
1158,Paraguay,Germany,3.59
1159,Paraguay,Brazil,43.87
1160,Paraguay,China,27.67
1161,Paraguay,Argentina,18.57
1162,Paraguay,Russian Federation,3.0
1163,Paraguay,United States,5.13
1164,Occ.Pal.Terr,Germany,1.75
1165,Occ.Pal.Terr,Japan,3.14
1166,Occ.Pal.Terr,Jordan,5.42
1167,Occ.Pal.Terr,Israel,88.74
1168,Occ.Pal.Terr,China,4.38
1169,Occ.Pal.Terr,United Arab Emirates,0.47
1170,Occ.Pal.Terr,Turkey,2.5
1171,Occ.Pal.Terr,Netherlands,1.72
1172,Occ.Pal.Terr,United States,0.65
1173,French Polynesia,"Hong Kong, China",34.02
1174,French Polynesia,France,30.35
1175,French Polynesia,Singapore,11.46
1176,French Polynesia,China,7.96
1177,French Polynesia,United Arab Emirates,2.75
1178,French Polynesia,Japan,31.69
1179,French Polynesia,New Zealand,7.64
1180,French Polynesia,United States,7.44
1181,Qatar,Germany,7.76
1182,Qatar,Japan,10.08
1183,Qatar,United Arab Emirates,6.99
1184,Qatar,Thailand,4.58
1185,Qatar,India,6.36
1186,Qatar,"Korea, Rep.",17.46
1187,Qatar,Italy,10.38
1188,Qatar,United States,11.22
1189,Qatar,Singapore,11.31
1190,Fm Sudan,Japan,8.37
1191,Fm Sudan,United Arab Emirates,1.62
1192,Fm Sudan,China,89.66
1193,Fm Sudan,India,5.51
1194,Fm Sudan,Saudi Arabia,1.19
1195,Fm Sudan,Yemen,0.72
1196,Fm Sudan,Singapore,0.88
1197,Yemen,Japan,5.46
1198,Yemen,United Arab Emirates,11.35
1199,Yemen,Thailand,19.61
1200,Yemen,China,20.91
1201,Yemen,Switzerland,6.89
1202,Yemen,India,16.12
1203,Yemen,United States,7.64
1204,Solomon Islands,Japan,8.22
1205,Solomon Islands,Philippines,7.09
1206,Solomon Islands,Thailand,7.21
1207,Solomon Islands,China,46.54
1208,Solomon Islands,Papua New Guinea,5.72
1209,Solomon Islands,Singapore,27.12
1210,Solomon Islands,Malaysia,5.82
1211,Solomon Islands,"Korea, Dem. Rep.",6.08
1212,Solomon Islands,Australia,31.18
1213,Sao Tome and Principe,Gabon,0.98
1214,Sao Tome and Principe,Angola,34.05
1215,Sao Tome and Principe,Netherlands,7.62
1216,Sao Tome and Principe,France,10.14
1217,Sao Tome and Principe,Portugal,68.95
1218,Sao Tome and Principe,Belgium,2.01
1219,Suriname,Guyana,3.12
1220,Suriname,Japan,4.14
1221,Suriname,Switzerland,10.19
1222,Suriname,Trinidad and Tobago,20.37
1223,Suriname,China,6.26
1224,Suriname,Netherlands,22.8
1225,Suriname,Canada,11.54
1226,Suriname,United States,23.11
1227,Suriname,Belgium,12.37
1228,Eswatini,Japan,2.37
1229,Eswatini,South Africa,81.35
1230,Eswatini,China,4.0
1231,Eswatini,United Arab Emirates,0.5
1232,Eswatini,"Other Asia, nes",1.92
1233,Eswatini,Italy,13.79
1234,Eswatini,Namibia,2.8
1235,Eswatini,Mozambique,1.82
1236,Eswatini,United States,1.37
1237,Turks and Caicos Isl.,"Bahamas, The",0.06
1238,Turks and Caicos Isl.,Malaysia,0.02
1239,Turks and Caicos Isl.,Haiti,0.01
1240,Turks and Caicos Isl.,Anguila,0.39
1241,Turks and Caicos Isl.,United States,99.51
1242,Turks and Caicos Isl.,Dominican Republic,0.02
1243,Tonga,Fiji,9.08
1244,Tonga,New Zealand,33.77
1245,Tonga,Singapore,21.29
1246,Tonga,Australia,11.62
1247,Tonga,Japan,13.08
1248,Tonga,Samoa,4.33
1249,Tonga,United States,30.67
1250,Samoa,American Samoa,4.65
1251,Samoa,Fiji,9.19
1252,Samoa,New Zealand,30.7
1253,Samoa,Singapore,11.53
1254,Samoa,Australia,15.66
1255,Samoa,United States,2.6
1256,Samoa,Tokelau,1.41
1257,Tunisia,Germany,8.23
1258,Tunisia,France,21.37
1259,Tunisia,Libya,4.6
1260,Tunisia,Russian Federation,4.26
1261,Tunisia,Italy,23.28
1262,Tunisia,Spain,4.64
1263,Uruguay,Brazil,16.19
1264,Uruguay,China,9.6
1265,Uruguay,Argentina,9.87
1266,Uruguay,Venezuela,11.33
1267,Uruguay,Mexico,4.59
1268,Uruguay,United States,11.18
1269,Uruguay,Free Zones,6.13
1270,St. Vincent and the Grenadines,United Kingdom,19.75
1271,St. Vincent and the Grenadines,Trinidad and Tobago,14.72
1272,St. Vincent and the Grenadines,China,3.38
1273,St. Vincent and the Grenadines,Barbados,3.89
1274,St. Vincent and the Grenadines,St. Lucia,22.5
1275,St. Vincent and the Grenadines,United States,35.58
1276,St. Vincent and the Grenadines,Antigua and Barbuda,7.95
1277,Vanuatu,Philippines,13.91
1278,Vanuatu,Fiji,9.1
1279,Vanuatu,Singapore,12.43
1280,Vanuatu,China,6.62
1281,Vanuatu,New Caledonia,9.78
1282,Vanuatu,Japan,5.36
1283,Vanuatu,Australia,31.06
1284,Vanuatu,New Zealand,16.75
1285, World,Germany,7.08
1286, World,Japan,5.6
1287, World,China,5.95
1288, World,France,4.08
1289, World,United Kingdom,4.61
1290, World,United States,13.19
1291,Zambia,"Congo, Dem. Rep.",5.99
1292,Zambia,South Africa,45.54
1293,Zambia,United Arab Emirates,6.41
1294,Zambia,Thailand,5.8
1295,Zambia,Switzerland,41.91
1296,Zambia,India,4.28
1297,Zambia,China,6.24
1298,Zambia,"Egypt, Arab Rep.",4.92
