,source,target,2008
0,Aruba,United Kingdom,4.62
1,Aruba,Panama,21.78
2,Aruba,Netherlands Antilles,11.32
3,Aruba,Netherlands,11.39
4,Aruba,Colombia,18.98
5,Aruba,United States,13.14
6,Aruba,Venezuela,16.65
7,United Kingdom,Germany,11.19
8,United Kingdom,France,6.38
9,United Kingdom,China,8.25
10,United Kingdom,Netherlands,7.56
11,United Kingdom,Ireland,7.24
12,United Kingdom,United States,13.52
13,Panama,Japan,4.11
14,Panama,Costa Rica,5.09
15,Panama,China,15.41
16,Panama,Colombia,14.36
17,Panama,"Other Asia, nes",11.4
18,Panama,"Hong Kong, China",9.0
19,Panama,United States,10.94
20,Panama,Venezuela,22.71
21,Panama,Dominican Republic,4.75
22,Netherlands Antilles,Germany,2.7
23,Netherlands Antilles,Netherlands,34.16
24,Netherlands Antilles,Venezuela,3.59
25,Netherlands Antilles,Panama,3.61
26,Netherlands Antilles,United States,22.97
27,Netherlands Antilles,Aruba,10.2
28,Netherlands,Germany,24.46
29,Netherlands,United Kingdom,9.07
30,Netherlands,China,7.44
31,Netherlands,France,8.74
32,Netherlands,Italy,5.29
33,Netherlands,United States,8.07
34,Netherlands,Belgium,10.09
35,Colombia,Germany,3.93
36,Colombia,Switzerland,2.51
37,Colombia,Mexico,7.88
38,Colombia,Brazil,5.87
39,Colombia,Peru,2.27
40,Colombia,China,11.47
41,Colombia,United States,37.98
42,Colombia,Venezuela,16.19
43,Colombia,Ecuador,3.99
44,United States,Germany,4.21
45,United States,Japan,6.62
46,United States,Canada,15.66
47,United States,China,5.5
48,United States,Mexico,11.66
49,Venezuela,Netherlands Antilles,15.81
50,Venezuela,"Other Asia, nes",3.15
51,Venezuela,Mexico,4.64
52,Venezuela,Brazil,2.17
53,Venezuela,China,9.54
54,Venezuela,Colombia,14.55
55,Venezuela,United States,32.05
56,Afghanistan,Japan,12.18
57,Afghanistan,India,24.44
58,Afghanistan,China,14.25
59,Afghanistan,United Arab Emirates,3.48
60,Afghanistan,Pakistan,48.94
61,Afghanistan,Uzbekistan,16.58
62,Afghanistan,Russian Federation,6.8
63,Afghanistan,"Iran, Islamic Rep.",3.37
64,Japan,United Arab Emirates,6.17
65,Japan,"Other Asia, nes",5.9
66,Japan,"Hong Kong, China",5.16
67,Japan,China,15.98
68,Japan,"Korea, Rep.",7.61
69,Japan,Saudi Arabia,6.7
70,Japan,Australia,6.23
71,Japan,United States,17.75
72,India,United Arab Emirates,10.5
73,India,"Hong Kong, China",3.72
74,India,China,5.55
75,India,Saudi Arabia,7.28
76,India,"Iran, Islamic Rep.",4.37
77,India,United States,11.77
78,India,Singapore,4.87
79,China,Japan,13.3
80,China,"Hong Kong, China",13.33
81,China,Germany,4.14
82,China,"Korea, Rep.",9.9
83,China,China,8.16
84,China,"Other Asia, nes",9.12
85,China,United States,17.67
86,United Arab Emirates,Japan,6.62
87,United Arab Emirates,"Other Asia, nes",21.62
88,United Arab Emirates,India,7.26
89,United Arab Emirates,China,9.89
90,United Arab Emirates,"Iran, Islamic Rep.",3.15
91,United Arab Emirates,United States,6.98
92,Pakistan,United Arab Emirates,9.91
93,Pakistan,Germany,4.34
94,Pakistan,Afghanistan,7.14
95,Pakistan,China,11.19
96,Pakistan,Kuwait,8.14
97,Pakistan,United Kingdom,4.93
98,Pakistan,Saudi Arabia,14.07
99,Pakistan,United States,18.02
100,Russian Federation,Germany,7.09
101,Russian Federation,Japan,6.96
102,Russian Federation,Belarus,5.06
103,Russian Federation,China,13.02
104,Russian Federation,Italy,8.96
105,Russian Federation,Netherlands,12.17
106,Russian Federation,Turkey,5.91
107,Russian Federation,United States,5.17
108,Russian Federation,Ukraine,6.08
109,Anguila,Guyana,38.26
110,Anguila,Netherlands Antilles,7.55
111,Anguila,Canada,2.1
112,Anguila,Trinidad and Tobago,14.47
113,Anguila,United Kingdom,1.85
114,Anguila,France,1.21
115,Anguila,United States,17.01
116,Guyana,Trinidad and Tobago,3.91
117,Guyana,Suriname,6.02
118,Guyana,Jamaica,5.34
119,Guyana,China,5.66
120,Guyana,Venezuela,12.44
121,Guyana,United Kingdom,16.91
122,Guyana,United States,13.99
123,Guyana,Canada,25.94
124,Canada,Germany,2.93
125,Canada,Japan,3.52
126,Canada,China,2.17
127,Canada,Mexico,1.21
128,Canada,United Kingdom,2.69
129,Canada,United States,77.65
130,Trinidad and Tobago,Gabon,6.11
131,Trinidad and Tobago,Brazil,11.75
132,Trinidad and Tobago,Jamaica,6.7
133,Trinidad and Tobago,Russian Federation,5.09
134,Trinidad and Tobago,Mexico,3.17
135,Trinidad and Tobago,Spain,6.24
136,Trinidad and Tobago,Netherlands,3.02
137,Trinidad and Tobago,Colombia,7.93
138,Trinidad and Tobago,United States,46.01
139,France,Germany,14.61
140,France,China,6.54
141,France,United Kingdom,7.86
142,France,Italy,8.81
143,France,Spain,6.52
144,France,Belgium,8.51
145,Albania,Germany,6.08
146,Albania,China,2.77
147,Albania,Greece,8.8
148,Albania,North Macedonia,2.86
149,Albania,"Serbia, FR(Serbia/Montenegro)",8.35
150,Albania,Italy,61.82
151,Albania,Turkey,5.97
152,Germany,France,7.81
153,Germany,China,7.6
154,Germany,Netherlands,6.4
155,Germany,United Kingdom,6.48
156,Germany,Italy,6.27
157,Germany,United States,7.26
158,Greece,Germany,9.68
159,Greece,France,5.15
160,Greece,Bulgaria,6.48
161,Greece,China,5.16
162,Greece,Russian Federation,7.53
163,Greece,Italy,10.25
164,Greece,United States,5.25
165,Greece,Cyprus,6.27
166,North Macedonia,Germany,14.15
167,North Macedonia,Greece,13.44
168,North Macedonia,Bulgaria,9.5
169,North Macedonia,"Serbia, FR(Serbia/Montenegro)",23.43
170,North Macedonia,Russian Federation,13.54
171,North Macedonia,Italy,8.05
172,"Serbia, FR(Serbia/Montenegro)",Germany,10.4
173,"Serbia, FR(Serbia/Montenegro)",Montenegro,11.73
174,"Serbia, FR(Serbia/Montenegro)",Bosnia and Herzegovina,12.2
175,"Serbia, FR(Serbia/Montenegro)",China,7.95
176,"Serbia, FR(Serbia/Montenegro)",Russian Federation,5.02
177,"Serbia, FR(Serbia/Montenegro)",Italy,10.28
178,"Serbia, FR(Serbia/Montenegro)",Hungary,3.55
179,Italy,Germany,12.77
180,Italy,France,8.6
181,Italy,China,6.18
182,Italy,Netherlands,5.37
183,Italy,United Kingdom,5.24
184,Italy,Spain,6.54
185,Italy,United States,6.24
186,Italy,Libya,4.56
187,Turkey,Germany,9.81
188,Turkey,China,7.75
189,Turkey,United Arab Emirates,6.04
190,Turkey,United Kingdom,6.18
191,Turkey,Russian Federation,15.53
192,Turkey,France,5.01
193,Turkey,Italy,5.92
194,Turkey,United States,5.93
195,Andorra,Germany,3.43
196,Andorra,Norway,2.63
197,Andorra,France,19.42
198,Andorra,China,3.22
199,Andorra,Italy,2.67
200,Andorra,Spain,58.1
201,Norway,Germany,12.43
202,Norway,United Kingdom,27.09
203,Norway,Sweden,6.29
204,Norway,Denmark,6.77
205,Norway,China,6.36
206,Norway,France,9.35
207,Norway,Netherlands,10.46
208,Spain,Germany,10.52
209,Spain,United Kingdom,7.07
210,Spain,France,11.11
211,Spain,China,7.23
212,Spain,Italy,8.02
213,Spain,Portugal,8.84
214,"Other Asia, nes",Japan,19.37
215,"Other Asia, nes","Hong Kong, China",12.78
216,"Other Asia, nes",China,26.1
217,"Other Asia, nes","Korea, Rep.",5.48
218,"Other Asia, nes",Saudi Arabia,6.29
219,"Other Asia, nes",United States,12.1
220,"Other Asia, nes",Singapore,4.57
221,Argentina,Germany,4.41
222,Argentina,Chile,6.73
223,Argentina,China,9.08
224,Argentina,Brazil,18.96
225,Argentina,Netherlands,4.23
226,Argentina,United States,7.71
227,Chile,China,13.17
228,Chile,"Korea, Rep.",5.21
229,Chile,Brazil,5.97
230,Chile,Japan,9.8
231,Chile,Netherlands,6.01
232,Chile,Argentina,8.07
233,Chile,United States,12.44
234,Brazil,Germany,4.52
235,Brazil,Japan,3.89
236,Brazil,China,8.44
237,Brazil,Argentina,8.99
238,Brazil,Netherlands,5.1
239,Brazil,United States,13.72
240,Armenia,Germany,17.4
241,Armenia,China,9.17
242,Armenia,Russian Federation,20.31
243,Armenia,Turkey,6.52
244,Armenia,Georgia,7.3
245,Armenia,Netherlands,12.41
246,Armenia,"Iran, Islamic Rep.",4.9
247,Armenia,Belgium,8.63
248,Armenia,Ukraine,7.56
249,Georgia,Germany,7.15
250,Georgia,Armenia,8.33
251,Georgia,Azerbaijan,13.7
252,Georgia,Russian Federation,7.01
253,Georgia,Turkey,17.56
254,Georgia,Canada,8.8
255,Georgia,Ukraine,10.81
256,Belgium,Germany,19.75
257,Belgium,United Kingdom,7.21
258,Belgium,France,11.14
259,Belgium,Netherlands,12.2
260,Belgium,United States,4.88
261,Ukraine,Germany,8.38
262,Ukraine,Poland,3.49
263,Ukraine,Turkmenistan,6.59
264,Ukraine,Belarus,3.14
265,Ukraine,China,6.55
266,Ukraine,Russian Federation,23.5
267,Ukraine,Italy,4.35
268,Ukraine,Turkey,6.92
269,Australia,Germany,4.99
270,Australia,Japan,9.0
271,Australia,China,14.57
272,Australia,India,6.09
273,Australia,"Korea, Rep.",8.29
274,Australia,Singapore,7.09
275,Australia,United States,5.45
276,"Korea, Rep.",Japan,14.0
277,"Korea, Rep.",United Arab Emirates,4.42
278,"Korea, Rep.","Hong Kong, China",4.69
279,"Korea, Rep.",China,21.66
280,"Korea, Rep.",Saudi Arabia,7.76
281,"Korea, Rep.",United States,11.02
282,"Korea, Rep.",Singapore,3.86
283,Singapore,Japan,8.18
284,Singapore,"Hong Kong, China",10.31
285,Singapore,China,9.11
286,Singapore,"Korea, Rep.",5.61
287,Singapore,Indonesia,10.78
288,Singapore,Malaysia,12.06
289,Singapore,United States,7.09
290,Austria,Germany,29.71
291,Austria,Switzerland,4.22
292,Austria,China,4.18
293,Austria,France,3.76
294,Austria,Italy,8.6
295,Austria,Czech Republic,3.56
296,Austria,United States,4.44
297,Switzerland,Germany,17.28
298,Switzerland,United Kingdom,6.41
299,Switzerland,France,7.94
300,Switzerland,Italy,7.97
301,Switzerland,United States,8.32
302,Czech Republic,Germany,30.71
303,Czech Republic,Poland,6.48
304,Czech Republic,Slovak Republic,9.2
305,Czech Republic,China,8.77
306,Czech Republic,United Kingdom,4.81
307,Czech Republic,Russian Federation,6.44
308,Czech Republic,France,5.4
309,Azerbaijan,Germany,8.36
310,Azerbaijan,India,5.09
311,Azerbaijan,China,6.68
312,Azerbaijan,Russian Federation,18.85
313,Azerbaijan,France,4.86
314,Azerbaijan,Italy,40.25
315,Azerbaijan,Turkey,11.27
316,Azerbaijan,Israel,7.55
317,Azerbaijan,United States,12.59
318,Azerbaijan,Ukraine,7.92
319,Israel,"Hong Kong, China",6.75
320,Israel,Switzerland,6.1
321,Israel,India,3.85
322,Israel,China,6.51
323,Israel,Netherlands,3.32
324,Israel,United States,32.56
325,Israel,Belgium,6.52
326,Burundi,Kenya,5.33
327,Burundi,Switzerland,15.33
328,Burundi,France,9.14
329,Burundi,China,7.35
330,Burundi,United Arab Emirates,43.55
331,Burundi,Uganda,9.6
332,Burundi,Belgium,17.33
333,Burundi,"Congo, Dem. Rep.",4.18
334,Kenya,Japan,5.84
335,Kenya,South Africa,6.09
336,Kenya,United Arab Emirates,14.88
337,Kenya,Uganda,12.29
338,Kenya,Tanzania,8.5
339,Kenya,India,11.77
340,Kenya,China,8.38
341,Kenya,United Kingdom,11.01
342,Kenya,Netherlands,7.6
343,Kenya,United States,5.99
344,Uganda,Kenya,9.55
345,Uganda,South Africa,6.74
346,Uganda,Rwanda,7.94
347,Uganda,United Arab Emirates,7.43
348,Uganda,Switzerland,9.03
349,Uganda,India,10.4
350,Uganda,China,8.08
351,Uganda,Fm Sudan,14.26
352,Benin,Thailand,5.97
353,Benin,Nigeria,20.98
354,Benin,China,16.64
355,Benin,India,9.12
356,Benin,France,16.82
357,Benin,Togo,7.03
358,Benin,Indonesia,5.84
359,Benin,Belgium,4.37
360,Thailand,Japan,18.71
361,Thailand,United Arab Emirates,6.25
362,Thailand,"Hong Kong, China",5.65
363,Thailand,China,9.09
364,Thailand,Malaysia,5.42
365,Thailand,United States,11.43
366,Thailand,Singapore,5.68
367,Nigeria,Germany,6.76
368,Nigeria,Belize,7.09
369,Nigeria,India,9.62
370,Nigeria,China,15.22
371,Nigeria,France,4.12
372,Nigeria,Brazil,6.49
373,Nigeria,Netherlands,4.03
374,Nigeria,United States,42.48
375,Nigeria,Belgium,5.65
376,Togo,South Africa,4.47
377,Togo,Nigeria,14.37
378,Togo,Cote d'Ivoire,10.96
379,Togo,France,11.91
380,Togo,Burkina Faso,14.24
381,Togo,China,10.61
382,Togo,Netherlands,14.52
383,Togo,Benin,10.3
384,Togo,Niger,8.11
385,Indonesia,Japan,11.71
386,Indonesia,China,8.49
387,Indonesia,"Korea, Rep.",6.65
388,Indonesia,Singapore,16.86
389,Indonesia,Malaysia,6.9
390,Indonesia,United States,9.55
391,Burkina Faso,Cote d'Ivoire,16.43
392,Burkina Faso,Switzerland,32.84
393,Burkina Faso,France,12.47
394,Burkina Faso,India,5.84
395,Burkina Faso,China,10.2
396,Burkina Faso,Mali,6.66
397,Burkina Faso,United States,6.02
398,Burkina Faso,Guinea,7.01
399,Burkina Faso,Singapore,9.0
400,Cote d'Ivoire,Thailand,4.52
401,Cote d'Ivoire,Nigeria,29.38
402,Cote d'Ivoire,Germany,7.11
403,Cote d'Ivoire,France,12.69
404,Cote d'Ivoire,China,6.88
405,Cote d'Ivoire,Venezuela,3.61
406,Cote d'Ivoire,Netherlands,11.27
407,Cote d'Ivoire,United States,9.68
408,Mali,Cote d'Ivoire,10.39
409,Mali,China,1.85
410,Mali,Switzerland,2.56
411,Mali,France,13.92
412,Mali,South Africa,72.47
413,Mali,Senegal,17.24
414,Mali,United States,6.63
415,Guinea,United Kingdom,7.86
416,Guinea,Switzerland,19.46
417,Guinea,France,10.1
418,Guinea,China,6.72
419,Guinea,Netherlands,20.57
420,Guinea,Russian Federation,10.58
421,Guinea,Spain,9.89
422,Guinea,Ireland,7.43
423,Guinea,Belgium,5.21
424,Bangladesh,Japan,5.02
425,Bangladesh,Germany,13.02
426,Bangladesh,India,12.98
427,Bangladesh,China,18.74
428,Bangladesh,Kuwait,5.09
429,Bangladesh,United Kingdom,8.59
430,Bangladesh,France,5.86
431,Bangladesh,Antarctica,9.5
432,Bangladesh,United States,23.28
433,Bangladesh,Indonesia,5.83
434,Kuwait,Germany,7.32
435,Kuwait,Japan,9.6
436,Kuwait,India,0.61
437,Kuwait,Saudi Arabia,0.49
438,Kuwait,China,11.69
439,Kuwait,United Arab Emirates,0.79
440,Kuwait,United States,0.54
441,Bulgaria,Germany,9.1
442,Bulgaria,Romania,7.25
443,Bulgaria,Greece,9.92
444,Bulgaria,China,5.31
445,Bulgaria,Russian Federation,17.66
446,Bulgaria,Italy,8.37
447,Bulgaria,Turkey,8.8
448,Romania,Germany,16.4
449,Romania,France,5.63
450,Romania,Russian Federation,5.88
451,Romania,Italy,15.52
452,Romania,Hungary,7.48
453,Romania,Turkey,6.59
454,Bahrain,Japan,5.52
455,Bahrain,Qatar,2.22
456,Bahrain,Saudi Arabia,11.0
457,Bahrain,China,6.03
458,Bahrain,United Arab Emirates,3.18
459,Bahrain,Australia,4.63
460,Bahrain,United States,2.37
461,Qatar,Germany,8.4
462,Qatar,Japan,9.64
463,Qatar,"Korea, Rep.",20.22
464,Qatar,China,7.21
465,Qatar,United Arab Emirates,5.0
466,Qatar,Italy,7.36
467,Qatar,United States,9.03
468,Qatar,Singapore,10.92
469,Saudi Arabia,Germany,7.51
470,Saudi Arabia,Japan,8.32
471,Saudi Arabia,"Other Asia, nes",53.15
472,Saudi Arabia,China,0.68
473,Saudi Arabia,Qatar,0.5
474,Saudi Arabia,"Korea, Rep.",4.52
475,Saudi Arabia,United Arab Emirates,1.47
476,Saudi Arabia,United States,13.79
477,"Bahamas, The",Japan,0.81
478,"Bahamas, The",Netherlands Antilles,2.03
479,"Bahamas, The",Germany,4.4
480,"Bahamas, The",Trinidad and Tobago,1.13
481,"Bahamas, The",Venezuela,5.21
482,"Bahamas, The",France,3.6
483,"Bahamas, The",Netherlands,3.04
484,"Bahamas, The",United States,69.91
485,"Bahamas, The",Canada,5.18
486,Bosnia and Herzegovina,Germany,13.55
487,Bosnia and Herzegovina,Croatia,17.06
488,Bosnia and Herzegovina,Slovenia,5.91
489,Bosnia and Herzegovina,"Serbia, FR(Serbia/Montenegro)",15.11
490,Bosnia and Herzegovina,Italy,12.56
491,Croatia,Germany,10.75
492,Croatia,Bosnia and Herzegovina,15.42
493,Croatia,Slovenia,5.57
494,Croatia,China,6.14
495,Croatia,Russian Federation,10.42
496,Croatia,Italy,19.08
497,Croatia,Austria,5.78
498,Slovenia,Germany,18.89
499,Slovenia,Croatia,8.57
500,Slovenia,France,5.27
501,Slovenia,China,4.29
502,Slovenia,Italy,12.09
503,Slovenia,Austria,8.31
504,Belarus,Germany,7.09
505,Belarus,Poland,5.52
506,Belarus,China,3.59
507,Belarus,Latvia,6.57
508,Belarus,Russian Federation,32.4
509,Belarus,Netherlands,16.6
510,Belarus,Ukraine,5.37
511,Poland,Germany,25.08
512,Poland,Czech Republic,5.7
513,Poland,France,4.73
514,Poland,China,7.98
515,Poland,United Kingdom,5.76
516,Poland,Russian Federation,9.76
517,Poland,Italy,5.98
518,Latvia,Germany,8.09
519,Latvia,Sweden,6.62
520,Latvia,Poland,7.18
521,Latvia,Estonia,14.04
522,Latvia,Lithuania,16.7
523,Latvia,Russian Federation,9.98
524,Belize,Netherlands Antilles,11.94
525,Belize,Mexico,9.38
526,Belize,Costa Rica,16.84
527,Belize,China,8.14
528,Belize,United Kingdom,19.63
529,Belize,Panama,8.9
530,Belize,Netherlands,2.99
531,Belize,United States,44.97
532,Belize,Trinidad and Tobago,2.65
533,Mexico,Germany,1.72
534,Mexico,Japan,5.28
535,Mexico,"Korea, Rep.",4.38
536,Mexico,China,11.24
537,Mexico,Brazil,1.16
538,Mexico,Spain,1.45
539,Mexico,United States,80.27
540,Mexico,Canada,2.43
541,Costa Rica,Japan,5.38
542,Costa Rica,"Hong Kong, China",4.01
543,Costa Rica,China,6.29
544,Costa Rica,Mexico,6.16
545,Costa Rica,Venezuela,4.53
546,Costa Rica,Nicaragua,4.1
547,Costa Rica,Netherlands,5.05
548,Costa Rica,United States,38.23
549,Bermuda,United Kingdom,3.47
550,Bermuda,Canada,6.67
551,Bermuda,France,1.24
552,Bermuda,Venezuela,6.5
553,Bermuda,United States,71.11
554,Bolivia,Japan,9.84
555,Bolivia,Brazil,43.21
556,Bolivia,"Korea, Rep.",11.52
557,Bolivia,Peru,4.15
558,Bolivia,China,8.73
559,Bolivia,Argentina,7.36
560,Bolivia,United States,7.16
561,Peru,Ecuador,5.93
562,Peru,China,11.94
563,Peru,Switzerland,10.9
564,Peru,Brazil,8.07
565,Peru,Japan,5.94
566,Peru,Argentina,5.28
567,Peru,United States,18.65
568,Peru,Canada,6.23
569,Barbados,United Kingdom,9.06
570,Barbados,Japan,3.62
571,Barbados,Trinidad and Tobago,9.47
572,Barbados,China,3.5
573,Barbados,St. Lucia,5.44
574,Barbados,Bunkers,19.65
575,Barbados,United States,21.04
576,St. Lucia,United Kingdom,15.13
577,St. Lucia,Japan,4.3
578,St. Lucia,St. Vincent and the Grenadines,2.97
579,St. Lucia,Trinidad and Tobago,23.24
580,St. Lucia,Barbados,3.53
581,St. Lucia,United States,34.04
582,Brunei,Japan,8.49
583,Brunei,India,3.2
584,Brunei,"Korea, Rep.",14.8
585,Brunei,Singapore,20.43
586,Brunei,China,6.91
587,Brunei,Australia,10.37
588,Brunei,Indonesia,19.99
589,Brunei,Malaysia,18.68
590,Brunei,United States,13.74
591,Malaysia,Japan,12.5
592,Malaysia,Thailand,4.77
593,Malaysia,China,9.57
594,Malaysia,Singapore,10.93
595,Malaysia,United States,12.49
596,Bhutan,Japan,4.69
597,Bhutan,Thailand,1.75
598,Bhutan,"Hong Kong, China",0.47
599,Bhutan,India,95.08
600,Bhutan,Singapore,3.91
601,Bhutan,China,3.6
602,Bhutan,Nepal,0.87
603,Bhutan,Bangladesh,2.8
604,"Hong Kong, China",Japan,9.97
605,"Hong Kong, China",China,48.24
606,"Hong Kong, China",Germany,3.28
607,"Hong Kong, China",Singapore,6.4
608,"Hong Kong, China",United Kingdom,2.9
609,"Hong Kong, China","Other Asia, nes",6.29
610,"Hong Kong, China",United States,12.48
611,Botswana,United Kingdom,55.54
612,Botswana,Norway,3.97
613,Botswana,South Africa,77.31
614,Botswana,China,4.77
615,Botswana,Israel,1.65
616,Botswana,Zimbabwe,4.43
617,Botswana,Belgium,1.87
618,South Africa,Germany,7.77
619,South Africa,Japan,5.57
620,South Africa,China,5.83
621,South Africa,United Kingdom,6.63
622,South Africa,Saudi Arabia,6.31
623,South Africa,United States,10.8
624,Zimbabwe,Botswana,11.83
625,Zimbabwe,South Africa,55.84
626,Zimbabwe,Mozambique,3.43
627,Zimbabwe,Malawi,7.69
628,Zimbabwe,China,6.1
629,Zimbabwe,United Kingdom,4.19
630,Zimbabwe,Netherlands,14.49
631,Zimbabwe,United States,4.45
632,Central African Republic,China,17.34
633,Central African Republic,Germany,10.99
634,Central African Republic,France,31.63
635,Central African Republic,Netherlands,5.29
636,Central African Republic,Israel,5.44
637,Central African Republic,Cameroon,13.2
638,Central African Republic,Belgium,4.27
639,Cameroon,Germany,4.55
640,Cameroon,China,7.53
641,Cameroon,France,19.45
642,Cameroon,Gabon,10.71
643,Cameroon,Netherlands,18.56
644,Cameroon,Italy,9.64
645,Cameroon,United States,6.31
646,Gabon,China,13.17
647,Gabon,India,6.41
648,Gabon,France,35.42
649,Gabon,Netherlands,3.63
650,Gabon,United States,51.92
651,Gabon,Belgium,13.74
652,"Congo, Rep.",Gabon,18.25
653,"Congo, Rep.","Other Asia, nes",6.35
654,"Congo, Rep.",Nigeria,3.43
655,"Congo, Rep.",China,38.97
656,"Congo, Rep.",France,10.24
657,"Congo, Rep.",Angola,7.54
658,"Congo, Rep.",Malta,6.03
659,"Congo, Rep.",Italy,6.47
660,"Congo, Rep.",United States,17.2
661,Malta,Germany,12.86
662,Malta,United Kingdom,8.0
663,Malta,France,8.02
664,Malta,Singapore,5.76
665,Malta,Italy,27.2
666,Malta,United States,8.89
667,Ecuador,Chile,8.02
668,Ecuador,Panama,4.67
669,Ecuador,Brazil,4.74
670,Ecuador,Peru,9.2
671,Ecuador,China,8.68
672,Ecuador,Colombia,4.27
673,Ecuador,Venezuela,13.4
674,Ecuador,United States,44.83
675,Comoros,United Arab Emirates,37.11
676,Comoros,Germany,6.9
677,Comoros,France,22.65
678,Comoros,India,4.7
679,Comoros,China,5.36
680,Comoros,Netherlands,4.53
681,Comoros,United States,4.3
682,Comoros,Singapore,12.65
683,Comoros,Pakistan,6.25
684,Cape Verde,Japan,3.43
685,Cape Verde,Brazil,5.93
686,Cape Verde,Netherlands,14.57
687,Cape Verde,Portugal,45.56
688,Cape Verde,Spain,6.87
689,Portugal,Germany,12.58
690,Portugal,Angola,5.81
691,Portugal,France,8.07
692,Portugal,Netherlands,4.68
693,Portugal,United Kingdom,5.43
694,Portugal,Spain,30.77
695,Portugal,Italy,5.37
696,Nicaragua,Mexico,7.35
697,Nicaragua,Venezuela,9.5
698,Nicaragua,Honduras,4.74
699,Nicaragua,El Salvador,7.68
700,Nicaragua,United States,40.53
701,Nicaragua,Costa Rica,6.79
702,Cyprus,Germany,5.32
703,Cyprus,United Kingdom,10.25
704,Cyprus,Greece,18.79
705,Cyprus,Israel,8.03
706,Cyprus,Lebanon,2.74
707,Cyprus,Bunkers,19.93
708,Cyprus,Italy,10.51
709,Lebanon,Germany,6.37
710,Lebanon,Switzerland,9.46
711,Lebanon,France,8.28
712,Lebanon,Iraq,7.73
713,Lebanon,Syrian Arab Republic,6.43
714,Lebanon,Saudi Arabia,6.0
715,Lebanon,China,8.62
716,Lebanon,United Arab Emirates,9.95
717,Lebanon,Italy,6.86
718,Lebanon,United States,11.46
719,Slovak Republic,Germany,20.2
720,Slovak Republic,Czech Republic,11.37
721,Slovak Republic,"Korea, Rep.",5.81
722,Slovak Republic,Poland,6.6
723,Slovak Republic,Russian Federation,10.67
724,Slovak Republic,France,6.79
725,Slovak Republic,Hungary,6.17
726,Dominica,United Kingdom,13.32
727,Dominica,Japan,4.3
728,Dominica,Canada,2.71
729,Dominica,Trinidad and Tobago,8.79
730,Dominica,Jamaica,16.29
731,Dominica,France,13.75
732,Dominica,United States,39.73
733,Dominica,Antigua and Barbuda,15.18
734,Jamaica,Trinidad and Tobago,17.45
735,Jamaica,Brazil,2.64
736,Jamaica,China,3.77
737,Jamaica,Venezuela,11.58
738,Jamaica,United Kingdom,9.24
739,Jamaica,France,5.56
740,Jamaica,Netherlands,7.86
741,Jamaica,United States,40.31
742,Jamaica,Canada,10.62
743,Denmark,Germany,15.08
744,Denmark,United Kingdom,7.72
745,Denmark,Sweden,13.75
746,Denmark,Norway,5.96
747,Denmark,China,5.94
748,Denmark,Netherlands,6.71
749,Denmark,Special Categories,9.73
750,Sweden,Denmark,7.39
751,Sweden,Germany,10.38
752,Sweden,United Kingdom,7.33
753,Sweden,Norway,9.5
754,Sweden,Netherlands,5.94
755,Sweden,United States,6.59
756,Dominican Republic,Mexico,5.12
757,Dominican Republic,China,8.82
758,Dominican Republic,Venezuela,7.21
759,Dominican Republic,Spain,2.59
760,Dominican Republic,Haiti,17.34
761,Dominican Republic,Netherlands,3.2
762,Dominican Republic,Colombia,4.49
763,Dominican Republic,United States,57.66
764,Dominican Republic,Belgium,2.44
765,Algeria,Germany,6.11
766,Algeria,France,16.48
767,Algeria,China,10.3
768,Algeria,Italy,15.5
769,Algeria,Spain,7.38
770,Algeria,Netherlands,7.71
771,Algeria,United States,23.9
772,"Egypt, Arab Rep.",Germany,6.11
773,"Egypt, Arab Rep.",India,6.32
774,"Egypt, Arab Rep.",China,8.26
775,"Egypt, Arab Rep.",Italy,10.32
776,"Egypt, Arab Rep.",Spain,5.67
777,"Egypt, Arab Rep.",Saudi Arabia,5.8
778,"Egypt, Arab Rep.",Netherlands,5.71
779,"Egypt, Arab Rep.",United States,11.05
780,Estonia,Germany,11.87
781,Estonia,Sweden,12.57
782,Estonia,Finland,16.73
783,Estonia,Lithuania,6.37
784,Estonia,Latvia,9.08
785,Estonia,Russian Federation,15.0
786,Estonia,United States,5.68
787,Finland,Germany,10.0
788,Finland,Sweden,10.05
789,Finland,China,6.96
790,Finland,Netherlands,4.14
791,Finland,United Kingdom,5.48
792,Finland,Russian Federation,11.62
793,Finland,United States,6.33
794,Lithuania,Germany,7.16
795,Lithuania,Poland,5.79
796,Lithuania,Estonia,5.72
797,Lithuania,Latvia,5.19
798,Lithuania,Russian Federation,15.99
799,Lithuania,Italy,3.54
800,Ethiopia(excludes Eritrea),United Arab Emirates,8.41
801,Ethiopia(excludes Eritrea),China,7.86
802,Ethiopia(excludes Eritrea),Switzerland,9.98
803,Ethiopia(excludes Eritrea),India,7.45
804,Ethiopia(excludes Eritrea),Saudi Arabia,9.55
805,Ethiopia(excludes Eritrea),Italy,7.17
806,Ethiopia(excludes Eritrea),United States,7.75
807,European Union,China,5.7
808,European Union,Switzerland,7.41
809,European Union,Norway,5.92
810,European Union,Russian Federation,7.64
811,European Union,United States,18.04
812,Fiji,Singapore,34.81
813,Fiji,China,4.25
814,Fiji,Australia,19.68
815,Fiji,United Kingdom,14.86
816,Fiji,New Zealand,13.26
817,Fiji,United States,12.2
818,New Zealand,Japan,8.15
819,New Zealand,China,5.91
820,New Zealand,Singapore,4.64
821,New Zealand,Australia,18.01
822,New Zealand,United Kingdom,3.9
823,New Zealand,United States,10.22
824,Faeroe Islands,Denmark,12.07
825,Faeroe Islands,Germany,7.65
826,Faeroe Islands,United Kingdom,20.22
827,Faeroe Islands,Norway,15.58
828,Faeroe Islands,France,7.98
829,Faeroe Islands,Spain,7.49
830,Faeroe Islands,Sweden,5.15
831,"Micronesia, Fed. Sts.",Japan,8.81
832,"Micronesia, Fed. Sts.",Marshall Islands,0.67
833,"Micronesia, Fed. Sts.","Korea, Rep.",4.1
834,"Micronesia, Fed. Sts.",Singapore,8.12
835,"Micronesia, Fed. Sts.",Guam,18.01
836,"Micronesia, Fed. Sts.",United States,1.9
837,"Micronesia, Fed. Sts.",Northern Mariana Islands,1.23
838,Ireland,Germany,7.22
839,Ireland,United Kingdom,16.43
840,Ireland,France,7.13
841,Ireland,China,6.58
842,Ireland,United States,19.65
843,Ireland,Belgium,13.84
844,Ghana,United Kingdom,3.69
845,Ghana,India,5.33
846,Ghana,China,11.71
847,Ghana,South Africa,44.0
848,Ghana,Netherlands,11.75
849,Ghana,Malaysia,3.16
850,Ghana,United States,7.66
851,Ghana,Belgium,5.02
852,Ghana,Nigeria,8.73
853,"Gambia, The",Germany,9.46
854,"Gambia, The",United Kingdom,13.0
855,"Gambia, The",India,20.61
856,"Gambia, The",China,12.07
857,"Gambia, The",Netherlands,12.97
858,"Gambia, The",Spain,9.56
859,"Gambia, The",Senegal,13.63
860,"Gambia, The",United States,11.71
861,Senegal,United Kingdom,4.48
862,Senegal,Thailand,6.83
863,Senegal,India,11.61
864,Senegal,France,17.18
865,Senegal,China,5.98
866,Senegal,Bunkers,18.02
867,Senegal,"Gambia, The",4.17
868,Senegal,Mali,23.29
869,Senegal,Nigeria,11.85
870,Grenada,United Kingdom,4.44
871,Grenada,Japan,3.57
872,Grenada,St. Kitts and Nevis,8.54
873,Grenada,Dominica,16.4
874,Grenada,Trinidad and Tobago,24.87
875,Grenada,Barbados,9.37
876,Grenada,Venezuela,7.01
877,Grenada,St. Lucia,11.19
878,Grenada,United States,16.32
879,St. Kitts and Nevis,United Kingdom,4.47
880,St. Kitts and Nevis,Japan,3.03
881,St. Kitts and Nevis,Netherlands Antilles,2.41
882,St. Kitts and Nevis,Canada,2.08
883,St. Kitts and Nevis,Trinidad and Tobago,11.54
884,St. Kitts and Nevis,Grenada,1.17
885,St. Kitts and Nevis,United States,84.71
886,St. Kitts and Nevis,Antigua and Barbuda,1.51
887,Greenland,Denmark,84.58
888,Greenland,Germany,2.27
889,Greenland,Norway,2.91
890,Greenland,United Kingdom,2.03
891,Greenland,Portugal,1.39
892,Greenland,Sweden,24.22
893,Greenland,Canada,6.07
894,Guatemala,Netherlands Antilles,3.17
895,Guatemala,Mexico,6.59
896,Guatemala,El Salvador,4.73
897,Guatemala,China,5.79
898,Guatemala,Nicaragua,4.23
899,Guatemala,Honduras,9.52
900,Guatemala,United States,39.4
901,El Salvador,Guatemala,13.58
902,El Salvador,Mexico,9.28
903,El Salvador,Brazil,3.77
904,El Salvador,Costa Rica,3.65
905,El Salvador,China,8.57
906,El Salvador,Nicaragua,5.51
907,El Salvador,Honduras,12.93
908,El Salvador,United States,48.35
909,Suriname,Guyana,6.08
910,Suriname,Japan,4.46
911,Suriname,Switzerland,9.11
912,Suriname,Trinidad and Tobago,20.58
913,Suriname,China,7.96
914,Suriname,Netherlands,19.96
915,Suriname,Canada,14.42
916,Suriname,United States,24.0
917,Suriname,Belgium,11.71
918,Hungary,Germany,26.72
919,Hungary,Romania,5.3
920,Hungary,Slovak Republic,4.72
921,Hungary,China,5.63
922,Hungary,Netherlands,4.52
923,Hungary,Russian Federation,9.34
924,Hungary,Italy,5.32
925,Hungary,Austria,6.17
926,Iceland,Germany,11.3
927,Iceland,Denmark,7.32
928,Iceland,Norway,11.2
929,Iceland,Japan,4.38
930,Iceland,United Kingdom,11.61
931,Iceland,Sweden,8.99
932,Iceland,Netherlands,34.37
933,Iceland,United States,5.59
934,Libya,Germany,8.23
935,Libya,"Korea, Rep.",6.63
936,Libya,China,11.1
937,Libya,France,9.88
938,Libya,Italy,44.63
939,Libya,Spain,5.56
940,Libya,United States,5.84
941,Jordan,Germany,5.99
942,Jordan,India,16.47
943,Jordan,Iraq,16.48
944,Jordan,Saudi Arabia,7.03
945,Jordan,China,10.37
946,Jordan,"Egypt, Arab Rep.",4.33
947,Jordan,United States,13.45
948,Jordan,Free Zones,8.49
949,Kazakhstan,Germany,6.8
950,Kazakhstan,China,10.79
951,Kazakhstan,Switzerland,15.85
952,Kazakhstan,Russian Federation,8.75
953,Kazakhstan,France,7.57
954,Kazakhstan,Italy,16.75
955,Kazakhstan,United States,5.11
956,Kazakhstan,Ukraine,5.57
957,Tanzania,South Africa,10.25
958,Tanzania,United Arab Emirates,12.1
959,Tanzania,China,8.66
960,Tanzania,India,5.54
961,Tanzania,Switzerland,20.18
962,Tanzania,Singapore,5.46
963,Tanzania,Kenya,8.1
964,Kyrgyz Republic,Germany,8.25
965,Kyrgyz Republic,Kazakhstan,11.38
966,Kyrgyz Republic,Switzerland,27.23
967,Kyrgyz Republic,Uzbekistan,14.35
968,Kyrgyz Republic,China,17.88
969,Kyrgyz Republic,Russian Federation,19.18
970,Kyrgyz Republic,France,6.69
971,Cambodia,Vietnam,10.68
972,Cambodia,Thailand,15.77
973,Cambodia,"Hong Kong, China",13.32
974,Cambodia,China,21.13
975,Cambodia,United Kingdom,3.58
976,Cambodia,"Other Asia, nes",8.28
977,Cambodia,United States,45.21
978,Cambodia,Canada,6.69
979,Vietnam,Japan,10.21
980,Vietnam,China,7.74
981,Vietnam,"Korea, Rep.",8.99
982,Vietnam,Singapore,11.62
983,Vietnam,Australia,6.94
984,Vietnam,"Other Asia, nes",10.36
985,Vietnam,United States,18.99
986,Kiribati,Japan,4.8
987,Kiribati,"Other Asia, nes",21.97
988,Kiribati,Philippines,11.59
989,Kiribati,"Hong Kong, China",23.57
990,Kiribati,Switzerland,3.98
991,Kiribati,Fiji,37.26
992,Kiribati,China,7.26
993,Kiribati,Australia,33.88
994,Philippines,Japan,11.79
995,Philippines,"Hong Kong, China",10.16
996,Philippines,China,11.14
997,Philippines,Singapore,10.29
998,Philippines,Saudi Arabia,8.53
999,Philippines,Netherlands,7.56
1000,Philippines,United States,16.74
1001,Syrian Arab Republic,Germany,11.41
1002,Syrian Arab Republic,Iraq,17.79
1003,Syrian Arab Republic,Saudi Arabia,7.15
1004,Syrian Arab Republic,China,10.93
1005,Syrian Arab Republic,Lebanon,9.29
1006,Syrian Arab Republic,Malta,7.97
1007,Syrian Arab Republic,Russian Federation,12.99
1008,Syrian Arab Republic,Italy,8.28
1009,Syrian Arab Republic,Ukraine,9.81
1010,St. Vincent and the Grenadines,United Kingdom,9.04
1011,St. Vincent and the Grenadines,Japan,2.77
1012,St. Vincent and the Grenadines,Trinidad and Tobago,17.44
1013,St. Vincent and the Grenadines,Barbados,10.7
1014,St. Vincent and the Grenadines,Grenada,18.24
1015,St. Vincent and the Grenadines,Venezuela,3.31
1016,St. Vincent and the Grenadines,St. Lucia,14.74
1017,St. Vincent and the Grenadines,United States,37.03
1018,Sri Lanka,India,5.11
1019,Sri Lanka,Singapore,11.73
1020,Sri Lanka,China,8.13
1021,Sri Lanka,United Kingdom,13.33
1022,Sri Lanka,Italy,5.44
1023,Sri Lanka,"Iran, Islamic Rep.",8.78
1024,Sri Lanka,"Hong Kong, China",5.09
1025,Sri Lanka,United States,23.07
1026,Sri Lanka,Belgium,5.01
1027,Lesotho,Germany,1.37
1028,Lesotho,United Kingdom,0.24
1029,Lesotho,Japan,1.82
1030,Lesotho,South Africa,95.22
1031,Lesotho,Madagascar,0.75
1032,Lesotho,Kenya,0.61
1033,Lesotho,United States,14.65
1034,Lesotho,Canada,0.45
1035,Madagascar,South Africa,6.07
1036,Madagascar,China,3.18
1037,Madagascar,Germany,6.58
1038,Madagascar,France,8.89
1039,Madagascar,United States,22.14
1040,Madagascar,Bahrain,7.83
1041,Luxembourg,Germany,26.72
1042,Luxembourg,France,13.59
1043,Luxembourg,Netherlands,5.94
1044,Luxembourg,Italy,4.81
1045,Luxembourg,Belgium,24.41
1046,Macao,Japan,8.43
1047,Macao,"Hong Kong, China",10.18
1048,Macao,China,11.11
1049,Macao,Germany,4.21
1050,Macao,France,5.23
1051,Macao,United Kingdom,2.49
1052,Macao,United States,50.51
1053,Morocco,India,6.75
1054,Morocco,France,15.02
1055,Morocco,China,5.69
1056,Morocco,Brazil,4.84
1057,Morocco,Italy,4.66
1058,Morocco,Spain,11.18
1059,Morocco,Saudi Arabia,6.69
1060,Moldova,Germany,7.44
1061,Moldova,Romania,12.06
1062,Moldova,Belarus,5.82
1063,Moldova,China,6.64
1064,Moldova,Russian Federation,19.71
1065,Moldova,Italy,10.5
1066,Moldova,Ukraine,17.13
1067,Maldives,United Arab Emirates,18.02
1068,Maldives,Thailand,48.99
1069,Maldives,Sri Lanka,9.52
1070,Maldives,India,10.42
1071,Maldives,Singapore,21.3
1072,Maldives,Malaysia,7.66
1073,Maldives,United Kingdom,7.63
1074,Maldives,France,8.75
1075,Maldives,Italy,8.31
1076,Montenegro,Germany,8.88
1077,Montenegro,Bosnia and Herzegovina,4.77
1078,Montenegro,Greece,12.79
1079,Montenegro,Slovenia,8.98
1080,Montenegro,China,4.9
1081,Montenegro,"Serbia, FR(Serbia/Montenegro)",27.91
1082,Montenegro,Italy,31.1
1083,Mozambique,South Africa,29.07
1084,Mozambique,China,1.94
1085,Mozambique,Netherlands,55.64
1086,Mozambique,Zimbabwe,3.07
1087,Mozambique,United States,4.0
1088,Mozambique,Bahrain,6.73
1089,Mauritania,China,7.8
1090,Mauritania,Switzerland,7.42
1091,Mauritania,Germany,8.21
1092,Mauritania,France,16.34
1093,Mauritania,Netherlands,7.66
1094,Mauritania,Russian Federation,11.23
1095,Mauritania,Belgium,6.09
1096,Montserrat,United Kingdom,2.92
1097,Montserrat,Japan,3.96
1098,Montserrat,Canada,1.95
1099,Montserrat,St. Kitts and Nevis,12.82
1100,Montserrat,Trinidad and Tobago,15.27
1101,Montserrat,Anguila,38.49
1102,Montserrat,United States,23.98
1103,Mauritius,Japan,4.06
1104,Mauritius,South Africa,8.08
1105,Mauritius,France,7.79
1106,Mauritius,India,23.91
1107,Mauritius,China,11.53
1108,Mauritius,Madagascar,5.14
1109,Mauritius,United Kingdom,29.54
1110,Mauritius,Bunkers,13.09
1111,Mauritius,United States,5.83
1112,Malawi,South Africa,27.59
1113,Malawi,Mozambique,13.72
1114,Malawi,Switzerland,5.75
1115,Malawi,Tanzania,6.41
1116,Malawi,India,5.64
1117,Malawi,United Kingdom,8.92
1118,Malawi,Netherlands,5.89
1119,Malawi,United States,5.72
1120,Malawi,Belgium,13.03
1121,Mayotte,Germany,4.76
1122,Mayotte,United Arab Emirates,5.48
1123,Mayotte,France,38.0
1124,Mayotte,China,4.86
1125,Mayotte,Madagascar,5.25
1126,Mayotte,Comoros,15.74
1127,Mayotte,Saudi Arabia,5.14
1128,Mayotte,Mauritius,4.7
1129,Namibia,United Kingdom,15.01
1130,Namibia,South Africa,67.82
1131,Namibia,Angola,8.58
1132,Namibia,India,3.46
1133,Namibia,China,3.27
1134,Namibia,Netherlands,3.45
1135,Namibia,United States,5.51
1136,Namibia,Canada,7.07
1137,New Caledonia,Germany,4.67
1138,New Caledonia,"Other Asia, nes",10.65
1139,New Caledonia,France,26.1
1140,New Caledonia,Singapore,16.94
1141,New Caledonia,China,6.05
1142,New Caledonia,Australia,10.02
1143,New Caledonia,Japan,16.98
1144,New Caledonia,Spain,7.1
1145,Niger,Nigeria,17.4
1146,Niger,Cote d'Ivoire,4.96
1147,Niger,France,12.65
1148,Niger,China,12.73
1149,Niger,Netherlands,7.32
1150,Niger,Japan,7.15
1151,Niger,United States,10.1
1152,Oman,Japan,15.57
1153,Oman,United Arab Emirates,10.95
1154,Oman,China,29.28
1155,Oman,India,4.55
1156,Oman,"Korea, Rep.",9.56
1157,Oman,United States,5.72
1158,Palau,Japan,9.05
1159,Palau,Singapore,19.98
1160,Palau,Guam,22.3
1161,Palau,"Other Asia, nes",4.53
1162,Palau,United States,29.76
1163,Paraguay,Chile,5.85
1164,Paraguay,Japan,4.94
1165,Paraguay,Switzerland,4.94
1166,Paraguay,Brazil,34.1
1167,Paraguay,China,27.3
1168,Paraguay,Argentina,20.75
1169,Paraguay,Russian Federation,5.13
1170,Paraguay,Venezuela,4.02
1171,Occ.Pal.Terr,Germany,1.78
1172,Occ.Pal.Terr,Jordan,6.11
1173,Occ.Pal.Terr,Israel,89.43
1174,Occ.Pal.Terr,Saudi Arabia,0.64
1175,Occ.Pal.Terr,China,3.49
1176,Occ.Pal.Terr,United Arab Emirates,0.66
1177,Occ.Pal.Terr,Turkey,1.9
1178,Occ.Pal.Terr,United States,0.64
1179,French Polynesia,"Hong Kong, China",41.41
1180,French Polynesia,France,30.14
1181,French Polynesia,Singapore,14.16
1182,French Polynesia,China,7.39
1183,French Polynesia,New Caledonia,2.85
1184,French Polynesia,Japan,14.16
1185,French Polynesia,New Zealand,6.19
1186,French Polynesia,United States,8.09
1187,Rwanda,Kenya,31.71
1188,Rwanda,United Arab Emirates,8.57
1189,Rwanda,"Hong Kong, China",6.5
1190,Rwanda,Eswatini,5.09
1191,Rwanda,China,8.89
1192,Rwanda,Uganda,16.48
1193,Rwanda,Belgium,6.07
1194,Rwanda,"Congo, Dem. Rep.",12.97
1195,Eswatini,Japan,0.52
1196,Eswatini,South Africa,92.49
1197,Eswatini,Saudi Arabia,2.64
1198,Eswatini,China,1.13
1199,Eswatini,"Other Asia, nes",1.58
1200,Eswatini,Portugal,3.95
1201,Eswatini,United States,7.16
1202,Eswatini,Mozambique,5.44
1203,Fm Sudan,Japan,5.75
1204,Fm Sudan,United Arab Emirates,1.9
1205,Fm Sudan,China,82.17
1206,Fm Sudan,India,9.64
1207,Fm Sudan,"Egypt, Arab Rep.",1.12
1208,Fm Sudan,Yemen,1.46
1209,Fm Sudan,Saudi Arabia,17.76
1210,Yemen,United Arab Emirates,7.57
1211,Yemen,Thailand,24.0
1212,Yemen,China,31.25
1213,Yemen,India,8.03
1214,Yemen,"Korea, Rep.",6.31
1215,Yemen,Kuwait,6.27
1216,Yemen,United States,7.29
1217,Solomon Islands,Philippines,12.0
1218,Solomon Islands,Thailand,12.88
1219,Solomon Islands,China,40.85
1220,Solomon Islands,Papua New Guinea,5.77
1221,Solomon Islands,Singapore,28.33
1222,Solomon Islands,Spain,7.7
1223,Solomon Islands,Australia,20.23
1224,Solomon Islands,United States,10.68
1225,Sao Tome and Principe,Gabon,2.95
1226,Sao Tome and Principe,Thailand,1.93
1227,Sao Tome and Principe,Angola,47.02
1228,Sao Tome and Principe,France,3.62
1229,Sao Tome and Principe,Portugal,61.29
1230,Sao Tome and Principe,Netherlands,14.91
1231,Sao Tome and Principe,Belgium,4.19
1232,Sao Tome and Principe,Nigeria,2.24
1233,Seychelles,Germany,6.43
1234,Seychelles,South Africa,6.61
1235,Seychelles,United Arab Emirates,12.65
1236,Seychelles,Singapore,8.97
1237,Seychelles,Saudi Arabia,36.9
1238,Seychelles,United Kingdom,18.45
1239,Seychelles,France,22.28
1240,Seychelles,Italy,6.59
1241,Turks and Caicos Isl.,Guyana,0.0
1242,Turks and Caicos Isl.,Belize,0.02
1243,Turks and Caicos Isl.,"Bahamas, The",0.06
1244,Turks and Caicos Isl.,United States,99.88
1245,Turks and Caicos Isl.,Dominican Republic,0.0
1246,Turks and Caicos Isl.,Bahrain,0.03
1247,Turks and Caicos Isl.,Trinidad and Tobago,0.05
1248,Tonga,Fiji,9.03
1249,Tonga,New Zealand,28.32
1250,Tonga,Singapore,25.72
1251,Tonga,Australia,10.79
1252,Tonga,Indonesia,6.86
1253,Tonga,Japan,12.59
1254,Tonga,United States,21.53
1255,Tunisia,Germany,6.93
1256,Tunisia,France,18.45
1257,Tunisia,United Kingdom,4.65
1258,Tunisia,Russian Federation,7.53
1259,Tunisia,Italy,20.66
1260,Tunisia,Spain,4.9
1261,Tunisia,Libya,4.36
1262,Tuvalu,Japan,16.34
1263,Tuvalu,Fiji,23.82
1264,Tuvalu,"Other Asia, nes",10.63
1265,Tuvalu,Australia,18.29
1266,Tuvalu,New Zealand,17.22
1267,Uruguay,Brazil,16.63
1268,Uruguay,China,10.01
1269,Uruguay,Argentina,8.52
1270,Uruguay,Venezuela,7.13
1271,Uruguay,Russian Federation,5.59
1272,Uruguay,Spain,4.04
1273,Uruguay,Free Zones,9.57
1274, World,Germany,7.01
1275, World,Japan,5.29
1276, World,China,5.75
1277, World,France,3.84
1278, World,United Kingdom,4.32
1279, World,United States,12.18
1280,Samoa,American Samoa,3.64
1281,Samoa,New Zealand,22.77
1282,Samoa,Singapore,7.35
1283,Samoa,China,7.43
1284,Samoa,Australia,25.65
1285,Samoa,Japan,0.64
1286,Samoa,United States,1.95
1287,Zambia,"Congo, Dem. Rep.",5.77
1288,Zambia,South Africa,42.63
1289,Zambia,China,5.69
1290,Zambia,Switzerland,49.84
1291,Zambia,India,3.8
1292,Zambia,"Egypt, Arab Rep.",7.85
1293,Zambia,Kuwait,10.19
