,source,target,2009
0,Aruba,United Kingdom,4.7
1,Aruba,Panama,24.16
2,Aruba,Netherlands Antilles,5.19
3,Aruba,Netherlands,15.47
4,Aruba,Colombia,17.54
5,Aruba,United States,9.49
6,Aruba,Venezuela,12.83
7,United Kingdom,Germany,10.97
8,United Kingdom,France,6.15
9,United Kingdom,China,9.44
10,United Kingdom,Netherlands,7.71
11,United Kingdom,Ireland,6.8
12,United Kingdom,United States,14.67
13,Panama,Costa Rica,4.22
14,Panama,Singapore,13.01
15,Panama,China,15.38
16,Panama,Japan,3.98
17,Panama,Colombia,12.16
18,Panama,"Other Asia, nes",6.24
19,Panama,"Hong Kong, China",6.27
20,Panama,United States,25.29
21,Panama,Venezuela,16.68
22,Netherlands,Germany,24.32
23,Netherlands,United Kingdom,8.37
24,Netherlands,China,8.01
25,Netherlands,France,8.89
26,Netherlands,Italy,5.18
27,Netherlands,United States,8.39
28,Netherlands,Belgium,10.02
29,Colombia,Switzerland,3.16
30,Colombia,Mexico,6.99
31,Colombia,France,4.6
32,Colombia,Brazil,6.53
33,Colombia,China,11.29
34,Colombia,Netherlands,4.09
35,Colombia,United States,39.95
36,Colombia,Venezuela,12.33
37,Colombia,Ecuador,3.83
38,United States,Germany,4.53
39,United States,Japan,6.14
40,United States,Canada,14.21
41,United States,China,6.58
42,United States,Mexico,12.21
43,United States,United Kingdom,4.33
44,Venezuela,"Other Asia, nes",4.55
45,Venezuela,China,0.54
46,Venezuela,Mexico,3.78
47,Venezuela,Brazil,8.78
48,Venezuela,Colombia,0.75
49,Venezuela,United States,0.87
50,Afghanistan,Japan,10.09
51,Afghanistan,India,18.84
52,Afghanistan,Kazakhstan,8.71
53,Afghanistan,China,10.79
54,Afghanistan,Pakistan,47.38
55,Afghanistan,Uzbekistan,26.25
56,Afghanistan,Russian Federation,6.36
57,Afghanistan,United States,4.29
58,Afghanistan,"Iran, Islamic Rep.",10.23
59,Japan,United Arab Emirates,4.11
60,Japan,"Other Asia, nes",6.27
61,Japan,"Hong Kong, China",5.49
62,Japan,China,18.9
63,Japan,"Korea, Rep.",8.14
64,Japan,Saudi Arabia,5.28
65,Japan,Australia,6.3
66,Japan,United States,16.41
67,India,United Arab Emirates,14.38
68,India,"Hong Kong, China",4.05
69,India,China,5.87
70,India,Saudi Arabia,5.44
71,India,Australia,4.51
72,India,United States,10.82
73,Kazakhstan,Germany,7.19
74,Kazakhstan,China,13.63
75,Kazakhstan,Switzerland,6.18
76,Kazakhstan,Russian Federation,8.21
77,Kazakhstan,France,7.83
78,Kazakhstan,Italy,15.48
79,Kazakhstan,Ukraine,7.5
80,China,Japan,13.02
81,China,"Hong Kong, China",13.83
82,China,Germany,4.15
83,China,"Korea, Rep.",10.2
84,China,China,8.59
85,China,"Other Asia, nes",8.52
86,China,United States,18.42
87,Pakistan,United Arab Emirates,8.76
88,Pakistan,China,5.68
89,Pakistan,Afghanistan,7.83
90,Pakistan,Kuwait,5.71
91,Pakistan,United Kingdom,5.37
92,Pakistan,Saudi Arabia,11.08
93,Pakistan,United States,18.35
94,Russian Federation,Germany,6.2
95,Russian Federation,China,5.52
96,Russian Federation,France,4.93
97,Russian Federation,Belarus,5.54
98,Russian Federation,Italy,8.3
99,Russian Federation,Netherlands,12.02
100,Russian Federation,United States,5.39
101,Russian Federation,Ukraine,5.34
102,Angola,South Africa,6.13
103,Angola,China,39.26
104,Angola,India,9.0
105,Angola,Brazil,6.64
106,Angola,France,7.46
107,Angola,Portugal,15.49
108,Angola,United States,18.97
109,Angola,Canada,5.72
110,South Africa,Germany,6.52
111,South Africa,Japan,4.85
112,South Africa,China,10.53
113,South Africa,United Kingdom,5.57
114,South Africa,Saudi Arabia,5.02
115,South Africa,United States,9.02
116,Brazil,Germany,4.07
117,Brazil,Japan,4.12
118,Brazil,China,13.83
119,Brazil,Argentina,8.42
120,Brazil,Netherlands,4.63
121,Brazil,United States,10.37
122,France,Germany,14.86
123,France,China,7.63
124,France,United Kingdom,7.27
125,France,Italy,8.45
126,France,Spain,8.02
127,France,United States,6.42
128,France,Belgium,8.27
129,Portugal,Germany,12.89
130,Portugal,Angola,7.06
131,Portugal,France,8.33
132,Portugal,Netherlands,5.35
133,Portugal,United Kingdom,5.59
134,Portugal,Spain,32.75
135,Portugal,Italy,5.81
136,Canada,Germany,2.96
137,Canada,Japan,3.38
138,Canada,China,3.11
139,Canada,Mexico,1.34
140,Canada,United Kingdom,3.36
141,Canada,United States,75.03
142,Albania,Germany,3.41
143,Albania,China,4.77
144,Albania,Greece,7.38
145,Albania,Slovak Republic,5.54
146,Albania,Italy,62.78
147,Albania,Turkey,6.43
148,Germany,France,7.99
149,Germany,China,8.54
150,Germany,Netherlands,6.49
151,Germany,United Kingdom,6.58
152,Germany,Italy,6.27
153,Germany,United States,6.78
154,Greece,Germany,10.03
155,Greece,France,5.36
156,Greece,Bulgaria,5.97
157,Greece,China,5.93
158,Greece,Russian Federation,5.92
159,Greece,Italy,10.09
160,Greece,United States,5.02
161,Greece,Cyprus,6.69
162,Slovak Republic,Germany,19.78
163,Slovak Republic,Czech Republic,11.26
164,Slovak Republic,"Korea, Rep.",6.78
165,Slovak Republic,Poland,7.02
166,Slovak Republic,Russian Federation,8.79
167,Slovak Republic,France,7.78
168,Slovak Republic,Hungary,6.89
169,Italy,Germany,12.66
170,Italy,France,8.85
171,Italy,China,6.5
172,Italy,Netherlands,5.68
173,Italy,United Kingdom,5.13
174,Italy,Spain,4.42
175,Italy,United States,5.86
176,Turkey,Germany,9.59
177,Turkey,Iraq,5.02
178,Turkey,China,8.99
179,Turkey,United Kingdom,5.81
180,Turkey,Russian Federation,13.8
181,Turkey,France,6.08
182,Turkey,Italy,5.77
183,Turkey,United States,6.09
184,Andorra,Germany,4.31
185,Andorra,Norway,3.93
186,Andorra,France,18.99
187,Andorra,China,3.42
188,Andorra,Italy,1.64
189,Andorra,Spain,59.14
190,Norway,Germany,12.54
191,Norway,Sweden,5.89
192,Norway,Denmark,6.74
193,Norway,China,7.76
194,Norway,United Kingdom,23.21
195,Norway,France,8.08
196,Norway,Netherlands,11.44
197,Norway,United States,5.96
198,Spain,Germany,11.07
199,Spain,United Kingdom,6.31
200,Spain,France,11.71
201,Spain,China,7.01
202,Spain,Italy,8.17
203,Spain,Portugal,9.2
204,United Arab Emirates,Germany,4.97
205,United Arab Emirates,"Other Asia, nes",27.23
206,United Arab Emirates,India,7.25
207,United Arab Emirates,Iraq,2.4
208,United Arab Emirates,China,7.93
209,United Arab Emirates,"Iran, Islamic Rep.",4.36
210,United Arab Emirates,United States,6.89
211,"Other Asia, nes",Japan,20.76
212,"Other Asia, nes","Hong Kong, China",14.46
213,"Other Asia, nes",China,26.62
214,"Other Asia, nes","Korea, Rep.",6.02
215,"Other Asia, nes",Saudi Arabia,4.96
216,"Other Asia, nes",United States,11.61
217,"Other Asia, nes",Singapore,4.22
218,Argentina,Germany,5.14
219,Argentina,Chile,7.88
220,Argentina,China,6.59
221,Argentina,Brazil,20.44
222,Argentina,Netherlands,4.3
223,Argentina,United States,6.61
224,Chile,China,23.42
225,Chile,"Korea, Rep.",5.24
226,Chile,Brazil,5.07
227,Chile,Japan,9.18
228,Chile,Argentina,10.88
229,Chile,United States,11.19
230,Armenia,Germany,16.78
231,Armenia,Bulgaria,8.77
232,Armenia,China,8.97
233,Armenia,Russian Federation,15.65
234,Armenia,Turkey,5.6
235,Armenia,Netherlands,7.63
236,Armenia,"Iran, Islamic Rep.",4.22
237,Armenia,United States,9.71
238,Armenia,Ukraine,6.38
239,Bulgaria,Germany,11.2
240,Bulgaria,Romania,8.55
241,Bulgaria,Greece,9.43
242,Bulgaria,Russian Federation,15.63
243,Bulgaria,Italy,9.26
244,Bulgaria,Turkey,7.29
245,Ukraine,Germany,8.48
246,Ukraine,Poland,4.78
247,Ukraine,Kazakhstan,3.57
248,Ukraine,China,3.61
249,Ukraine,Belarus,3.17
250,Ukraine,Russian Federation,21.4
251,Ukraine,Turkey,5.36
252,Antigua and Barbuda,United Kingdom,4.02
253,Antigua and Barbuda,Japan,3.43
254,Antigua and Barbuda,Netherlands Antilles,29.77
255,Antigua and Barbuda,St. Kitts and Nevis,29.59
256,Antigua and Barbuda,Trinidad and Tobago,3.18
257,Antigua and Barbuda,Suriname,7.44
258,Antigua and Barbuda,United States,5.17
259,Antigua and Barbuda,British Virgin Islands,6.49
260,St. Kitts and Nevis,United Kingdom,4.23
261,St. Kitts and Nevis,Japan,2.51
262,St. Kitts and Nevis,Netherlands Antilles,2.16
263,St. Kitts and Nevis,St. Vincent and the Grenadines,1.47
264,St. Kitts and Nevis,Trinidad and Tobago,7.66
265,St. Kitts and Nevis,St. Lucia,2.28
266,St. Kitts and Nevis,United States,81.03
267,St. Kitts and Nevis,Antigua and Barbuda,4.0
268,Trinidad and Tobago,Gabon,6.95
269,Trinidad and Tobago,Jamaica,5.22
270,Trinidad and Tobago,China,5.07
271,Trinidad and Tobago,Barbados,3.02
272,Trinidad and Tobago,United Kingdom,4.06
273,Trinidad and Tobago,Russian Federation,7.82
274,Trinidad and Tobago,Spain,5.07
275,Trinidad and Tobago,Colombia,9.92
276,Trinidad and Tobago,United States,54.37
277,Suriname,Japan,3.57
278,Suriname,Switzerland,11.16
279,Suriname,Trinidad and Tobago,19.89
280,Suriname,China,6.29
281,Suriname,United Arab Emirates,7.87
282,Suriname,Netherlands,18.83
283,Suriname,United States,6.9
284,Suriname,Canada,26.81
285,Suriname,Belgium,15.7
286,Australia,Japan,8.14
287,Australia,Thailand,5.62
288,Australia,China,21.7
289,Australia,India,7.38
290,Australia,"Korea, Rep.",7.98
291,Australia,Singapore,5.31
292,Australia,United States,4.85
293,Thailand,Japan,18.71
294,Thailand,United Arab Emirates,4.98
295,Thailand,"Hong Kong, China",6.22
296,Thailand,China,10.57
297,Thailand,Australia,5.63
298,Thailand,Malaysia,6.41
299,Thailand,United States,10.94
300,"Korea, Rep.",Japan,15.3
301,"Korea, Rep.","Hong Kong, China",5.41
302,"Korea, Rep.",China,23.85
303,"Korea, Rep.",Saudi Arabia,6.11
304,"Korea, Rep.",Australia,4.57
305,"Korea, Rep.",United States,10.4
306,"Korea, Rep.",Singapore,3.75
307,Singapore,Japan,7.64
308,Singapore,"Hong Kong, China",11.54
309,Singapore,China,9.71
310,Singapore,Indonesia,5.86
311,Singapore,Malaysia,11.51
312,Singapore,United States,6.53
313,Austria,Germany,31.05
314,Austria,Switzerland,5.04
315,Austria,China,4.57
316,Austria,France,3.97
317,Austria,Italy,8.24
318,Austria,Czech Republic,3.46
319,Austria,United States,4.28
320,Switzerland,Germany,17.15
321,Switzerland,United Kingdom,8.6
322,Switzerland,France,8.15
323,Switzerland,Italy,7.61
324,Switzerland,United States,8.67
325,Czech Republic,Germany,32.28
326,Czech Republic,Poland,5.83
327,Czech Republic,Slovak Republic,9.02
328,Czech Republic,China,10.06
329,Czech Republic,United Kingdom,4.94
330,Czech Republic,Russian Federation,5.15
331,Czech Republic,France,5.63
332,Azerbaijan,Germany,9.01
333,Azerbaijan,China,7.92
334,Azerbaijan,Russian Federation,5.07
335,Azerbaijan,France,9.03
336,Azerbaijan,Italy,25.79
337,Azerbaijan,Turkey,14.81
338,Azerbaijan,Israel,8.42
339,Azerbaijan,United States,11.89
340,Azerbaijan,Ukraine,8.36
341,Israel,Germany,7.1
342,Israel,"Hong Kong, China",6.0
343,Israel,Switzerland,6.95
344,Israel,India,3.78
345,Israel,China,7.43
346,Israel,United States,35.0
347,Israel,Belgium,4.95
348,Burundi,Kenya,6.44
349,Burundi,Tanzania,8.39
350,Burundi,Switzerland,18.3
351,Burundi,Germany,7.45
352,Burundi,India,5.64
353,Burundi,China,9.36
354,Burundi,United Arab Emirates,25.59
355,Burundi,Uganda,8.6
356,Burundi,Belgium,13.5
357,Kenya,South Africa,8.96
358,Kenya,United Arab Emirates,11.39
359,Kenya,Uganda,13.4
360,Kenya,Tanzania,8.72
361,Kenya,India,10.57
362,Kenya,China,9.46
363,Kenya,United Kingdom,11.16
364,Kenya,Netherlands,7.63
365,Kenya,United States,5.07
366,Tanzania,Japan,6.46
367,Tanzania,South Africa,10.51
368,Tanzania,United Arab Emirates,9.67
369,Tanzania,China,12.99
370,Tanzania,India,6.3
371,Tanzania,Switzerland,19.6
372,Tanzania,Kenya,6.47
373,Uganda,Kenya,11.1
374,Uganda,Japan,6.36
375,Uganda,Rwanda,8.63
376,Uganda,United Arab Emirates,9.81
377,Uganda,India,12.27
378,Uganda,China,8.93
379,Uganda,Fm Sudan,11.78
380,Uganda,"Congo, Dem. Rep.",9.99
381,Belgium,Germany,19.31
382,Belgium,France,11.53
383,Belgium,Ireland,6.07
384,Belgium,Netherlands,11.87
385,Belgium,United Kingdom,7.14
386,Belgium,United States,5.38
387,Ireland,Germany,7.02
388,Ireland,United Kingdom,14.21
389,Ireland,France,8.77
390,Ireland,China,5.38
391,Ireland,United States,21.8
392,Ireland,Belgium,16.57
393,Benin,Vietnam,3.13
394,Benin,Nigeria,39.91
395,Benin,China,18.5
396,Benin,India,8.23
397,Benin,Chad,5.38
398,Benin,France,17.54
399,Benin,Togo,10.9
400,Benin,Netherlands,5.01
401,Benin,Belgium,4.1
402,Vietnam,Japan,10.68
403,Vietnam,Thailand,6.45
404,Vietnam,China,9.46
405,Vietnam,Switzerland,4.38
406,Vietnam,"Korea, Rep.",9.97
407,Vietnam,Australia,4.18
408,Vietnam,"Other Asia, nes",8.94
409,Vietnam,United States,19.99
410,Nigeria,Equatorial Guinea,6.73
411,Nigeria,India,9.55
412,Nigeria,Albania,7.48
413,Nigeria,France,5.79
414,Nigeria,China,17.69
415,Nigeria,Brazil,7.98
416,Nigeria,United States,27.27
417,Nigeria,Belgium,4.8
418,Togo,Nigeria,9.1
419,Togo,Cote d'Ivoire,3.94
420,Togo,India,12.46
421,Togo,France,10.69
422,Togo,Burkina Faso,12.93
423,Togo,Finland,6.99
424,Togo,China,15.33
425,Togo,Netherlands,10.02
426,Togo,Ghana,16.69
427,Togo,Benin,12.22
428,Burkina Faso,Cote d'Ivoire,16.68
429,Burkina Faso,Switzerland,36.58
430,Burkina Faso,France,11.84
431,Burkina Faso,China,9.63
432,Burkina Faso,Netherlands,4.57
433,Burkina Faso,Mali,6.88
434,Burkina Faso,United States,6.38
435,Burkina Faso,Belgium,4.4
436,Burkina Faso,Singapore,5.29
437,Cote d'Ivoire,Thailand,5.12
438,Cote d'Ivoire,Nigeria,20.69
439,Cote d'Ivoire,Germany,7.19
440,Cote d'Ivoire,France,14.27
441,Cote d'Ivoire,China,7.22
442,Cote d'Ivoire,Netherlands,13.92
443,Cote d'Ivoire,United States,7.8
444,Bangladesh,Japan,5.42
445,Bangladesh,Germany,14.1
446,Bangladesh,India,10.12
447,Bangladesh,Singapore,6.58
448,Bangladesh,China,16.51
449,Bangladesh,United Kingdom,9.54
450,Bangladesh,France,6.56
451,Bangladesh,Netherlands,6.18
452,Bangladesh,United States,24.23
453,Bangladesh,Indonesia,5.55
454,Indonesia,Japan,10.17
455,Indonesia,China,9.87
456,Indonesia,"Korea, Rep.",6.99
457,Indonesia,Singapore,16.06
458,Indonesia,Malaysia,5.87
459,Indonesia,United States,9.35
460,Romania,Germany,18.75
461,Romania,France,6.18
462,Romania,China,4.87
463,Romania,Italy,15.47
464,Romania,Hungary,8.47
465,Romania,Turkey,4.94
466,Bahrain,Japan,4.84
467,Bahrain,India,2.62
468,Bahrain,Qatar,2.74
469,Bahrain,Saudi Arabia,11.61
470,Bahrain,China,6.82
471,Bahrain,United Arab Emirates,4.0
472,Bahrain,Australia,5.07
473,Saudi Arabia,Germany,8.14
474,Saudi Arabia,Japan,7.77
475,Saudi Arabia,"Other Asia, nes",55.97
476,Saudi Arabia,China,1.22
477,Saudi Arabia,Qatar,0.94
478,Saudi Arabia,"Korea, Rep.",4.54
479,Saudi Arabia,United Arab Emirates,2.44
480,Saudi Arabia,United States,14.56
481,"Bahamas, The",Netherlands Antilles,0.85
482,"Bahamas, The",Canada,0.52
483,"Bahamas, The",Trinidad and Tobago,1.64
484,"Bahamas, The",Venezuela,1.79
485,"Bahamas, The",United Kingdom,3.25
486,"Bahamas, The",France,4.04
487,"Bahamas, The",Netherlands,6.85
488,"Bahamas, The",United States,71.67
489,Bosnia and Herzegovina,Germany,14.67
490,Bosnia and Herzegovina,Croatia,15.01
491,Bosnia and Herzegovina,Slovenia,8.37
492,Bosnia and Herzegovina,"Serbia, FR(Serbia/Montenegro)",13.3
493,Bosnia and Herzegovina,Russian Federation,7.0
494,Bosnia and Herzegovina,Italy,12.7
495,Croatia,Germany,10.95
496,Croatia,Bosnia and Herzegovina,12.84
497,Croatia,Slovenia,5.72
498,Croatia,China,6.8
499,Croatia,Russian Federation,9.48
500,Croatia,Italy,19.0
501,Croatia,Austria,5.39
502,Slovenia,Germany,19.69
503,Slovenia,Croatia,7.72
504,Slovenia,France,5.47
505,Slovenia,China,4.99
506,Slovenia,Italy,11.6
507,Slovenia,Austria,8.26
508,"Serbia, FR(Serbia/Montenegro)",Germany,10.43
509,"Serbia, FR(Serbia/Montenegro)",Romania,5.78
510,"Serbia, FR(Serbia/Montenegro)",Montenegro,10.02
511,"Serbia, FR(Serbia/Montenegro)",Bosnia and Herzegovina,12.17
512,"Serbia, FR(Serbia/Montenegro)",China,7.07
513,"Serbia, FR(Serbia/Montenegro)",Russian Federation,12.28
514,"Serbia, FR(Serbia/Montenegro)",Italy,9.84
515,"Serbia, FR(Serbia/Montenegro)",Hungary,4.03
516,Belarus,Germany,4.63
517,Belarus,Poland,2.75
518,Belarus,China,3.78
519,Belarus,Latvia,7.77
520,Belarus,Russian Federation,31.54
521,Belarus,Netherlands,17.36
522,Belarus,Ukraine,4.52
523,Poland,Germany,26.11
524,Poland,Czech Republic,5.86
525,Poland,France,4.61
526,Poland,China,9.3
527,Poland,United Kingdom,6.42
528,Poland,Russian Federation,8.58
529,Poland,Italy,6.82
530,Latvia,Germany,8.72
531,Latvia,Sweden,6.09
532,Latvia,Poland,8.43
533,Latvia,Estonia,14.39
534,Latvia,Lithuania,16.39
535,Latvia,Russian Federation,8.78
536,Belize,Netherlands Antilles,7.89
537,Belize,Mexico,2.52
538,Belize,China,9.3
539,Belize,United Kingdom,29.39
540,Belize,Guatemala,8.21
541,Belize,Netherlands,2.35
542,Belize,United States,50.43
543,Belize,Trinidad and Tobago,2.47
544,Mexico,Germany,1.39
545,Mexico,Japan,4.86
546,Mexico,"Korea, Rep.",4.67
547,Mexico,China,13.88
548,Mexico,Colombia,1.08
549,Mexico,Spain,1.09
550,Mexico,United States,80.73
551,Mexico,Canada,3.59
552,Guatemala,Mexico,5.89
553,Guatemala,"Korea, Rep.",2.88
554,Guatemala,El Salvador,4.02
555,Guatemala,Costa Rica,3.94
556,Guatemala,China,8.99
557,Guatemala,Honduras,8.41
558,Guatemala,United States,40.97
559,Bermuda,Germany,1.33
560,Bermuda,United Kingdom,4.54
561,Bermuda,Canada,6.77
562,Bermuda,Venezuela,8.66
563,Bermuda,United States,68.63
564,Bolivia,Brazil,30.47
565,Bolivia,"Korea, Rep.",9.04
566,Bolivia,China,9.1
567,Bolivia,Japan,5.54
568,Bolivia,Argentina,8.32
569,Bolivia,Peru,7.05
570,Bolivia,United States,8.99
571,Peru,Ecuador,4.69
572,Peru,Chile,4.57
573,Peru,China,15.25
574,Peru,Switzerland,14.79
575,Peru,Brazil,7.7
576,Peru,Japan,5.15
577,Peru,United States,17.22
578,Peru,Canada,8.64
579,Barbados,United Kingdom,10.17
580,Barbados,Canada,3.8
581,Barbados,Trinidad and Tobago,9.98
582,Barbados,Jamaica,5.38
583,Barbados,China,4.05
584,Barbados,St. Lucia,7.82
585,Barbados,United States,27.89
586,Jamaica,Norway,3.86
587,Jamaica,Iceland,3.1
588,Jamaica,Trinidad and Tobago,10.81
589,Jamaica,Brazil,2.51
590,Jamaica,China,4.51
591,Jamaica,Venezuela,12.8
592,Jamaica,United Kingdom,9.85
593,Jamaica,United States,49.32
594,Jamaica,Canada,10.0
595,St. Lucia,United Kingdom,12.43
596,St. Lucia,Japan,2.65
597,St. Lucia,St. Vincent and the Grenadines,2.82
598,St. Lucia,Trinidad and Tobago,11.14
599,St. Lucia,Barbados,4.75
600,St. Lucia,United States,60.89
601,Brunei,Japan,8.94
602,Brunei,India,8.55
603,Brunei,"Korea, Rep.",11.56
604,Brunei,Singapore,25.6
605,Brunei,China,5.85
606,Brunei,Australia,7.3
607,Brunei,Indonesia,10.76
608,Brunei,Malaysia,19.39
609,Brunei,United States,13.0
610,Malaysia,Japan,12.49
611,Malaysia,Thailand,5.4
612,Malaysia,China,12.15
613,Malaysia,Singapore,11.02
614,Malaysia,United States,10.96
615,Bhutan,Japan,2.18
616,Bhutan,"Hong Kong, China",2.82
617,Bhutan,India,93.5
618,Bhutan,Singapore,2.9
619,Bhutan,China,1.9
620,Bhutan,Nepal,0.35
621,Bhutan,Sweden,1.8
622,Bhutan,United States,0.04
623,Bhutan,Bangladesh,3.16
624,"Hong Kong, China",Japan,8.82
625,"Hong Kong, China",China,49.87
626,"Hong Kong, China",Germany,3.11
627,"Hong Kong, China",Singapore,6.45
628,"Hong Kong, China",United Kingdom,3.85
629,"Hong Kong, China","Other Asia, nes",6.46
630,"Hong Kong, China",United States,11.19
631,Nepal,China,2.69
632,Nepal,India,63.52
633,Nepal,Germany,4.06
634,Nepal,Singapore,2.42
635,Nepal,Saudi Arabia,2.99
636,Nepal,United States,7.12
637,Nepal,Indonesia,2.85
638,Nepal,Bangladesh,6.87
639,Sweden,Denmark,7.34
640,Sweden,Germany,10.19
641,Sweden,United Kingdom,7.42
642,Sweden,Norway,10.55
643,Sweden,Finland,6.43
644,Sweden,Netherlands,6.53
645,Botswana,United Kingdom,53.14
646,Botswana,Norway,9.77
647,Botswana,South Africa,76.06
648,Botswana,France,1.41
649,Botswana,China,3.27
650,Botswana,Zimbabwe,4.46
651,Botswana,Israel,3.21
652,Botswana,United States,2.17
653,Zimbabwe,Botswana,1.82
654,Zimbabwe,South Africa,79.74
655,Zimbabwe,Mozambique,5.44
656,Zimbabwe,Switzerland,9.45
657,Zimbabwe,China,1.96
658,Zimbabwe,Zambia,3.9
659,Zimbabwe,Netherlands,10.46
660,Zimbabwe,United States,4.73
661,Central African Republic,China,9.36
662,Central African Republic,Germany,8.5
663,Central African Republic,France,22.66
664,Central African Republic,Saudi Arabia,2.86
665,Central African Republic,Netherlands,6.39
666,Central African Republic,Cameroon,8.79
667,Central African Republic,United States,15.57
668,Central African Republic,Belgium,58.46
669,Cameroon,Germany,4.62
670,Cameroon,Thailand,4.49
671,Cameroon,China,7.87
672,Cameroon,France,18.87
673,Cameroon,Italy,6.7
674,Cameroon,Netherlands,28.51
675,Cameroon,Belgium,4.57
676,"Congo, Rep.",United Kingdom,6.78
677,"Congo, Rep.","Other Asia, nes",7.76
678,"Congo, Rep.",Equatorial Guinea,6.34
679,"Congo, Rep.",China,21.87
680,"Congo, Rep.",Angola,11.62
681,"Congo, Rep.",France,12.35
682,"Congo, Rep.",Singapore,10.29
683,"Congo, Rep.",United States,10.69
684,Cook Islands,Cote d'Ivoire,1.44
685,Cook Islands,China,22.64
686,Cook Islands,Fiji,9.09
687,Cook Islands,New Zealand,74.68
688,Cook Islands,Japan,49.21
689,Cook Islands,Papua New Guinea,6.84
690,Cook Islands,Australia,7.73
691,Cook Islands,United States,2.1
692,Fiji,New Zealand,15.88
693,Fiji,Singapore,27.67
694,Fiji,China,5.53
695,Fiji,Australia,22.12
696,Fiji,United Kingdom,15.01
697,Fiji,United States,11.13
698,New Zealand,Germany,4.18
699,New Zealand,Japan,7.41
700,New Zealand,China,9.14
701,New Zealand,Australia,18.39
702,New Zealand,United Kingdom,4.28
703,New Zealand,United States,9.97
704,Ecuador,Chile,6.49
705,Ecuador,Panama,14.17
706,Ecuador,Brazil,4.46
707,Ecuador,Peru,6.78
708,Ecuador,China,7.29
709,Ecuador,Colombia,4.89
710,Ecuador,Venezuela,4.9
711,Ecuador,United States,33.37
712,Comoros,United Arab Emirates,29.6
713,Comoros,Germany,3.49
714,Comoros,France,20.74
715,Comoros,China,6.32
716,Comoros,Netherlands,6.12
717,Comoros,"Hong Kong, China",3.08
718,Comoros,United States,3.38
719,Comoros,Singapore,24.52
720,Comoros,Pakistan,15.44
721,Cape Verde,Germany,5.66
722,Cape Verde,Brazil,4.81
723,Cape Verde,Netherlands,13.3
724,Cape Verde,Portugal,42.27
725,Cape Verde,Spain,8.96
726,Costa Rica,Japan,5.7
727,Costa Rica,Panama,3.86
728,Costa Rica,"Hong Kong, China",3.81
729,Costa Rica,China,8.66
730,Costa Rica,Mexico,6.49
731,Costa Rica,Netherlands,7.01
732,Costa Rica,Colombia,2.74
733,Costa Rica,United States,36.51
734,Cyprus,Germany,8.4
735,Cyprus,United Kingdom,8.21
736,Cyprus,Greece,22.72
737,Cyprus,Israel,6.84
738,Cyprus,Lebanon,3.37
739,Cyprus,Bunkers,14.02
740,Cyprus,Italy,10.71
741,Lebanon,Germany,7.62
742,Lebanon,Switzerland,22.31
743,Lebanon,France,9.66
744,Lebanon,Iraq,7.77
745,Lebanon,Syrian Arab Republic,6.47
746,Lebanon,Saudi Arabia,6.97
747,Lebanon,China,8.87
748,Lebanon,United Arab Emirates,9.55
749,Lebanon,Italy,7.54
750,Lebanon,United States,10.91
751,Djibouti,Ethiopia(excludes Eritrea),5.01
752,Djibouti,Japan,5.47
753,Djibouti,United Arab Emirates,18.48
754,Djibouti,Qatar,6.29
755,Djibouti,France,30.5
756,Djibouti,Brazil,8.67
757,Djibouti,Saudi Arabia,5.98
758,Djibouti,Somalia,11.87
759,Ethiopia(excludes Eritrea),China,20.99
760,Ethiopia(excludes Eritrea),Switzerland,10.45
761,Ethiopia(excludes Eritrea),India,8.01
762,Ethiopia(excludes Eritrea),Saudi Arabia,7.54
763,Ethiopia(excludes Eritrea),Italy,5.57
764,Ethiopia(excludes Eritrea),United States,6.23
765,Dominica,United Kingdom,11.28
766,Dominica,Japan,3.78
767,Dominica,St. Kitts and Nevis,7.51
768,Dominica,Trinidad and Tobago,14.08
769,Dominica,Jamaica,13.85
770,Dominica,Venezuela,7.52
771,Dominica,France,15.88
772,Dominica,United States,38.32
773,Dominica,Antigua and Barbuda,18.86
774,Denmark,Germany,15.03
775,Denmark,United Kingdom,8.18
776,Denmark,Sweden,12.22
777,Denmark,Norway,6.22
778,Denmark,China,6.65
779,Denmark,Netherlands,7.05
780,Denmark,Special Categories,10.03
781,Dominican Republic,China,1.99
782,Dominican Republic,Mexico,4.59
783,Dominican Republic,Venezuela,6.35
784,Dominican Republic,Haiti,12.3
785,Dominican Republic,Netherlands,1.91
786,Dominican Republic,Colombia,4.39
787,Dominican Republic,United States,61.17
788,Algeria,Germany,7.04
789,Algeria,France,15.69
790,Algeria,China,12.1
791,Algeria,Italy,12.62
792,Algeria,Spain,7.57
793,Algeria,Netherlands,7.22
794,Algeria,United States,22.93
795,"Egypt, Arab Rep.",Germany,8.01
796,"Egypt, Arab Rep.",India,6.03
797,"Egypt, Arab Rep.",Saudi Arabia,5.73
798,"Egypt, Arab Rep.",China,8.62
799,"Egypt, Arab Rep.",Italy,6.57
800,"Egypt, Arab Rep.",Turkey,5.18
801,"Egypt, Arab Rep.",Spain,6.58
802,"Egypt, Arab Rep.",United States,6.77
803,Estonia,Germany,5.27
804,Estonia,Sweden,10.88
805,Estonia,Finland,16.05
806,Estonia,Lithuania,7.87
807,Estonia,Latvia,8.23
808,Estonia,Russian Federation,17.14
809,Finland,Germany,10.33
810,Finland,Sweden,9.77
811,Finland,China,7.96
812,Finland,Netherlands,5.87
813,Finland,Russian Federation,8.94
814,Finland,United States,7.81
815,Lithuania,Germany,9.68
816,Lithuania,Poland,7.23
817,Lithuania,Estonia,7.03
818,Lithuania,Netherlands,4.03
819,Lithuania,Latvia,6.42
820,Lithuania,Russian Federation,13.27
821,European Union,China,7.19
822,European Union,Switzerland,7.84
823,European Union,Norway,5.47
824,European Union,Russian Federation,5.73
825,European Union,United States,17.77
826,Faeroe Islands,Denmark,11.0
827,Faeroe Islands,Germany,8.64
828,Faeroe Islands,Norway,8.19
829,Faeroe Islands,Chile,6.59
830,Faeroe Islands,United Kingdom,17.32
831,Faeroe Islands,France,10.8
832,Faeroe Islands,Sweden,6.04
833,"Micronesia, Fed. Sts.",Japan,7.73
834,"Micronesia, Fed. Sts.",Marshall Islands,0.94
835,"Micronesia, Fed. Sts.","Korea, Rep.",4.27
836,"Micronesia, Fed. Sts.",Singapore,4.28
837,"Micronesia, Fed. Sts.",Guam,18.3
838,"Micronesia, Fed. Sts.",United States,1.09
839,"Micronesia, Fed. Sts.",Northern Mariana Islands,7.59
840,Gabon,China,7.99
841,Gabon,France,32.94
842,Gabon,Spain,5.27
843,Gabon,Italy,5.15
844,Gabon,United States,59.01
845,Gabon,Malaysia,4.02
846,Gabon,Belgium,15.7
847,Georgia,Germany,6.77
848,Georgia,Armenia,7.79
849,Georgia,Azerbaijan,14.55
850,Georgia,Turkey,19.31
851,Georgia,Canada,10.34
852,Georgia,United States,5.18
853,Georgia,Ukraine,9.2
854,Ghana,United Kingdom,3.2
855,Ghana,Switzerland,10.17
856,Ghana,France,4.56
857,Ghana,Burkina Faso,4.09
858,Ghana,China,12.93
859,Ghana,South Africa,46.62
860,Ghana,Netherlands,8.66
861,Ghana,United States,8.09
862,Ghana,Belgium,5.29
863,"Gambia, The",Germany,6.36
864,"Gambia, The",United Kingdom,14.39
865,"Gambia, The",China,5.01
866,"Gambia, The",India,9.41
867,"Gambia, The",Brazil,6.4
868,"Gambia, The",Netherlands,6.45
869,"Gambia, The",France,18.17
870,"Gambia, The",Senegal,27.43
871,Senegal,Thailand,4.78
872,Senegal,India,7.69
873,Senegal,Switzerland,7.79
874,Senegal,France,20.28
875,Senegal,China,8.31
876,Senegal,Bunkers,12.41
877,Senegal,Mali,20.59
878,Senegal,Spain,3.98
879,Senegal,Nigeria,8.81
880,Grenada,United Kingdom,4.22
881,Grenada,Japan,3.54
882,Grenada,Trinidad and Tobago,25.15
883,Grenada,China,3.39
884,Grenada,United States,31.9
885,Greenland,Denmark,84.07
886,Greenland,Germany,2.49
887,Greenland,Norway,1.64
888,Greenland,China,2.26
889,Greenland,Portugal,3.58
890,Greenland,Sweden,16.11
891,Greenland,Canada,3.49
892,El Salvador,Guatemala,14.01
893,El Salvador,Honduras,4.59
894,El Salvador,Mexico,7.84
895,El Salvador,Costa Rica,3.55
896,El Salvador,China,8.95
897,El Salvador,Nicaragua,5.51
898,El Salvador,United States,46.63
899,Honduras,Guatemala,6.29
900,Honduras,Germany,7.11
901,Honduras,Mexico,6.61
902,Honduras,El Salvador,6.14
903,Honduras,Nicaragua,4.64
904,Honduras,United States,40.83
905,Honduras,Costa Rica,4.72
906,Guyana,Trinidad and Tobago,20.14
907,Guyana,Suriname,5.81
908,Guyana,Jamaica,5.38
909,Guyana,China,5.04
910,Guyana,Venezuela,6.91
911,Guyana,United Kingdom,14.18
912,Guyana,Netherlands,4.16
913,Guyana,United States,12.34
914,Guyana,Canada,33.94
915,Nicaragua,Mexico,7.0
916,Nicaragua,Costa Rica,9.16
917,Nicaragua,China,7.49
918,Nicaragua,Venezuela,16.9
919,Nicaragua,Honduras,7.22
920,Nicaragua,El Salvador,14.31
921,Nicaragua,United States,32.85
922,Hungary,Germany,25.56
923,Hungary,Romania,5.25
924,Hungary,China,6.4
925,Hungary,Netherlands,4.73
926,Hungary,United Kingdom,5.32
927,Hungary,Russian Federation,7.35
928,Hungary,France,5.45
929,Hungary,Italy,5.72
930,Hungary,Austria,6.5
931,Iceland,Germany,11.26
932,Iceland,Norway,5.8
933,Iceland,Denmark,7.27
934,Iceland,Netherlands,30.74
935,Iceland,United Kingdom,12.77
936,Iceland,Spain,4.82
937,Iceland,Sweden,8.06
938,Jordan,Germany,6.29
939,Jordan,India,10.76
940,Jordan,Iraq,20.0
941,Jordan,Saudi Arabia,9.1
942,Jordan,China,10.95
943,Jordan,"Egypt, Arab Rep.",6.1
944,Jordan,United States,13.7
945,Jordan,Free Zones,8.67
946,Kyrgyz Republic,Germany,3.39
947,Kyrgyz Republic,Kazakhstan,10.12
948,Kyrgyz Republic,Switzerland,37.75
949,Kyrgyz Republic,Uzbekistan,14.14
950,Kyrgyz Republic,China,20.76
951,Kyrgyz Republic,United Arab Emirates,8.63
952,Kyrgyz Republic,Russian Federation,15.75
953,Cambodia,Thailand,11.91
954,Cambodia,"Hong Kong, China",12.41
955,Cambodia,China,22.59
956,Cambodia,United Kingdom,3.61
957,Cambodia,"Other Asia, nes",8.75
958,Cambodia,United States,31.15
959,Cambodia,Canada,3.93
960,Cambodia,Vietnam,12.64
961,Cambodia,Singapore,9.66
962,Kiribati,"Other Asia, nes",21.37
963,Kiribati,"Hong Kong, China",21.61
964,Kiribati,Fiji,25.84
965,Kiribati,France,6.83
966,Kiribati,Australia,29.4
967,Kiribati,New Zealand,6.63
968,Kiribati,United States,13.1
969,St. Vincent and the Grenadines,United Kingdom,6.34
970,St. Vincent and the Grenadines,Trinidad and Tobago,20.58
971,St. Vincent and the Grenadines,China,2.98
972,St. Vincent and the Grenadines,Barbados,3.34
973,St. Vincent and the Grenadines,Grenada,12.61
974,St. Vincent and the Grenadines,St. Lucia,18.47
975,St. Vincent and the Grenadines,United States,35.0
976,St. Vincent and the Grenadines,Antigua and Barbuda,7.88
977,Syrian Arab Republic,Germany,9.91
978,Syrian Arab Republic,Iraq,28.04
979,Syrian Arab Republic,Saudi Arabia,6.12
980,Syrian Arab Republic,China,8.49
981,Syrian Arab Republic,Russian Federation,6.0
982,Syrian Arab Republic,France,7.02
983,Syrian Arab Republic,Italy,6.14
984,Syrian Arab Republic,Turkey,7.6
985,Syrian Arab Republic,Ukraine,10.54
986,Libya,China,11.19
987,Libya,Germany,6.92
988,Libya,"Korea, Rep.",9.14
989,Libya,France,12.01
990,Libya,Italy,34.25
991,Libya,Turkey,9.11
992,Libya,Spain,7.74
993,Sri Lanka,Germany,4.89
994,Sri Lanka,India,17.96
995,Sri Lanka,Singapore,11.72
996,Sri Lanka,China,9.34
997,Sri Lanka,United Kingdom,14.38
998,Sri Lanka,Italy,6.14
999,Sri Lanka,"Iran, Islamic Rep.",8.97
1000,Sri Lanka,"Hong Kong, China",5.47
1001,Sri Lanka,United States,22.32
1002,Sri Lanka,Belgium,5.17
1003,Lesotho,Germany,1.11
1004,Lesotho,United Kingdom,0.39
1005,Lesotho,Japan,2.49
1006,Lesotho,South Africa,95.24
1007,Lesotho,Madagascar,0.57
1008,Lesotho,United States,31.84
1009,Lesotho,Canada,15.13
1010,Lesotho,Belgium,1.63
1011,Lesotho,"Gambia, The",0.19
1012,Madagascar,Thailand,18.17
1013,Madagascar,Mauritius,4.61
1014,Madagascar,China,4.87
1015,Madagascar,Germany,6.48
1016,Madagascar,France,10.35
1017,Madagascar,United States,18.09
1018,Madagascar,Belgium,6.28
1019,Luxembourg,Germany,27.11
1020,Luxembourg,France,12.58
1021,Luxembourg,Netherlands,4.82
1022,Luxembourg,Italy,4.64
1023,Luxembourg,Belgium,24.05
1024,Macao,Vietnam,3.1
1025,Macao,Japan,8.19
1026,Macao,"Hong Kong, China",10.91
1027,Macao,China,13.35
1028,Macao,Switzerland,6.38
1029,Macao,Germany,4.51
1030,Macao,France,7.93
1031,Macao,United States,21.35
1032,Morocco,India,5.18
1033,Morocco,Germany,3.39
1034,Morocco,France,15.56
1035,Morocco,China,7.81
1036,Morocco,Italy,4.68
1037,Morocco,Spain,12.18
1038,Morocco,United States,6.94
1039,Moldova,Germany,7.7
1040,Moldova,Romania,9.51
1041,Moldova,Belarus,6.29
1042,Moldova,China,7.52
1043,Moldova,Russian Federation,22.33
1044,Moldova,Italy,10.58
1045,Moldova,Ukraine,13.99
1046,Mauritius,Japan,3.23
1047,Mauritius,South Africa,8.64
1048,Mauritius,France,11.77
1049,Mauritius,India,18.88
1050,Mauritius,China,12.59
1051,Mauritius,Madagascar,6.39
1052,Mauritius,United Kingdom,27.21
1053,Mauritius,Italy,5.5
1054,Mauritius,United States,8.23
1055,Maldives,United Arab Emirates,15.72
1056,Maldives,Thailand,20.74
1057,Maldives,Sri Lanka,17.1
1058,Maldives,India,12.11
1059,Maldives,Singapore,21.42
1060,Maldives,Malaysia,6.56
1061,Maldives,United Kingdom,10.0
1062,Maldives,France,11.24
1063,Maldives,Italy,12.81
1064,North Macedonia,Germany,16.83
1065,North Macedonia,Greece,10.77
1066,North Macedonia,Bulgaria,8.01
1067,North Macedonia,"Serbia, FR(Serbia/Montenegro)",24.09
1068,North Macedonia,Russian Federation,9.76
1069,North Macedonia,Italy,8.06
1070,Malta,Germany,13.34
1071,Malta,United Kingdom,12.01
1072,Malta,"Hong Kong, China",6.48
1073,Malta,France,7.42
1074,Malta,Netherlands,5.3
1075,Malta,Italy,24.48
1076,Malta,United States,9.34
1077,Malta,Singapore,12.51
1078,Montenegro,Germany,6.71
1079,Montenegro,Bosnia and Herzegovina,6.43
1080,Montenegro,Greece,17.25
1081,Montenegro,Slovenia,8.76
1082,Montenegro,"Serbia, FR(Serbia/Montenegro)",33.77
1083,Montenegro,Italy,11.89
1084,Mozambique,South Africa,35.43
1085,Mozambique,China,3.47
1086,Mozambique,India,6.5
1087,Mozambique,Netherlands,41.63
1088,Mozambique,Zimbabwe,3.44
1089,Mozambique,Portugal,3.77
1090,Mauritania,China,16.68
1091,Mauritania,Switzerland,12.06
1092,Mauritania,France,18.39
1093,Mauritania,Russian Federation,6.9
1094,Mauritania,Italy,9.12
1095,Mauritania,Spain,8.4
1096,Mauritania,Belgium,5.39
1097,Montserrat,Jamaica,2.21
1098,Montserrat,United Kingdom,5.63
1099,Montserrat,Japan,5.14
1100,Montserrat,St. Kitts and Nevis,11.63
1101,Montserrat,Dominica,12.1
1102,Montserrat,Trinidad and Tobago,15.26
1103,Montserrat,Anguila,15.24
1104,Montserrat,United States,12.2
1105,Malawi,United Kingdom,5.12
1106,Malawi,South Africa,33.71
1107,Malawi,Mozambique,5.45
1108,Malawi,Switzerland,4.41
1109,Malawi,India,4.72
1110,Malawi,China,5.84
1111,Malawi,"Egypt, Arab Rep.",6.14
1112,Malawi,Belgium,17.47
1113,Mayotte,Germany,3.93
1114,Mayotte,Thailand,4.08
1115,Mayotte,France,48.73
1116,Mayotte,China,4.82
1117,Mayotte,Indonesia,4.16
1118,Mayotte,Madagascar,14.23
1119,Mayotte,Comoros,15.77
1120,Mayotte,Italy,2.79
1121,Mayotte,Mauritius,2.91
1122,Namibia,Germany,3.44
1123,Namibia,United Kingdom,10.37
1124,Namibia,South Africa,69.85
1125,Namibia,China,4.93
1126,Namibia,Angola,11.31
1127,Namibia,India,2.07
1128,Namibia,Spain,4.95
1129,New Caledonia,China,11.69
1130,New Caledonia,France,29.13
1131,New Caledonia,"Korea, Rep.",6.99
1132,New Caledonia,Singapore,13.3
1133,New Caledonia,Australia,9.53
1134,New Caledonia,Japan,9.26
1135,New Caledonia,United States,4.22
1136,Niger,Japan,4.33
1137,Niger,Nigeria,5.04
1138,Niger,Switzerland,7.05
1139,Niger,France,13.5
1140,Niger,China,30.67
1141,Niger,Ghana,3.84
1142,Niger,United States,7.84
1143,Oman,Japan,15.02
1144,Oman,United Arab Emirates,12.55
1145,Oman,China,17.92
1146,Oman,India,5.9
1147,Oman,"Korea, Rep.",9.88
1148,Oman,United States,6.45
1149,Philippines,Japan,12.57
1150,Philippines,"Hong Kong, China",8.36
1151,Philippines,China,7.63
1152,Philippines,Singapore,8.57
1153,Philippines,"Other Asia, nes",6.94
1154,Philippines,Netherlands,9.74
1155,Philippines,United States,17.68
1156,Palau,Japan,8.34
1157,Palau,Singapore,15.0
1158,Palau,Guam,15.45
1159,Palau,United States,39.19
1160,Palau,Philippines,7.67
1161,Paraguay,Chile,7.64
1162,Paraguay,Japan,4.92
1163,Paraguay,Brazil,44.06
1164,Paraguay,China,29.5
1165,Paraguay,Argentina,10.95
1166,Paraguay,Venezuela,5.19
1167,Paraguay,Russian Federation,4.93
1168,Paraguay,Italy,2.87
1169,Occ.Pal.Terr,Germany,2.7
1170,Occ.Pal.Terr,Jordan,5.57
1171,Occ.Pal.Terr,Israel,87.49
1172,Occ.Pal.Terr,"Korea, Rep.",1.4
1173,Occ.Pal.Terr,Saudi Arabia,0.8
1174,Occ.Pal.Terr,China,4.38
1175,Occ.Pal.Terr,Algeria,1.71
1176,Occ.Pal.Terr,Turkey,3.16
1177,Occ.Pal.Terr,United States,1.18
1178,French Polynesia,"Hong Kong, China",36.62
1179,French Polynesia,France,30.14
1180,French Polynesia,Singapore,11.08
1181,French Polynesia,China,8.4
1182,French Polynesia,New Caledonia,2.88
1183,French Polynesia,Japan,21.33
1184,French Polynesia,New Zealand,7.49
1185,French Polynesia,United States,10.97
1186,Rwanda,Kenya,31.88
1187,Rwanda,United Arab Emirates,6.25
1188,Rwanda,"Hong Kong, China",6.12
1189,Rwanda,Tanzania,4.91
1190,Rwanda,Eswatini,9.05
1191,Rwanda,China,8.27
1192,Rwanda,Uganda,12.86
1193,Rwanda,Fm Sudan,10.77
1194,Rwanda,Belgium,11.31
1195,Eswatini,United Kingdom,0.93
1196,Eswatini,South Africa,88.0
1197,Eswatini,India,0.92
1198,Eswatini,China,2.61
1199,Eswatini,"Other Asia, nes",1.8
1200,Eswatini,Portugal,5.17
1201,Eswatini,Kenya,4.14
1202,Eswatini,United States,8.35
1203,Eswatini,Mozambique,5.89
1204,Fm Sudan,Japan,9.92
1205,Fm Sudan,United Arab Emirates,4.49
1206,Fm Sudan,China,75.92
1207,Fm Sudan,India,2.73
1208,Fm Sudan,Saudi Arabia,3.25
1209,Fm Sudan,Singapore,2.47
1210,Solomon Islands,Philippines,6.99
1211,Solomon Islands,Thailand,4.83
1212,Solomon Islands,China,45.0
1213,Solomon Islands,Switzerland,5.52
1214,Solomon Islands,Singapore,23.21
1215,Solomon Islands,Spain,10.97
1216,Solomon Islands,Australia,18.14
1217,Solomon Islands,New Zealand,6.4
1218,Solomon Islands,United States,14.58
1219,Sao Tome and Principe,Gabon,3.01
1220,Sao Tome and Principe,Japan,4.38
1221,Sao Tome and Principe,Angola,23.66
1222,Sao Tome and Principe,Brazil,10.37
1223,Sao Tome and Principe,Portugal,56.53
1224,Sao Tome and Principe,Netherlands,20.6
1225,Sao Tome and Principe,Belgium,14.47
1226,Seychelles,United Kingdom,20.44
1227,Seychelles,South Africa,9.02
1228,Seychelles,United Arab Emirates,26.68
1229,Seychelles,Mauritius,6.67
1230,Seychelles,Thailand,25.96
1231,Seychelles,Switzerland,8.6
1232,Seychelles,Singapore,8.76
1233,Seychelles,France,14.65
1234,Seychelles,Italy,5.44
1235,Turks and Caicos Isl.,St. Vincent and the Grenadines,0.35
1236,Turks and Caicos Isl.,"Bahamas, The",0.02
1237,Turks and Caicos Isl.,Panama,0.23
1238,Turks and Caicos Isl.,Haiti,0.1
1239,Turks and Caicos Isl.,United States,99.09
1240,Turks and Caicos Isl.,Dominican Republic,0.03
1241,Tonga,"Hong Kong, China",33.19
1242,Tonga,Fiji,9.1
1243,Tonga,New Zealand,30.44
1244,Tonga,Singapore,18.4
1245,Tonga,Australia,12.06
1246,Tonga,Japan,4.19
1247,Tonga,United States,15.97
1248,Tunisia,Germany,8.79
1249,Tunisia,France,20.07
1250,Tunisia,Libya,5.76
1251,Tunisia,China,5.01
1252,Tunisia,United Kingdom,4.75
1253,Tunisia,Italy,21.03
1254,Tunisia,Spain,4.54
1255,Uruguay,China,4.35
1256,Uruguay,Brazil,20.32
1257,Uruguay,Argentina,6.41
1258,Uruguay,Venezuela,7.58
1259,Uruguay,Russian Federation,4.03
1260,Uruguay,United States,8.23
1261,Uruguay,Free Zones,14.9
1262,Vanuatu,Philippines,12.05
1263,Vanuatu,Fiji,9.09
1264,Vanuatu,New Zealand,13.62
1265,Vanuatu,Singapore,10.01
1266,Vanuatu,China,10.03
1267,Vanuatu,New Caledonia,10.68
1268,Vanuatu,Japan,7.23
1269,Vanuatu,France,11.67
1270,Vanuatu,Australia,29.57
1271, World,Germany,6.98
1272, World,Japan,5.17
1273, World,China,7.04
1274, World,France,3.97
1275, World,United Kingdom,4.31
1276, World,United States,11.72
1277,Samoa,American Samoa,6.31
1278,Samoa,Fiji,6.78
1279,Samoa,New Zealand,29.04
1280,Samoa,China,7.5
1281,Samoa,Australia,23.56
1282,Samoa,United States,3.59
1283,Samoa,Singapore,0.74
1284,Yemen,Japan,5.65
1285,Yemen,United Arab Emirates,9.93
1286,Yemen,Thailand,18.36
1287,Yemen,China,25.21
1288,Yemen,India,20.13
1289,Yemen,South Africa,6.29
1290,Yemen,Saudi Arabia,5.03
1291,Yemen,United States,6.4
1292,Yemen,Singapore,6.91
1293,Zambia,"Congo, Dem. Rep.",7.4
1294,Zambia,United Kingdom,3.53
1295,Zambia,South Africa,39.75
1296,Zambia,China,12.43
1297,Zambia,Switzerland,44.41
1298,Zambia,United Arab Emirates,3.64
1299,Zambia,Kuwait,10.5
