,source,target,2010
0,Aruba,United Kingdom,5.88
1,Aruba,Panama,22.16
2,Aruba,Netherlands Antilles,5.46
3,Aruba,Netherlands,11.29
4,Aruba,Colombia,27.15
5,Aruba,United States,6.04
6,Aruba,Venezuela,15.05
7,United Kingdom,Germany,10.59
8,United Kingdom,France,5.93
9,United Kingdom,China,9.84
10,United Kingdom,Netherlands,7.61
11,United Kingdom,Ireland,6.08
12,United Kingdom,United States,13.9
13,Panama,Mexico,4.28
14,Panama,Costa Rica,5.07
15,Panama,Singapore,10.36
16,Panama,China,24.93
17,Panama,Colombia,15.64
18,Panama,"Hong Kong, China",4.52
19,Panama,United States,19.77
20,Panama,Venezuela,16.13
21,Panama,Dominican Republic,5.05
22,Netherlands,Germany,24.3
23,Netherlands,United Kingdom,7.98
24,Netherlands,China,9.34
25,Netherlands,France,8.75
26,Netherlands,Italy,5.01
27,Netherlands,United States,7.55
28,Netherlands,Belgium,9.6
29,Colombia,Germany,4.07
30,Colombia,China,4.94
31,Colombia,Mexico,9.48
32,Colombia,Brazil,5.82
33,Colombia,Netherlands,4.06
34,Colombia,United States,43.05
35,Colombia,Venezuela,3.57
36,Colombia,Ecuador,4.58
37,United States,Germany,4.27
38,United States,Japan,6.29
39,United States,Canada,14.25
40,United States,China,7.19
41,United States,Mexico,12.81
42,United States,United Kingdom,3.78
43,Venezuela,"Other Asia, nes",9.56
44,Venezuela,China,1.07
45,Venezuela,Mexico,4.47
46,Venezuela,Brazil,9.83
47,Venezuela,Colombia,0.88
48,Venezuela,United States,1.45
49,Afghanistan,Germany,8.19
50,Afghanistan,Japan,9.59
51,Afghanistan,India,16.82
52,Afghanistan,China,13.66
53,Afghanistan,Pakistan,38.96
54,Afghanistan,Uzbekistan,21.11
55,Afghanistan,Russian Federation,7.62
56,Afghanistan,Turkey,8.95
57,Afghanistan,"Iran, Islamic Rep.",8.17
58,Germany,France,7.56
59,Germany,China,9.79
60,Germany,Netherlands,6.45
61,Germany,United Kingdom,6.1
62,Germany,Italy,6.12
63,Germany,United States,6.9
64,Japan,United Arab Emirates,4.23
65,Japan,"Other Asia, nes",6.82
66,Japan,"Hong Kong, China",5.5
67,Japan,China,19.41
68,Japan,"Korea, Rep.",8.1
69,Japan,Saudi Arabia,5.18
70,Japan,Australia,6.5
71,Japan,United States,15.63
72,India,United Arab Emirates,12.44
73,India,"Hong Kong, China",4.31
74,India,China,7.91
75,India,Switzerland,6.34
76,India,Saudi Arabia,5.82
77,India,United States,10.7
78,India,Singapore,4.11
79,China,Japan,12.66
80,China,"Hong Kong, China",13.84
81,China,Germany,4.31
82,China,"Korea, Rep.",9.91
83,China,China,7.66
84,China,"Other Asia, nes",8.29
85,China,United States,17.99
86,Pakistan,United Arab Emirates,8.57
87,Pakistan,China,6.71
88,Pakistan,Afghanistan,7.87
89,Pakistan,Malaysia,5.47
90,Pakistan,Kuwait,6.95
91,Pakistan,United Kingdom,5.2
92,Pakistan,Saudi Arabia,10.22
93,Pakistan,United States,17.16
94,Russian Federation,Germany,11.62
95,Russian Federation,Japan,4.48
96,Russian Federation,China,4.98
97,Russian Federation,Belarus,4.55
98,Russian Federation,Italy,6.14
99,Russian Federation,Netherlands,13.41
100,Russian Federation,Ukraine,6.12
101,Turkey,Germany,10.08
102,Turkey,Iraq,5.3
103,Turkey,China,9.26
104,Turkey,United Kingdom,6.35
105,Turkey,Russian Federation,11.64
106,Turkey,France,5.32
107,Turkey,Italy,5.71
108,Turkey,United States,6.64
109,"Iran, Islamic Rep.",Germany,8.16
110,"Iran, Islamic Rep.",United Arab Emirates,4.16
111,"Iran, Islamic Rep.","Other Asia, nes",43.53
112,"Iran, Islamic Rep.",China,5.31
113,"Iran, Islamic Rep.","Korea, Rep.",6.74
114,"Iran, Islamic Rep.",Iraq,5.49
115,"Iran, Islamic Rep.",Turkey,4.25
116,Angola,"Other Asia, nes",5.13
117,Angola,China,39.84
118,Angola,India,9.73
119,Angola,Brazil,5.31
120,Angola,Netherlands,11.3
121,Angola,Portugal,14.37
122,Angola,United States,18.94
123,Angola,Canada,7.68
124,"Other Asia, nes",Japan,20.67
125,"Other Asia, nes","Hong Kong, China",13.77
126,"Other Asia, nes",China,28.02
127,"Other Asia, nes","Korea, Rep.",6.39
128,"Other Asia, nes",Saudi Arabia,4.73
129,"Other Asia, nes",United States,11.48
130,"Other Asia, nes",Singapore,4.41
131,Brazil,Germany,4.06
132,Brazil,China,15.34
133,Brazil,"Korea, Rep.",4.68
134,Brazil,Argentina,9.23
135,Brazil,Netherlands,4.48
136,Brazil,United States,9.71
137,Portugal,Germany,12.97
138,Portugal,Angola,5.1
139,Portugal,France,7.2
140,Portugal,Netherlands,5.19
141,Portugal,United Kingdom,5.44
142,Portugal,Spain,32.04
143,Portugal,Italy,5.67
144,Canada,Germany,2.8
145,Canada,Japan,3.33
146,Canada,China,3.33
147,Canada,Mexico,1.26
148,Canada,United Kingdom,4.11
149,Canada,United States,74.87
150,Albania,Germany,5.61
151,Albania,China,5.5
152,Albania,Greece,5.41
153,Albania,"Serbia, FR(Serbia/Montenegro)",8.34
154,Albania,Italy,50.81
155,Albania,Turkey,5.98
156,Greece,Germany,9.27
157,Greece,Bulgaria,5.25
158,Greece,China,5.71
159,Greece,Netherlands,5.2
160,Greece,Russian Federation,9.63
161,Greece,Italy,9.24
162,Greece,Cyprus,6.36
163,Greece,Turkey,6.05
164,"Serbia, FR(Serbia/Montenegro)",Germany,10.29
165,"Serbia, FR(Serbia/Montenegro)",Romania,6.64
166,"Serbia, FR(Serbia/Montenegro)",Montenegro,8.21
167,"Serbia, FR(Serbia/Montenegro)",Bosnia and Herzegovina,11.12
168,"Serbia, FR(Serbia/Montenegro)",China,7.19
169,"Serbia, FR(Serbia/Montenegro)",Russian Federation,12.89
170,"Serbia, FR(Serbia/Montenegro)",Italy,11.42
171,"Serbia, FR(Serbia/Montenegro)",Hungary,4.83
172,Italy,Germany,12.93
173,Italy,France,8.73
174,Italy,China,7.83
175,Italy,Netherlands,5.43
176,Italy,United Kingdom,5.16
177,Italy,Spain,4.55
178,Italy,United States,6.0
179,Andorra,Germany,4.51
180,Andorra,Norway,4.33
181,Andorra,Switzerland,4.62
182,Andorra,France,17.65
183,Andorra,China,4.08
184,Andorra,Spain,59.93
185,Andorra,Italy,2.81
186,Andorra,Netherlands,0.99
187,Norway,Germany,11.06
188,Norway,United Kingdom,27.45
189,Norway,Sweden,7.02
190,Norway,Denmark,6.21
191,Norway,China,8.49
192,Norway,France,6.47
193,Norway,Netherlands,11.89
194,Switzerland,Germany,19.3
195,Switzerland,France,8.51
196,Switzerland,Netherlands,4.53
197,Switzerland,United Kingdom,5.91
198,Switzerland,Italy,7.85
199,Switzerland,United States,10.12
200,France,Germany,16.22
201,France,China,8.16
202,France,United Kingdom,6.71
203,France,Italy,8.08
204,France,Spain,6.21
205,France,Belgium,7.84
206,Spain,Germany,10.48
207,Spain,United Kingdom,6.18
208,Spain,France,10.85
209,Spain,China,7.88
210,Spain,Italy,8.83
211,Spain,Portugal,8.8
212,United Arab Emirates,Germany,4.32
213,United Arab Emirates,"Other Asia, nes",34.3
214,United Arab Emirates,India,11.01
215,United Arab Emirates,Iraq,2.31
216,United Arab Emirates,China,7.27
217,United Arab Emirates,"Iran, Islamic Rep.",4.7
218,United Arab Emirates,United States,6.02
219,Argentina,Germany,5.66
220,Argentina,Chile,6.59
221,Argentina,China,8.51
222,Argentina,Brazil,21.17
223,Argentina,Netherlands,3.48
224,Argentina,United States,5.38
225,Chile,Japan,5.75
226,Chile,China,24.26
227,Chile,Brazil,5.91
228,Chile,"Korea, Rep.",5.9
229,Chile,Argentina,7.97
230,Chile,United States,9.69
231,Armenia,Germany,13.11
232,Armenia,Bulgaria,15.48
233,Armenia,China,10.63
234,Armenia,Russian Federation,15.81
235,Armenia,Turkey,5.57
236,Armenia,Netherlands,9.75
237,Armenia,"Iran, Islamic Rep.",5.76
238,Armenia,United States,8.14
239,Armenia,Ukraine,6.07
240,Bulgaria,Germany,10.64
241,Bulgaria,Romania,6.98
242,Bulgaria,Greece,7.93
243,Bulgaria,Russian Federation,16.15
244,Bulgaria,Italy,9.69
245,Bulgaria,Turkey,8.5
246,Ukraine,Germany,7.58
247,Ukraine,Poland,3.48
248,Ukraine,Belarus,4.23
249,Ukraine,China,7.74
250,Ukraine,Russian Federation,26.12
251,Ukraine,Italy,4.69
252,Ukraine,Turkey,5.88
253,Antigua and Barbuda,United Kingdom,19.66
254,Antigua and Barbuda,Panama,12.68
255,Antigua and Barbuda,Netherlands Antilles,6.55
256,Antigua and Barbuda,Dominica,5.29
257,Antigua and Barbuda,Trinidad and Tobago,3.65
258,Antigua and Barbuda,China,8.41
259,Antigua and Barbuda,United States,29.71
260,Dominica,United Kingdom,4.0
261,Dominica,Japan,4.06
262,Dominica,St. Kitts and Nevis,17.71
263,Dominica,Trinidad and Tobago,13.91
264,Dominica,Jamaica,17.28
265,Dominica,Venezuela,7.24
266,Dominica,France,11.3
267,Dominica,United States,41.77
268,Dominica,Antigua and Barbuda,9.07
269,Trinidad and Tobago,Gabon,12.9
270,Trinidad and Tobago,Brazil,7.2
271,Trinidad and Tobago,Jamaica,6.47
272,Trinidad and Tobago,China,5.76
273,Trinidad and Tobago,Barbados,3.4
274,Trinidad and Tobago,Suriname,2.73
275,Trinidad and Tobago,Colombia,2.62
276,Trinidad and Tobago,United States,48.07
277,Australia,Japan,8.69
278,Australia,Thailand,5.21
279,Australia,China,25.34
280,Australia,India,7.12
281,Australia,"Korea, Rep.",8.88
282,Australia,Singapore,5.0
283,Australia,United States,3.97
284,Thailand,Japan,20.76
285,Thailand,United Arab Emirates,4.75
286,Thailand,"Hong Kong, China",6.72
287,Thailand,China,10.99
288,Thailand,Malaysia,5.41
289,Thailand,United States,10.36
290,"Korea, Rep.",Japan,15.12
291,"Korea, Rep.","Hong Kong, China",5.42
292,"Korea, Rep.",China,25.05
293,"Korea, Rep.",Saudi Arabia,6.31
294,"Korea, Rep.",Australia,4.81
295,"Korea, Rep.",United States,10.72
296,"Korea, Rep.",Singapore,3.27
297,Singapore,Japan,7.87
298,Singapore,"Hong Kong, China",11.68
299,Singapore,China,10.29
300,Singapore,Indonesia,9.5
301,Singapore,Malaysia,11.99
302,Singapore,"Other Asia, nes",5.95
303,Singapore,United States,6.5
304,Austria,Germany,31.57
305,Austria,Switzerland,5.14
306,Austria,China,4.78
307,Austria,France,4.17
308,Austria,Italy,7.84
309,Austria,Czech Republic,3.68
310,Austria,United States,4.53
311,Czech Republic,Germany,31.95
312,Czech Republic,Poland,6.15
313,Czech Republic,Slovak Republic,8.78
314,Czech Republic,China,12.2
315,Czech Republic,United Kingdom,4.88
316,Czech Republic,Russian Federation,5.42
317,Czech Republic,France,5.37
318,Azerbaijan,Germany,9.2
319,Azerbaijan,China,8.91
320,Azerbaijan,Russian Federation,17.36
321,Azerbaijan,France,8.72
322,Azerbaijan,Italy,33.1
323,Azerbaijan,Turkey,11.69
324,Azerbaijan,Israel,8.2
325,Azerbaijan,United States,8.02
326,Azerbaijan,Ukraine,7.06
327,Israel,Germany,6.21
328,Israel,"Hong Kong, China",6.7
329,Israel,India,4.95
330,Israel,China,8.0
331,Israel,United Kingdom,3.89
332,Israel,United States,31.65
333,Israel,Belgium,6.04
334,Burundi,Zambia,8.43
335,Burundi,Kenya,8.7
336,Burundi,Japan,9.37
337,Burundi,Switzerland,26.93
338,Burundi,China,12.02
339,Burundi,United Arab Emirates,8.84
340,Burundi,United Kingdom,13.37
341,Burundi,Belgium,12.02
342,Zambia,"Congo, Dem. Rep.",4.94
343,Zambia,South Africa,34.39
344,Zambia,China,22.22
345,Zambia,Switzerland,47.75
346,Zambia,India,2.72
347,Zambia,United Arab Emirates,2.7
348,Zambia,Kuwait,9.58
349,Kenya,Japan,6.07
350,Kenya,South Africa,6.24
351,Kenya,United Arab Emirates,12.1
352,Kenya,Uganda,12.72
353,Kenya,Tanzania,8.13
354,Kenya,India,10.76
355,Kenya,China,12.59
356,Kenya,United Kingdom,9.81
357,Kenya,Netherlands,6.56
358,Kenya,United States,5.51
359,Belgium,Germany,16.61
360,Belgium,United Kingdom,6.66
361,Belgium,France,12.36
362,Belgium,Netherlands,12.98
363,Belgium,United States,4.44
364,Benin,Thailand,8.64
365,Benin,Nigeria,42.33
366,Benin,China,10.02
367,Benin,India,4.65
368,Benin,Chad,3.95
369,Benin,France,14.7
370,Benin,Togo,7.95
371,Benin,Netherlands,5.69
372,Benin,Ghana,4.05
373,Nigeria,India,10.48
374,Nigeria,France,5.85
375,Nigeria,China,16.56
376,Nigeria,Brazil,6.98
377,Nigeria,Netherlands,4.55
378,Nigeria,United States,34.37
379,Nigeria,Antigua and Barbuda,5.61
380,Togo,Thailand,4.57
381,Togo,China,5.32
382,Togo,France,12.47
383,Togo,Netherlands,6.03
384,Togo,Ghana,5.09
385,Togo,Free Zones,33.2
386,Togo,Belgium,10.04
387,Togo,Niger,5.0
388,Ghana,United Kingdom,3.36
389,Ghana,Switzerland,4.12
390,Ghana,France,6.19
391,Ghana,China,13.17
392,Ghana,United Arab Emirates,6.75
393,Ghana,South Africa,53.48
394,Ghana,Netherlands,5.58
395,Ghana,United States,13.67
396,Ghana,Belgium,5.53
397,Burkina Faso,Cote d'Ivoire,16.2
398,Burkina Faso,Switzerland,60.12
399,Burkina Faso,France,10.46
400,Burkina Faso,China,9.09
401,Burkina Faso,Netherlands,4.2
402,Burkina Faso,South Africa,10.61
403,Burkina Faso,United Kingdom,2.95
404,Burkina Faso,Mali,3.02
405,Burkina Faso,United States,4.42
406,Burkina Faso,Singapore,4.62
407,Cote d'Ivoire,Thailand,4.23
408,Cote d'Ivoire,Nigeria,26.3
409,Cote d'Ivoire,Marshall Islands,3.54
410,Cote d'Ivoire,France,11.87
411,Cote d'Ivoire,China,6.95
412,Cote d'Ivoire,Ghana,7.62
413,Cote d'Ivoire,Netherlands,14.22
414,Cote d'Ivoire,United States,10.31
415,South Africa,Botswana,5.05
416,South Africa,Germany,6.65
417,South Africa,Japan,5.12
418,South Africa,China,9.8
419,South Africa,Saudi Arabia,3.91
420,South Africa,United States,8.7
421,Mali,Switzerland,12.1
422,Mali,France,13.4
423,Mali,Benin,9.94
424,Mali,China,9.94
425,Mali,South Africa,57.06
426,Mali,Italy,6.01
427,Mali,Senegal,13.58
428,Mali,United States,3.16
429,Bangladesh,Thailand,5.66
430,Bangladesh,Germany,13.77
431,Bangladesh,India,11.54
432,Bangladesh,Singapore,5.42
433,Bangladesh,China,17.45
434,Bangladesh,United Kingdom,8.88
435,Bangladesh,France,6.36
436,Bangladesh,Netherlands,6.28
437,Bangladesh,"Hong Kong, China",5.09
438,Bangladesh,United States,24.22
439,"Hong Kong, China",Japan,9.27
440,"Hong Kong, China",China,52.48
441,"Hong Kong, China",India,2.48
442,"Hong Kong, China",Germany,2.6
443,"Hong Kong, China",Singapore,6.98
444,"Hong Kong, China","Other Asia, nes",6.58
445,"Hong Kong, China",United States,10.69
446,Romania,Germany,18.07
447,Romania,France,5.93
448,Romania,China,5.45
449,Romania,Italy,13.84
450,Romania,Hungary,8.68
451,Romania,Turkey,6.86
452,Bahrain,Japan,4.71
453,Bahrain,India,2.51
454,Bahrain,Qatar,3.86
455,Bahrain,Brazil,11.43
456,Bahrain,Saudi Arabia,7.22
457,Bahrain,China,7.36
458,Bahrain,United Arab Emirates,2.28
459,Bahrain,United States,4.48
460,Qatar,Germany,7.25
461,Qatar,Japan,7.53
462,Qatar,United Arab Emirates,5.71
463,Qatar,India,8.58
464,Qatar,"Korea, Rep.",16.05
465,Qatar,China,9.05
466,Qatar,United States,11.81
467,Qatar,Singapore,7.76
468,Saudi Arabia,Germany,7.88
469,Saudi Arabia,Japan,7.66
470,Saudi Arabia,"Other Asia, nes",56.07
471,Saudi Arabia,China,1.44
472,Saudi Arabia,"Korea, Rep.",4.53
473,Saudi Arabia,United Arab Emirates,1.55
474,Saudi Arabia,United States,13.4
475,Saudi Arabia,Singapore,0.88
476,"Bahamas, The",Nigeria,3.69
477,"Bahamas, The",Switzerland,0.58
478,"Bahamas, The",Trinidad and Tobago,2.31
479,"Bahamas, The",United Kingdom,4.96
480,"Bahamas, The",France,3.52
481,"Bahamas, The",United States,76.03
482,"Bahamas, The",Canada,3.23
483,"Bahamas, The",Belgium,0.57
484,Bosnia and Herzegovina,Germany,15.26
485,Bosnia and Herzegovina,Croatia,15.12
486,Bosnia and Herzegovina,Slovenia,8.62
487,Bosnia and Herzegovina,"Serbia, FR(Serbia/Montenegro)",12.55
488,Bosnia and Herzegovina,Russian Federation,8.73
489,Bosnia and Herzegovina,Italy,12.15
490,Croatia,Germany,10.32
491,Croatia,Bosnia and Herzegovina,11.59
492,Croatia,Slovenia,5.84
493,Croatia,China,7.18
494,Croatia,Russian Federation,9.08
495,Croatia,Italy,18.71
496,Croatia,Austria,5.29
497,Slovenia,Germany,19.63
498,Slovenia,Croatia,6.71
499,Slovenia,France,5.38
500,Slovenia,China,5.55
501,Slovenia,Italy,12.11
502,Slovenia,Austria,7.86
503,Belarus,Germany,6.84
504,Belarus,China,4.83
505,Belarus,Latvia,3.68
506,Belarus,United Kingdom,3.7
507,Belarus,Russian Federation,39.37
508,Belarus,Netherlands,11.25
509,Belarus,Ukraine,5.39
510,Latvia,Germany,8.72
511,Latvia,Sweden,6.29
512,Latvia,Poland,7.88
513,Latvia,Estonia,13.48
514,Latvia,Lithuania,16.23
515,Latvia,Russian Federation,10.59
516,Belize,Netherlands Antilles,13.62
517,Belize,Guatemala,8.19
518,Belize,Mexico,9.81
519,Belize,Costa Rica,4.43
520,Belize,China,10.55
521,Belize,United Kingdom,22.48
522,Belize,Netherlands,3.45
523,Belize,United States,46.83
524,Guatemala,Mexico,5.29
525,Guatemala,El Salvador,4.88
526,Guatemala,China,7.11
527,Guatemala,Nicaragua,4.17
528,Guatemala,Panama,3.17
529,Guatemala,Honduras,8.28
530,Guatemala,United States,38.81
531,Mexico,Germany,3.67
532,Mexico,Japan,4.98
533,Mexico,China,1.41
534,Mexico,"Korea, Rep.",4.22
535,Mexico,Brazil,1.27
536,Mexico,Spain,1.28
537,Mexico,United States,80.07
538,Mexico,Canada,3.57
539,Costa Rica,Japan,3.59
540,Costa Rica,Panama,4.76
541,Costa Rica,"Hong Kong, China",4.84
542,Costa Rica,Mexico,6.43
543,Costa Rica,China,7.12
544,Costa Rica,Nicaragua,4.19
545,Costa Rica,Netherlands,7.01
546,Costa Rica,Colombia,3.59
547,Costa Rica,United States,37.42
548,Bermuda,United Kingdom,3.7
549,Bermuda,Canada,8.03
550,Bermuda,China,0.96
551,Bermuda,Venezuela,7.14
552,Bermuda,United States,71.71
553,Bolivia,Brazil,34.23
554,Bolivia,Peru,6.94
555,Bolivia,China,11.65
556,Bolivia,Japan,6.53
557,Bolivia,Argentina,8.21
558,Bolivia,United States,9.98
559,Peru,Ecuador,4.75
560,Peru,Japan,4.57
561,Peru,China,15.18
562,Peru,Switzerland,10.74
563,Peru,Brazil,7.28
564,Peru,United States,17.13
565,Peru,Canada,9.3
566,Barbados,United Kingdom,16.78
567,Barbados,Canada,4.4
568,Barbados,Trinidad and Tobago,8.44
569,Barbados,Jamaica,5.64
570,Barbados,China,4.83
571,Barbados,St. Lucia,5.79
572,Barbados,United States,24.92
573,Jamaica,Norway,5.16
574,Jamaica,Trinidad and Tobago,13.8
575,Jamaica,Brazil,3.89
576,Jamaica,China,4.65
577,Jamaica,Venezuela,14.02
578,Jamaica,United Kingdom,6.32
579,Jamaica,Netherlands,5.14
580,Jamaica,United States,49.65
581,Jamaica,Canada,12.31
582,St. Lucia,United Kingdom,6.7
583,St. Lucia,Japan,4.2
584,St. Lucia,Dominica,2.26
585,St. Lucia,Trinidad and Tobago,19.12
586,St. Lucia,Barbados,3.59
587,St. Lucia,United States,57.77
588,Brunei,Japan,9.95
589,Brunei,China,6.59
590,Brunei,"Korea, Rep.",16.69
591,Brunei,Singapore,19.1
592,Brunei,Australia,10.33
593,Brunei,Indonesia,7.1
594,Brunei,Malaysia,23.62
595,Brunei,United States,9.71
596,Indonesia,Japan,12.51
597,Indonesia,China,9.95
598,Indonesia,"Korea, Rep.",7.97
599,Indonesia,Singapore,14.92
600,Indonesia,Malaysia,6.38
601,Indonesia,United States,9.06
602,Malaysia,Japan,12.58
603,Malaysia,Thailand,5.35
604,Malaysia,China,12.6
605,Malaysia,Singapore,11.38
606,Malaysia,United States,9.55
607,Bhutan,Japan,2.17
608,Bhutan,Thailand,2.53
609,Bhutan,"Hong Kong, China",11.57
610,Bhutan,India,82.43
611,Bhutan,"Korea, Rep.",5.13
612,Bhutan,Singapore,2.31
613,Bhutan,Nepal,0.21
614,Bhutan,Bangladesh,4.79
615,Nepal,Bhutan,2.13
616,Nepal,Thailand,2.0
617,Nepal,United Arab Emirates,3.79
618,Nepal,India,65.27
619,Nepal,Germany,4.09
620,Nepal,China,10.97
621,Nepal,United States,6.25
622,Nepal,Indonesia,2.08
623,Nepal,Bangladesh,6.86
624,Botswana,United Kingdom,55.72
625,Botswana,Norway,9.36
626,Botswana,South Africa,69.28
627,Botswana,Israel,5.28
628,Botswana,China,6.34
629,Botswana,Zimbabwe,3.59
630,Botswana,United States,1.47
631,Zimbabwe,South Africa,47.35
632,Zimbabwe,Mozambique,3.48
633,Zimbabwe,China,8.99
634,Zimbabwe,United Arab Emirates,12.47
635,Zimbabwe,Kuwait,5.94
636,Zimbabwe,United Kingdom,3.63
637,Zimbabwe,United States,13.82
638,Central African Republic,China,8.05
639,Central African Republic,Germany,9.35
640,Central African Republic,France,24.14
641,Central African Republic,India,5.43
642,Central African Republic,Netherlands,6.14
643,Central African Republic,Israel,7.41
644,Central African Republic,Cameroon,7.1
645,Central African Republic,Belgium,40.89
646,Cameroon,Germany,3.71
647,Cameroon,China,8.5
648,Cameroon,Chad,8.71
649,Cameroon,France,14.57
650,Cameroon,Italy,9.71
651,Cameroon,Spain,18.48
652,Cameroon,Netherlands,13.11
653,Cameroon,Bunkers,3.71
654,Cameroon,Nigeria,18.19
655,"Congo, Rep.",United Kingdom,6.62
656,"Congo, Rep.","Other Asia, nes",7.43
657,"Congo, Rep.",Equatorial Guinea,6.16
658,"Congo, Rep.",China,20.91
659,"Congo, Rep.",Angola,13.06
660,"Congo, Rep.",France,12.22
661,"Congo, Rep.",Singapore,10.09
662,"Congo, Rep.",United States,10.36
663,Cook Islands,Cote d'Ivoire,0.89
664,Cook Islands,China,14.2
665,Cook Islands,Fiji,9.37
666,Cook Islands,New Zealand,76.43
667,Cook Islands,Australia,5.54
668,Cook Islands,Indonesia,5.02
669,Cook Islands,Japan,49.65
670,Cook Islands,United States,2.92
671,Fiji,Singapore,33.12
672,Fiji,China,6.08
673,Fiji,Australia,20.32
674,Fiji,Japan,7.16
675,Fiji,Bunkers,9.88
676,Fiji,New Zealand,15.89
677,Fiji,United States,11.43
678,New Zealand,Germany,4.1
679,New Zealand,Japan,7.33
680,New Zealand,China,11.09
681,New Zealand,Australia,18.17
682,New Zealand,United Kingdom,3.51
683,New Zealand,United States,8.64
684,Ecuador,Chile,4.84
685,Ecuador,Panama,12.23
686,Ecuador,Peru,5.03
687,Ecuador,China,7.8
688,Ecuador,Colombia,9.82
689,Ecuador,United States,34.75
690,Ecuador,Venezuela,5.57
691,Comoros,South Africa,5.54
692,Comoros,United Arab Emirates,29.12
693,Comoros,India,5.05
694,Comoros,France,20.29
695,Comoros,China,7.69
696,Comoros,Madagascar,10.7
697,Comoros,Netherlands,5.12
698,Comoros,Singapore,23.73
699,Comoros,Pakistan,11.63
700,Madagascar,South Africa,7.74
701,Madagascar,Cote d'Ivoire,4.55
702,Madagascar,China,5.24
703,Madagascar,India,4.26
704,Madagascar,Germany,7.29
705,Madagascar,France,14.38
706,Madagascar,Bahrain,5.49
707,Madagascar,United States,5.78
708,Cape Verde,Germany,1.63
709,Cape Verde,Brazil,4.37
710,Cape Verde,China,4.29
711,Cape Verde,Netherlands,17.74
712,Cape Verde,Portugal,45.5
713,Cape Verde,Spain,6.83
714,Nicaragua,Mexico,7.66
715,Nicaragua,Costa Rica,8.2
716,Nicaragua,China,8.72
717,Nicaragua,Venezuela,17.73
718,Nicaragua,El Salvador,10.73
719,Nicaragua,United States,32.83
720,Nicaragua,Canada,8.52
721,Cyprus,Germany,9.28
722,Cyprus,United Kingdom,7.62
723,Cyprus,Greece,21.28
724,Cyprus,Israel,7.83
725,Cyprus,Lebanon,3.3
726,Cyprus,Bunkers,14.37
727,Cyprus,Italy,9.28
728,Lebanon,Germany,7.01
729,Lebanon,Switzerland,11.81
730,Lebanon,France,6.66
731,Lebanon,Iraq,6.28
732,Lebanon,China,9.12
733,Lebanon,United Arab Emirates,9.84
734,Lebanon,South Africa,8.1
735,Lebanon,Italy,7.76
736,Lebanon,United States,10.68
737,Poland,Germany,26.03
738,Poland,Czech Republic,5.93
739,Poland,France,4.31
740,Poland,China,9.48
741,Poland,United Kingdom,6.34
742,Poland,Russian Federation,10.45
743,Poland,Italy,5.98
744,Slovak Republic,Germany,19.13
745,Slovak Republic,Czech Republic,10.12
746,Slovak Republic,"Korea, Rep.",7.89
747,Slovak Republic,Poland,7.25
748,Slovak Republic,Russian Federation,8.98
749,Slovak Republic,Austria,6.82
750,Slovak Republic,Hungary,7.1
751,St. Kitts and Nevis,Germany,2.78
752,St. Kitts and Nevis,United Kingdom,2.6
753,St. Kitts and Nevis,Japan,2.64
754,St. Kitts and Nevis,Trinidad and Tobago,6.47
755,St. Kitts and Nevis,Barbados,2.08
756,St. Kitts and Nevis,St. Lucia,3.48
757,St. Kitts and Nevis,United States,74.02
758,St. Kitts and Nevis,Antigua and Barbuda,2.95
759,Denmark,Germany,14.94
760,Denmark,United Kingdom,7.9
761,Denmark,Sweden,12.83
762,Denmark,Norway,6.15
763,Denmark,China,7.77
764,Denmark,Netherlands,7.08
765,Denmark,Special Categories,9.14
766,Sweden,Denmark,6.51
767,Sweden,Germany,9.62
768,Sweden,United Kingdom,7.24
769,Sweden,Norway,9.86
770,Sweden,Netherlands,6.18
771,Sweden,United States,7.03
772,Dominican Republic,China,2.63
773,Dominican Republic,Mexico,6.0
774,Dominican Republic,Venezuela,7.16
775,Dominican Republic,United Kingdom,2.14
776,Dominican Republic,Haiti,16.82
777,Dominican Republic,Netherlands,2.59
778,Dominican Republic,Colombia,3.82
779,Dominican Republic,United States,57.71
780,Algeria,Germany,5.81
781,Algeria,France,14.93
782,Algeria,China,11.23
783,Algeria,Italy,15.39
784,Algeria,Spain,6.45
785,Algeria,Netherlands,7.3
786,Algeria,United States,24.24
787,"Egypt, Arab Rep.",Germany,7.59
788,"Egypt, Arab Rep.",India,4.66
789,"Egypt, Arab Rep.",Saudi Arabia,5.88
790,"Egypt, Arab Rep.",China,9.25
791,"Egypt, Arab Rep.",Italy,8.35
792,"Egypt, Arab Rep.",Spain,6.16
793,"Egypt, Arab Rep.",United States,5.88
794,Estonia,Germany,4.71
795,Estonia,Sweden,14.01
796,Estonia,Finland,15.31
797,Estonia,China,6.99
798,Estonia,Latvia,7.98
799,Estonia,Russian Federation,14.78
800,Finland,Germany,9.38
801,Finland,Sweden,11.32
802,Finland,China,7.29
803,Finland,Netherlands,6.57
804,Finland,Russian Federation,8.78
805,Finland,United States,6.6
806,Ethiopia(excludes Eritrea),United Arab Emirates,6.89
807,Ethiopia(excludes Eritrea),China,13.51
808,Ethiopia(excludes Eritrea),Switzerland,8.83
809,Ethiopia(excludes Eritrea),Germany,8.61
810,Ethiopia(excludes Eritrea),India,7.29
811,Ethiopia(excludes Eritrea),Saudi Arabia,7.17
812,Ethiopia(excludes Eritrea),United States,5.68
813,European Union,Japan,4.35
814,European Union,China,8.27
815,European Union,Switzerland,8.09
816,European Union,Russian Federation,6.28
817,European Union,United States,17.43
818,European Union,Turkey,4.5
819,"Micronesia, Fed. Sts.",Japan,8.22
820,"Micronesia, Fed. Sts.",Marshall Islands,0.61
821,"Micronesia, Fed. Sts.",Singapore,4.37
822,"Micronesia, Fed. Sts.",Guam,18.08
823,"Micronesia, Fed. Sts.",United States,1.37
824,"Micronesia, Fed. Sts.",Northern Mariana Islands,4.26
825,Ireland,Germany,7.17
826,Ireland,United Kingdom,13.94
827,Ireland,France,8.2
828,Ireland,China,5.17
829,Ireland,United States,23.78
830,Ireland,Belgium,14.91
831,Georgia,Germany,6.39
832,Georgia,China,6.4
833,Georgia,Armenia,9.76
834,Georgia,Azerbaijan,15.25
835,Georgia,Turkey,12.3
836,Georgia,United States,11.16
837,Georgia,Canada,7.08
838,Georgia,Ukraine,10.53
839,"Gambia, The",United Kingdom,14.76
840,"Gambia, The",India,5.11
841,"Gambia, The",Brazil,12.56
842,"Gambia, The",China,10.93
843,"Gambia, The",Netherlands,6.37
844,"Gambia, The",France,10.62
845,"Gambia, The",Senegal,26.47
846,"Gambia, The",Guinea,16.8
847,Senegal,United Kingdom,4.91
848,Senegal,India,10.04
849,Senegal,Switzerland,7.93
850,Senegal,France,19.72
851,Senegal,China,8.31
852,Senegal,Netherlands,5.3
853,Senegal,Bunkers,7.62
854,Senegal,Mali,26.12
855,Senegal,Nigeria,10.22
856,Grenada,United Kingdom,4.15
857,Grenada,Dominica,9.91
858,Grenada,Trinidad and Tobago,25.23
859,Grenada,China,4.3
860,Grenada,Venezuela,7.12
861,Grenada,St. Lucia,14.27
862,Grenada,Netherlands,13.32
863,Grenada,United States,17.48
864,Grenada,Canada,8.01
865,Greenland,Denmark,89.16
866,Greenland,Norway,1.21
867,Greenland,Iceland,2.11
868,Greenland,Portugal,4.11
869,Greenland,Sweden,21.42
870,Greenland,United States,2.06
871,Iceland,Germany,13.96
872,Iceland,Norway,9.06
873,Iceland,Brazil,8.69
874,Iceland,Netherlands,33.98
875,Iceland,United Kingdom,10.11
876,Iceland,Spain,4.74
877,Iceland,United States,4.57
878,El Salvador,Guatemala,13.98
879,El Salvador,Honduras,4.21
880,El Salvador,Mexico,9.28
881,El Salvador,Costa Rica,3.59
882,El Salvador,China,10.37
883,El Salvador,Nicaragua,5.42
884,El Salvador,United States,48.36
885,Honduras,Guatemala,5.52
886,Honduras,Germany,7.5
887,Honduras,Mexico,7.65
888,Honduras,El Salvador,4.36
889,Honduras,China,7.71
890,Honduras,Nicaragua,4.49
891,Honduras,United States,38.93
892,Guyana,Trinidad and Tobago,21.98
893,Guyana,Suriname,8.1
894,Guyana,China,5.78
895,Guyana,Venezuela,7.15
896,Guyana,United Kingdom,5.35
897,Guyana,Portugal,6.53
898,Guyana,United States,10.25
899,Guyana,Canada,39.62
900,Suriname,Switzerland,8.84
901,Suriname,Trinidad and Tobago,23.73
902,Suriname,Brazil,3.94
903,Suriname,China,7.21
904,Suriname,United Arab Emirates,13.74
905,Suriname,Netherlands,17.55
906,Suriname,United States,7.58
907,Suriname,Canada,28.51
908,Suriname,Belgium,10.08
909,Hungary,Germany,25.12
910,Hungary,Romania,5.38
911,Hungary,Poland,5.25
912,Hungary,Slovak Republic,5.35
913,Hungary,China,7.06
914,Hungary,United Kingdom,5.45
915,Hungary,Russian Federation,7.81
916,Hungary,Italy,5.54
917,Hungary,Austria,6.19
918,Jordan,Germany,6.05
919,Jordan,India,11.15
920,Jordan,Iraq,16.04
921,Jordan,Saudi Arabia,9.42
922,Jordan,China,10.85
923,Jordan,"Egypt, Arab Rep.",4.54
924,Jordan,United States,13.22
925,Jordan,Free Zones,8.67
926,Kazakhstan,Germany,7.61
927,Kazakhstan,China,17.68
928,Kazakhstan,Russian Federation,5.25
929,Kazakhstan,France,7.74
930,Kazakhstan,Italy,16.73
931,Kazakhstan,Netherlands,7.27
932,Kazakhstan,Ukraine,5.65
933,Uganda,Kenya,11.76
934,Uganda,Japan,6.55
935,Uganda,Rwanda,9.23
936,Uganda,United Arab Emirates,7.47
937,Uganda,India,14.67
938,Uganda,China,8.89
939,Uganda,Fm Sudan,12.89
940,Uganda,"Congo, Dem. Rep.",11.37
941,Tanzania,Japan,7.09
942,Tanzania,South Africa,9.63
943,Tanzania,United Arab Emirates,8.39
944,Tanzania,China,16.21
945,Tanzania,India,5.59
946,Tanzania,Switzerland,17.54
947,Tanzania,Kenya,8.02
948,Kyrgyz Republic,Kazakhstan,12.21
949,Kyrgyz Republic,Switzerland,26.06
950,Kyrgyz Republic,China,20.68
951,Kyrgyz Republic,United Arab Emirates,20.3
952,Kyrgyz Republic,Uzbekistan,2.91
953,Kyrgyz Republic,Russian Federation,17.32
954,Kyrgyz Republic,United States,6.07
955,Cambodia,Thailand,14.09
956,Cambodia,"Hong Kong, China",11.29
957,Cambodia,China,24.2
958,Cambodia,"Other Asia, nes",9.73
959,Cambodia,Netherlands,4.22
960,Cambodia,United States,34.09
961,Cambodia,Canada,4.91
962,Cambodia,Vietnam,9.94
963,Cambodia,Singapore,7.69
964,Vietnam,Japan,10.63
965,Vietnam,Thailand,6.6
966,Vietnam,China,10.72
967,Vietnam,"Korea, Rep.",11.5
968,Vietnam,Australia,3.74
969,Vietnam,"Other Asia, nes",8.22
970,Vietnam,United States,19.73
971,Kiribati,Japan,7.38
972,Kiribati,"Other Asia, nes",37.1
973,Kiribati,"Hong Kong, China",18.3
974,Kiribati,Fiji,26.79
975,Kiribati,New Zealand,4.26
976,Kiribati,Singapore,10.66
977,Kiribati,Australia,28.08
978,Kiribati,Guam,11.78
979,Kiribati,United States,8.73
980,Kuwait,Germany,7.31
981,Kuwait,Japan,7.96
982,Kuwait,China,1.08
983,Kuwait,India,0.66
984,Kuwait,Saudi Arabia,0.78
985,Kuwait,United Arab Emirates,0.97
986,Kuwait,United States,11.44
987,Libya,China,9.35
988,Libya,Greece,4.46
989,Libya,"Korea, Rep.",9.21
990,Libya,France,15.54
991,Libya,Italy,42.27
992,Libya,Turkey,10.59
993,Libya,Spain,9.23
994,Sri Lanka,Japan,4.73
995,Sri Lanka,India,5.63
996,Sri Lanka,Germany,4.82
997,Sri Lanka,Singapore,13.08
998,Sri Lanka,China,10.05
999,Sri Lanka,United Kingdom,12.31
1000,Sri Lanka,Italy,5.58
1001,Sri Lanka,"Iran, Islamic Rep.",5.33
1002,Sri Lanka,United States,21.29
1003,Lesotho,South Africa,78.85
1004,Lesotho,"Korea, Rep.",3.24
1005,Lesotho,China,2.64
1006,Lesotho,"Egypt, Arab Rep.",0.45
1007,Lesotho,"Other Asia, nes",5.26
1008,Lesotho,United States,21.41
1009,Lesotho,Canada,1.57
1010,Lesotho,Bangladesh,0.28
1011,Lithuania,Germany,9.83
1012,Lithuania,Poland,7.72
1013,Lithuania,Netherlands,5.53
1014,Lithuania,Latvia,6.25
1015,Lithuania,Russian Federation,15.56
1016,Luxembourg,Germany,28.4
1017,Luxembourg,France,14.88
1018,Luxembourg,Netherlands,4.84
1019,Luxembourg,Italy,4.87
1020,Luxembourg,Belgium,24.85
1021,Macao,Japan,8.61
1022,Macao,"Hong Kong, China",10.55
1023,Macao,China,15.98
1024,Macao,Switzerland,7.55
1025,Macao,Germany,3.12
1026,Macao,France,9.07
1027,Macao,Mexico,2.64
1028,Macao,United States,19.25
1029,Morocco,India,6.05
1030,Morocco,France,15.57
1031,Morocco,China,8.39
1032,Morocco,Brazil,3.77
1033,Morocco,Italy,4.5
1034,Morocco,Spain,10.61
1035,Morocco,Saudi Arabia,5.96
1036,Morocco,United States,7.05
1037,Moldova,Germany,7.64
1038,Moldova,Romania,10.03
1039,Moldova,China,8.31
1040,Moldova,United Kingdom,5.33
1041,Moldova,Russian Federation,26.21
1042,Moldova,Italy,9.56
1043,Moldova,Ukraine,13.71
1044,Maldives,United Arab Emirates,18.77
1045,Maldives,Thailand,29.86
1046,Maldives,Sri Lanka,19.58
1047,Maldives,India,11.51
1048,Maldives,Singapore,17.92
1049,Maldives,Malaysia,7.13
1050,Maldives,United Kingdom,9.54
1051,Maldives,France,10.89
1052,Maldives,Italy,9.27
1053,North Macedonia,Germany,21.26
1054,North Macedonia,Greece,7.35
1055,North Macedonia,Bulgaria,8.77
1056,North Macedonia,"Serbia, FR(Serbia/Montenegro)",21.18
1057,North Macedonia,Russian Federation,10.09
1058,North Macedonia,Italy,7.02
1059,Malta,Germany,10.03
1060,Malta,United Kingdom,8.27
1061,Malta,France,7.82
1062,Malta,Netherlands,3.98
1063,Malta,Bunkers,19.31
1064,Malta,Italy,24.62
1065,Malta,United States,6.99
1066,Malta,Singapore,8.18
1067,Myanmar,Thailand,35.83
1068,Myanmar,"Hong Kong, China",17.94
1069,Myanmar,India,10.8
1070,Myanmar,"Korea, Rep.",5.19
1071,Myanmar,Singapore,23.06
1072,Myanmar,China,19.81
1073,Montenegro,Germany,7.06
1074,Montenegro,Bosnia and Herzegovina,7.3
1075,Montenegro,Greece,17.07
1076,Montenegro,"Serbia, FR(Serbia/Montenegro)",28.16
1077,Montenegro,Italy,14.78
1078,Montenegro,Hungary,8.77
1079,Mozambique,South Africa,34.42
1080,Mozambique,China,3.55
1081,Mozambique,India,5.66
1082,Mozambique,Netherlands,52.69
1083,Mozambique,Portugal,4.33
1084,Mozambique,Zimbabwe,3.21
1085,Mauritania,United Arab Emirates,12.11
1086,Mauritania,China,39.4
1087,Mauritania,Switzerland,13.05
1088,Mauritania,France,14.11
1089,Mauritania,Netherlands,10.63
1090,Mauritania,Japan,6.79
1091,Mauritania,Spain,7.2
1092,Mauritania,Belgium,9.9
1093,Mauritius,Japan,3.34
1094,Mauritius,South Africa,8.42
1095,Mauritius,France,8.83
1096,Mauritius,India,22.34
1097,Mauritius,China,13.32
1098,Mauritius,United Kingdom,23.73
1099,Mauritius,Italy,7.47
1100,Mauritius,Spain,7.04
1101,Mauritius,United States,10.89
1102,Malawi,Zambia,5.66
1103,Malawi,South Africa,29.3
1104,Malawi,United Arab Emirates,4.6
1105,Malawi,Germany,6.06
1106,Malawi,India,7.27
1107,Malawi,China,8.92
1108,Malawi,"Egypt, Arab Rep.",9.14
1109,Malawi,United States,6.51
1110,Malawi,Canada,10.01
1111,Malawi,Belgium,11.57
1112,Namibia,Germany,2.72
1113,Namibia,United Kingdom,12.58
1114,Namibia,South Africa,72.43
1115,Namibia,Angola,9.56
1116,Namibia,China,3.43
1117,Namibia,Netherlands,1.83
1118,Namibia,Spain,4.93
1119,New Caledonia,"Other Asia, nes",14.48
1120,New Caledonia,France,22.31
1121,New Caledonia,"Korea, Rep.",11.58
1122,New Caledonia,Singapore,12.86
1123,New Caledonia,China,17.64
1124,New Caledonia,Australia,9.71
1125,New Caledonia,Japan,18.83
1126,New Caledonia,New Zealand,3.81
1127,Niger,United Kingdom,5.17
1128,Niger,Nigeria,3.86
1129,Niger,Switzerland,15.61
1130,Niger,France,11.02
1131,Niger,China,43.77
1132,Niger,Japan,16.55
1133,Niger,United States,16.66
1134,Oman,Japan,16.72
1135,Oman,United Arab Emirates,11.59
1136,Oman,China,25.55
1137,Oman,India,4.52
1138,Oman,"Korea, Rep.",7.07
1139,Oman,United States,4.93
1140,Philippines,Japan,12.49
1141,Philippines,Thailand,7.02
1142,Philippines,"Hong Kong, China",8.42
1143,Philippines,China,11.12
1144,Philippines,Singapore,9.31
1145,Philippines,United States,14.7
1146,Palau,Japan,12.29
1147,Palau,Singapore,17.89
1148,Palau,Guam,17.2
1149,Palau,"Other Asia, nes",5.31
1150,Palau,United States,34.89
1151,Paraguay,Chile,9.27
1152,Paraguay,Japan,3.55
1153,Paraguay,Brazil,33.68
1154,Paraguay,China,34.22
1155,Paraguay,Argentina,8.52
1156,Paraguay,Russian Federation,6.57
1157,Paraguay,Italy,4.26
1158,Paraguay,United States,5.17
1159,Occ.Pal.Terr,Germany,2.09
1160,Occ.Pal.Terr,Jordan,5.42
1161,Occ.Pal.Terr,Israel,84.86
1162,Occ.Pal.Terr,China,4.58
1163,Occ.Pal.Terr,United Arab Emirates,2.04
1164,Occ.Pal.Terr,Algeria,1.24
1165,Occ.Pal.Terr,Turkey,4.52
1166,Occ.Pal.Terr,United States,1.26
1167,French Polynesia,"Hong Kong, China",29.95
1168,French Polynesia,France,28.07
1169,French Polynesia,Singapore,12.74
1170,French Polynesia,China,9.45
1171,French Polynesia,Japan,20.14
1172,French Polynesia,United Kingdom,10.71
1173,French Polynesia,New Zealand,8.1
1174,French Polynesia,United States,11.58
1175,Rwanda,Kenya,16.37
1176,Rwanda,Japan,6.32
1177,Rwanda,United Arab Emirates,6.16
1178,Rwanda,"Hong Kong, China",7.97
1179,Rwanda,Switzerland,22.65
1180,Rwanda,China,9.09
1181,Rwanda,Uganda,12.4
1182,Rwanda,Belgium,11.16
1183,Rwanda,"Congo, Dem. Rep.",7.55
1184,Fm Sudan,Germany,9.35
1185,Fm Sudan,Ethiopia(excludes Eritrea),1.31
1186,Fm Sudan,Japan,6.02
1187,Fm Sudan,United Arab Emirates,12.36
1188,Fm Sudan,China,72.01
1189,Fm Sudan,Saudi Arabia,5.56
1190,Fm Sudan,Singapore,1.66
1191,Solomon Islands,Philippines,8.16
1192,Solomon Islands,Thailand,5.95
1193,Solomon Islands,China,49.05
1194,Solomon Islands,Singapore,24.06
1195,Solomon Islands,Malaysia,5.34
1196,Solomon Islands,United Kingdom,7.41
1197,Solomon Islands,Spain,6.86
1198,Solomon Islands,Australia,32.35
1199,Solomon Islands,New Zealand,5.9
1200,Sao Tome and Principe,Gabon,5.14
1201,Sao Tome and Principe,Norway,4.61
1202,Sao Tome and Principe,Japan,2.34
1203,Sao Tome and Principe,Angola,15.65
1204,Sao Tome and Principe,Portugal,62.32
1205,Sao Tome and Principe,Netherlands,15.87
1206,Sao Tome and Principe,Belgium,2.71
1207,Eswatini,United Kingdom,3.9
1208,Eswatini,South Africa,89.04
1209,Eswatini,India,1.68
1210,Eswatini,China,2.24
1211,Eswatini,Australia,2.74
1212,Eswatini,"Other Asia, nes",1.36
1213,Eswatini,United States,8.4
1214,Eswatini,Mozambique,3.84
1215,Seychelles,South Africa,5.82
1216,Seychelles,United Arab Emirates,37.99
1217,Seychelles,France,5.01
1218,Seychelles,Singapore,5.11
1219,Seychelles,United Kingdom,18.61
1220,Seychelles,Italy,9.27
1221,Seychelles,Netherlands,4.19
1222,Seychelles,Spain,6.6
1223,Syrian Arab Republic,Germany,13.01
1224,Syrian Arab Republic,Iraq,20.21
1225,Syrian Arab Republic,Saudi Arabia,4.78
1226,Syrian Arab Republic,China,8.8
1227,Syrian Arab Republic,Russian Federation,6.31
1228,Syrian Arab Republic,Italy,13.39
1229,Syrian Arab Republic,Turkey,5.54
1230,Syrian Arab Republic,Ukraine,6.46
1231,Tonga,"Hong Kong, China",44.06
1232,Tonga,Fiji,10.13
1233,Tonga,New Zealand,31.89
1234,Tonga,Singapore,20.44
1235,Tonga,Japan,10.6
1236,Tonga,Samoa,3.93
1237,Tonga,Australia,9.2
1238,Tonga,United States,16.24
1239,Samoa,Japan,8.39
1240,Samoa,American Samoa,4.47
1241,Samoa,New Zealand,30.74
1242,Samoa,China,6.11
1243,Samoa,Australia,23.3
1244,Samoa,United States,2.62
1245,Tunisia,Germany,8.45
1246,Tunisia,France,18.92
1247,Tunisia,Libya,4.46
1248,Tunisia,China,6.05
1249,Tunisia,United Kingdom,5.02
1250,Tunisia,Russian Federation,4.66
1251,Tunisia,Italy,19.88
1252,Uruguay,China,5.41
1253,Uruguay,Brazil,21.11
1254,Uruguay,Argentina,8.55
1255,Uruguay,Venezuela,7.66
1256,Uruguay,Russian Federation,5.23
1257,Uruguay,United States,10.01
1258,Uruguay,Free Zones,14.17
1259,St. Vincent and the Grenadines,United Kingdom,10.92
1260,St. Vincent and the Grenadines,Canada,5.04
1261,St. Vincent and the Grenadines,Trinidad and Tobago,16.06
1262,St. Vincent and the Grenadines,China,5.32
1263,St. Vincent and the Grenadines,Barbados,11.33
1264,St. Vincent and the Grenadines,St. Lucia,20.61
1265,St. Vincent and the Grenadines,United States,32.99
1266,St. Vincent and the Grenadines,Antigua and Barbuda,7.41
1267,Vanuatu,Philippines,12.82
1268,Vanuatu,Fiji,7.91
1269,Vanuatu,New Zealand,13.57
1270,Vanuatu,Singapore,12.76
1271,Vanuatu,China,9.88
1272,Vanuatu,Australia,30.89
1273,Vanuatu,Indonesia,16.1
1274,Vanuatu,New Caledonia,8.26
1275, World,Germany,6.33
1276, World,Japan,5.5
1277, World,China,7.94
1278, World,France,3.45
1279, World,United Kingdom,3.73
1280, World,United States,11.67
1281,Yemen,Japan,5.32
1282,Yemen,United Arab Emirates,5.13
1283,Yemen,China,22.21
1284,Yemen,India,33.66
1285,Yemen,"Korea, Rep.",4.31
1286,Yemen,Netherlands,5.14
1287,Yemen,Saudi Arabia,6.13
1288,Yemen,Singapore,9.98
