,source,target,2011
0,Aruba,United Kingdom,4.41
1,Aruba,Curaçao,15.95
2,Aruba,Finland,3.55
3,Aruba,Netherlands,10.87
4,Aruba,Colombia,39.56
5,Aruba,United States,10.21
6,Aruba,Venezuela,19.9
7,United Kingdom,Germany,10.47
8,United Kingdom,Switzerland,7.47
9,United Kingdom,France,5.5
10,United Kingdom,China,9.2
11,United Kingdom,Netherlands,7.12
12,United Kingdom,United States,12.16
13,Finland,Germany,9.4
14,Finland,Sweden,11.77
15,Finland,China,3.62
16,Finland,Netherlands,6.63
17,Finland,United Kingdom,4.82
18,Finland,Russian Federation,9.29
19,Netherlands,Germany,24.23
20,Netherlands,United Kingdom,7.9
21,Netherlands,China,8.46
22,Netherlands,France,8.86
23,Netherlands,United States,4.8
24,Netherlands,Belgium,9.98
25,Colombia,Germany,4.05
26,Colombia,Chile,3.87
27,Colombia,Panama,3.44
28,Colombia,China,3.49
29,Colombia,Mexico,11.08
30,Colombia,Brazil,5.01
31,Colombia,Netherlands,4.43
32,Colombia,United States,38.54
33,United States,Germany,4.45
34,United States,Japan,5.86
35,United States,Canada,14.04
36,United States,China,7.03
37,United States,Mexico,13.38
38,United States,United Kingdom,3.78
39,Venezuela,"Other Asia, nes",13.91
40,Venezuela,China,0.54
41,Venezuela,Mexico,3.74
42,Venezuela,Brazil,9.45
43,Venezuela,Colombia,0.45
44,Venezuela,Panama,3.65
45,Venezuela,United States,0.53
46,Afghanistan,India,18.74
47,Afghanistan,Iraq,4.1
48,Afghanistan,China,9.03
49,Afghanistan,Pakistan,48.06
50,Afghanistan,Uzbekistan,11.46
51,Afghanistan,Russian Federation,8.79
52,Afghanistan,"Iran, Islamic Rep.",5.2
53,India,United Arab Emirates,12.4
54,India,China,5.55
55,India,Switzerland,6.78
56,India,Saudi Arabia,6.15
57,India,United States,10.92
58,India,Singapore,5.18
59,China,Japan,11.16
60,China,"Hong Kong, China",14.12
61,China,Germany,4.02
62,China,"Korea, Rep.",9.33
63,China,China,7.03
64,China,"Other Asia, nes",7.16
65,China,United States,17.12
66,Pakistan,United Arab Emirates,7.58
67,Pakistan,China,6.62
68,Pakistan,Germany,5.18
69,Pakistan,Afghanistan,10.5
70,Pakistan,Malaysia,6.26
71,Pakistan,Kuwait,8.93
72,Pakistan,Saudi Arabia,10.71
73,Pakistan,United States,15.15
74,Russian Federation,Germany,12.23
75,Russian Federation,Japan,4.9
76,Russian Federation,China,6.71
77,Russian Federation,Belarus,4.74
78,Russian Federation,Italy,5.4
79,Russian Federation,Netherlands,11.85
80,Russian Federation,Ukraine,6.53
81,"Iran, Islamic Rep.",Germany,5.75
82,"Iran, Islamic Rep.",United Arab Emirates,3.27
83,"Iran, Islamic Rep.","Other Asia, nes",47.0
84,"Iran, Islamic Rep.",China,4.05
85,"Iran, Islamic Rep.","Korea, Rep.",6.58
86,"Iran, Islamic Rep.",Iraq,3.56
87,Angola,"Other Asia, nes",8.11
88,Angola,China,36.67
89,Angola,India,10.3
90,Angola,"Korea, Rep.",11.3
91,Angola,Netherlands,8.74
92,Angola,Italy,3.42
93,Angola,Portugal,16.62
94,Angola,United States,24.8
95,"Other Asia, nes",Japan,18.54
96,"Other Asia, nes","Hong Kong, China",13.0
97,"Other Asia, nes",China,27.23
98,"Other Asia, nes","Korea, Rep.",6.34
99,"Other Asia, nes",Saudi Arabia,4.93
100,"Other Asia, nes",United States,11.81
101,"Other Asia, nes",Singapore,5.48
102,"Korea, Rep.",Japan,13.03
103,"Korea, Rep.","Hong Kong, China",5.58
104,"Korea, Rep.",China,24.17
105,"Korea, Rep.",Saudi Arabia,7.05
106,"Korea, Rep.",Australia,5.02
107,"Korea, Rep.",United States,10.16
108,"Korea, Rep.",Singapore,3.75
109,Italy,Germany,13.04
110,Italy,Switzerland,5.49
111,Italy,France,8.32
112,Italy,China,7.36
113,Italy,Netherlands,5.23
114,Italy,Spain,4.5
115,Italy,United States,6.05
116,Portugal,Germany,13.55
117,Portugal,Angola,5.44
118,Portugal,France,6.73
119,Portugal,Netherlands,4.83
120,Portugal,United Kingdom,5.21
121,Portugal,Spain,32.17
122,Portugal,Italy,5.41
123,Albania,Germany,5.73
124,Albania,Greece,5.07
125,Albania,China,6.39
126,Albania,"Serbia, FR(Serbia/Montenegro)",9.27
127,Albania,Italy,53.38
128,Albania,Turkey,7.37
129,Albania,Spain,3.57
130,Germany,China,6.11
131,Germany,France,7.25
132,Germany,Netherlands,6.3
133,Germany,United Kingdom,6.03
134,Germany,Italy,5.25
135,Germany,United States,6.95
136,Greece,Germany,7.83
137,Greece,Bulgaria,5.34
138,Greece,Netherlands,5.32
139,Greece,Russian Federation,10.21
140,Greece,Italy,9.49
141,Greece,"Iran, Islamic Rep.",5.8
142,Greece,Cyprus,6.02
143,Greece,Turkey,7.84
144,"Serbia, FR(Serbia/Montenegro)",Germany,11.3
145,"Serbia, FR(Serbia/Montenegro)",Romania,6.9
146,"Serbia, FR(Serbia/Montenegro)",Montenegro,7.56
147,"Serbia, FR(Serbia/Montenegro)",Bosnia and Herzegovina,10.11
148,"Serbia, FR(Serbia/Montenegro)",China,7.49
149,"Serbia, FR(Serbia/Montenegro)",Russian Federation,13.36
150,"Serbia, FR(Serbia/Montenegro)",Italy,11.09
151,"Serbia, FR(Serbia/Montenegro)",Hungary,4.58
152,Turkey,Germany,10.34
153,Turkey,Iraq,6.16
154,Turkey,China,9.01
155,Turkey,United Kingdom,6.04
156,Turkey,Russian Federation,9.95
157,Turkey,France,5.04
158,Turkey,Italy,5.82
159,Turkey,United States,6.66
160,Spain,Germany,10.3
161,Spain,United Kingdom,6.47
162,Spain,France,10.86
163,Spain,China,7.11
164,Spain,Italy,8.16
165,Spain,Portugal,8.17
166,Andorra,Germany,2.51
167,Andorra,Norway,4.96
168,Andorra,Switzerland,4.4
169,Andorra,France,17.39
170,Andorra,China,4.19
171,Andorra,Spain,60.33
172,Andorra,Italy,2.49
173,Norway,Germany,10.62
174,Norway,United Kingdom,28.14
175,Norway,Sweden,6.47
176,Norway,Denmark,6.32
177,Norway,China,9.13
178,Norway,France,6.8
179,Norway,Netherlands,11.67
180,Switzerland,Germany,20.15
181,Switzerland,France,8.61
182,Switzerland,Netherlands,4.35
183,Switzerland,United Kingdom,4.78
184,Switzerland,Italy,7.82
185,Switzerland,United States,10.26
186,France,Germany,16.72
187,France,China,8.05
188,France,United Kingdom,6.63
189,France,Italy,8.12
190,France,Spain,5.96
191,France,Belgium,7.67
192,United Arab Emirates,Germany,3.96
193,United Arab Emirates,"Other Asia, nes",37.82
194,United Arab Emirates,India,9.6
195,United Arab Emirates,Switzerland,1.93
196,United Arab Emirates,China,7.09
197,United Arab Emirates,"Iran, Islamic Rep.",5.63
198,United Arab Emirates,United States,6.89
199,Argentina,Germany,4.93
200,Argentina,Chile,5.75
201,Argentina,China,7.27
202,Argentina,Brazil,20.87
203,Argentina,Spain,3.67
204,Argentina,United States,5.18
205,Chile,China,22.76
206,Chile,Brazil,5.49
207,Chile,"Korea, Rep.",5.43
208,Chile,Japan,11.13
209,Chile,Argentina,6.34
210,Chile,United States,11.03
211,Brazil,Germany,6.61
212,Brazil,China,17.47
213,Brazil,"Korea, Rep.",4.5
214,Brazil,Japan,3.73
215,Brazil,Argentina,8.95
216,Brazil,Netherlands,4.9
217,Brazil,United States,10.22
218,Armenia,Germany,12.08
219,Armenia,Bulgaria,11.65
220,Armenia,China,10.11
221,Armenia,Russian Federation,16.91
222,Armenia,Turkey,6.04
223,Armenia,Netherlands,8.97
224,Armenia,"Iran, Islamic Rep.",5.45
225,Armenia,United States,7.69
226,Armenia,Ukraine,5.83
227,Bulgaria,Germany,11.93
228,Bulgaria,Romania,6.91
229,Bulgaria,Greece,7.05
230,Bulgaria,Russian Federation,17.67
231,Bulgaria,Italy,8.51
232,Bulgaria,Turkey,8.52
233,Ukraine,Germany,8.31
234,Ukraine,Poland,4.09
235,Ukraine,India,3.31
236,Ukraine,China,7.59
237,Ukraine,Russian Federation,28.98
238,Ukraine,Italy,4.44
239,Ukraine,Turkey,5.48
240,Ukraine,Belarus,5.1
241,Antigua and Barbuda,United Kingdom,8.33
242,Antigua and Barbuda,Trinidad and Tobago,6.87
243,Antigua and Barbuda,Jamaica,4.25
244,Antigua and Barbuda,China,2.86
245,Antigua and Barbuda,Barbados,7.44
246,Antigua and Barbuda,United States,38.13
247,Trinidad and Tobago,Gabon,13.6
248,Trinidad and Tobago,Brazil,6.44
249,Trinidad and Tobago,Jamaica,4.21
250,Trinidad and Tobago,Argentina,4.28
251,Trinidad and Tobago,Russian Federation,8.45
252,Trinidad and Tobago,France,3.72
253,Trinidad and Tobago,Spain,3.96
254,Trinidad and Tobago,Colombia,11.65
255,Trinidad and Tobago,United States,48.78
256,Jamaica,Trinidad and Tobago,12.92
257,Jamaica,Brazil,5.03
258,Jamaica,Slovenia,3.18
259,Jamaica,China,4.39
260,Jamaica,Venezuela,14.9
261,Jamaica,United Kingdom,6.88
262,Jamaica,Netherlands,5.63
263,Jamaica,United States,51.72
264,Jamaica,Canada,16.25
265,Barbados,United Kingdom,10.82
266,Barbados,Trinidad and Tobago,16.92
267,Barbados,Suriname,4.76
268,Barbados,China,4.08
269,Barbados,St. Lucia,3.73
270,Barbados,Bunkers,25.75
271,Barbados,United States,13.87
272,Australia,Germany,4.68
273,Australia,Japan,7.93
274,Australia,China,27.39
275,Australia,India,5.85
276,Australia,"Korea, Rep.",8.91
277,Australia,Singapore,6.23
278,Australia,United States,3.65
279,Japan,United Arab Emirates,5.01
280,Japan,"Other Asia, nes",6.19
281,Japan,"Hong Kong, China",5.22
282,Japan,China,19.68
283,Japan,"Korea, Rep.",8.04
284,Japan,Saudi Arabia,5.91
285,Japan,Australia,6.63
286,Japan,United States,15.51
287,Singapore,Japan,7.25
288,Singapore,"Hong Kong, China",10.82
289,Singapore,China,10.26
290,Singapore,"Korea, Rep.",5.91
291,Singapore,Indonesia,10.89
292,Singapore,Malaysia,12.25
293,Singapore,United States,5.33
294,Austria,Germany,30.75
295,Austria,Switzerland,5.27
296,Austria,China,4.88
297,Austria,France,4.08
298,Austria,Italy,7.67
299,Austria,Czech Republic,3.72
300,Austria,United States,5.13
301,Czech Republic,Germany,32.16
302,Czech Republic,Poland,6.32
303,Czech Republic,Slovak Republic,8.97
304,Czech Republic,China,12.54
305,Czech Republic,Russian Federation,5.37
306,Czech Republic,France,5.45
307,Czech Republic,Austria,4.55
308,Azerbaijan,Germany,8.68
309,Azerbaijan,Indonesia,3.45
310,Azerbaijan,Russian Federation,4.48
311,Azerbaijan,Guinea,6.45
312,Azerbaijan,France,15.24
313,Azerbaijan,Italy,35.28
314,Azerbaijan,Turkey,13.38
315,Azerbaijan,United States,8.59
316,Indonesia,Japan,10.95
317,Indonesia,China,11.27
318,Indonesia,"Korea, Rep.",7.33
319,Indonesia,Singapore,14.63
320,Indonesia,United States,8.11
321,Burundi,Denmark,7.45
322,Burundi,Tanzania,14.29
323,Burundi,Switzerland,17.12
324,Burundi,China,5.34
325,Burundi,United Arab Emirates,29.41
326,Burundi,United Kingdom,8.91
327,Burundi,Saudi Arabia,23.94
328,Burundi,Kenya,7.7
329,Burundi,Belgium,6.12
330,Denmark,Germany,14.56
331,Denmark,United Kingdom,9.29
332,Denmark,Sweden,12.26
333,Denmark,Norway,6.25
334,Denmark,China,7.0
335,Denmark,Netherlands,7.12
336,Denmark,Special Categories,8.54
337,Tanzania,South Africa,8.84
338,Tanzania,United Arab Emirates,11.12
339,Tanzania,China,14.31
340,Tanzania,Switzerland,19.35
341,Tanzania,Germany,4.84
342,Tanzania,India,13.99
343,Tanzania,Japan,7.52
344,Saudi Arabia,Germany,6.99
345,Saudi Arabia,Japan,6.44
346,Saudi Arabia,"Other Asia, nes",54.32
347,Saudi Arabia,China,1.64
348,Saudi Arabia,"Korea, Rep.",6.02
349,Saudi Arabia,United Arab Emirates,1.41
350,Saudi Arabia,United States,12.74
351,Saudi Arabia,Singapore,0.88
352,Belgium,Germany,16.48
353,Belgium,United Kingdom,6.54
354,Belgium,France,11.8
355,Belgium,Netherlands,12.81
356,Belgium,United States,4.36
357,Benin,United Kingdom,4.56
358,Benin,Nigeria,11.86
359,Benin,China,15.6
360,Benin,India,9.81
361,Benin,Chad,10.44
362,Benin,France,15.67
363,Benin,Togo,11.96
364,Benin,Indonesia,7.12
365,Benin,Belgium,4.6
366,Nigeria,Germany,4.71
367,Nigeria,India,10.18
368,Nigeria,Brazil,8.4
369,Nigeria,China,14.77
370,Nigeria,United Kingdom,6.22
371,Nigeria,Spain,5.9
372,Nigeria,United States,22.55
373,Nigeria,Antigua and Barbuda,7.09
374,Togo,Nigeria,7.97
375,Togo,France,9.11
376,Togo,Norway,7.66
377,Togo,Burkina Faso,12.75
378,Togo,China,16.35
379,Togo,Netherlands,5.58
380,Togo,Ghana,12.89
381,Togo,Benin,11.14
382,Togo,Belgium,4.06
383,Togo,Niger,9.01
384,Burkina Faso,Cote d'Ivoire,10.41
385,Burkina Faso,Switzerland,66.64
386,Burkina Faso,France,11.24
387,Burkina Faso,China,9.11
388,Burkina Faso,Netherlands,4.28
389,Burkina Faso,South Africa,9.86
390,Burkina Faso,United States,4.92
391,Burkina Faso,Belgium,2.16
392,Burkina Faso,Singapore,4.72
393,Cote d'Ivoire,Thailand,5.17
394,Cote d'Ivoire,Nigeria,23.37
395,Cote d'Ivoire,Germany,7.41
396,Cote d'Ivoire,France,11.77
397,Cote d'Ivoire,China,6.85
398,Cote d'Ivoire,Netherlands,11.73
399,Cote d'Ivoire,Colombia,3.85
400,Cote d'Ivoire,United States,11.93
401,Cote d'Ivoire,Canada,5.74
402,South Africa,Germany,5.07
403,South Africa,Japan,4.61
404,South Africa,China,11.57
405,South Africa,Saudi Arabia,4.33
406,South Africa,United States,7.57
407,Bangladesh,Thailand,22.78
408,Bangladesh,Germany,15.55
409,Bangladesh,India,11.23
410,Bangladesh,Singapore,5.16
411,Bangladesh,China,8.76
412,Bangladesh,United Kingdom,9.49
413,Bangladesh,France,6.42
414,Bangladesh,Spain,4.41
415,Bangladesh,United States,21.0
416,Bangladesh,Indonesia,5.97
417,Thailand,Japan,18.45
418,Thailand,United Arab Emirates,6.33
419,Thailand,"Hong Kong, China",7.2
420,Thailand,China,11.98
421,Thailand,Malaysia,5.42
422,Thailand,United States,9.57
423,Romania,Germany,18.64
424,Romania,France,5.77
425,Romania,China,4.62
426,Romania,Italy,12.85
427,Romania,Hungary,8.71
428,Romania,Turkey,6.16
429,Bahrain,Japan,3.34
430,Bahrain,Qatar,3.45
431,Bahrain,Brazil,7.13
432,Bahrain,Saudi Arabia,7.28
433,Bahrain,China,7.75
434,Bahrain,United Arab Emirates,2.66
435,Bahrain,Oman,3.4
436,Bahrain,United States,4.74
437,Oman,Japan,12.64
438,Oman,United Arab Emirates,7.4
439,Oman,China,30.25
440,Oman,India,9.76
441,Oman,Saudi Arabia,5.0
442,Oman,United States,5.9
443,"Bahamas, The",United Kingdom,4.35
444,"Bahamas, The",Japan,0.57
445,"Bahamas, The",Germany,1.56
446,"Bahamas, The",Trinidad and Tobago,4.67
447,"Bahamas, The",France,3.7
448,"Bahamas, The",United States,78.31
449,"Bahamas, The",Canada,3.0
450,Canada,Germany,2.87
451,Canada,Japan,2.93
452,Canada,China,3.77
453,Canada,Mexico,1.23
454,Canada,United Kingdom,4.21
455,Canada,United States,73.65
456,Bosnia and Herzegovina,Germany,14.75
457,Bosnia and Herzegovina,Croatia,14.34
458,Bosnia and Herzegovina,Slovenia,8.6
459,Bosnia and Herzegovina,"Serbia, FR(Serbia/Montenegro)",12.16
460,Bosnia and Herzegovina,Russian Federation,10.53
461,Bosnia and Herzegovina,Italy,11.72
462,Croatia,Germany,10.1
463,Croatia,Bosnia and Herzegovina,12.25
464,Croatia,Slovenia,6.22
465,Croatia,China,7.07
466,Croatia,Russian Federation,7.22
467,Croatia,Italy,15.8
468,Croatia,Austria,5.7
469,Slovenia,Germany,21.09
470,Slovenia,Croatia,6.75
471,Slovenia,France,4.46
472,Slovenia,China,5.13
473,Slovenia,Italy,11.9
474,Slovenia,Austria,7.83
475,Belarus,Germany,4.39
476,Belarus,China,4.73
477,Belarus,Latvia,7.61
478,Belarus,Russian Federation,34.76
479,Belarus,Netherlands,14.8
480,Belarus,Ukraine,4.43
481,Latvia,Germany,8.27
482,Latvia,Sweden,6.34
483,Latvia,Poland,8.1
484,Latvia,Estonia,13.64
485,Latvia,Lithuania,18.12
486,Latvia,Russian Federation,10.56
487,Belize,Guatemala,6.83
488,Belize,Mexico,9.1
489,Belize,Jamaica,2.68
490,Belize,China,14.68
491,Belize,United Kingdom,15.9
492,Belize,Curaçao,13.09
493,Belize,United States,58.4
494,Belize,Dominican Republic,2.79
495,Guatemala,Mexico,5.03
496,Guatemala,El Salvador,4.94
497,Guatemala,China,6.89
498,Guatemala,Nicaragua,4.52
499,Guatemala,Honduras,8.01
500,Guatemala,Colombia,3.59
501,Guatemala,United States,41.58
502,Mexico,Germany,3.67
503,Mexico,Japan,4.7
504,Mexico,China,1.71
505,Mexico,"Korea, Rep.",3.89
506,Mexico,Colombia,1.61
507,Mexico,Spain,1.4
508,Mexico,United States,78.64
509,Mexico,Canada,3.06
510,Dominican Republic,China,5.4
511,Dominican Republic,Mexico,5.98
512,Dominican Republic,Trinidad and Tobago,4.6
513,Dominican Republic,Venezuela,6.81
514,Dominican Republic,United Kingdom,1.92
515,Dominican Republic,Haiti,16.58
516,Dominican Republic,Netherlands,2.1
517,Dominican Republic,United States,54.49
518,Bermuda,United Kingdom,3.14
519,Bermuda,Canada,12.19
520,Bermuda,China,0.92
521,Bermuda,Venezuela,4.03
522,Bermuda,United States,70.97
523,Bolivia,Japan,7.55
524,Bolivia,Brazil,32.93
525,Bolivia,Peru,5.1
526,Bolivia,China,14.02
527,Bolivia,Argentina,11.66
528,Bolivia,United States,9.68
529,Peru,Ecuador,4.96
530,Peru,China,15.03
531,Peru,Switzerland,12.8
532,Peru,Brazil,6.44
533,Peru,Japan,4.69
534,Peru,Argentina,4.86
535,Peru,United States,13.52
536,Peru,Canada,9.12
537,Suriname,Switzerland,9.37
538,Suriname,Trinidad and Tobago,25.41
539,Suriname,Brazil,3.23
540,Suriname,China,6.51
541,Suriname,United Arab Emirates,26.06
542,Suriname,Netherlands,16.03
543,Suriname,United States,11.19
544,Suriname,Canada,18.58
545,Suriname,Belgium,10.16
546,St. Lucia,United Kingdom,5.66
547,St. Lucia,Japan,2.63
548,St. Lucia,Dominica,2.96
549,St. Lucia,Trinidad and Tobago,40.54
550,St. Lucia,Barbados,4.06
551,St. Lucia,United States,31.68
552,Brunei,India,8.07
553,Brunei,"Korea, Rep.",16.01
554,Brunei,Singapore,19.5
555,Brunei,China,9.15
556,Brunei,Australia,9.92
557,Brunei,Indonesia,6.82
558,Brunei,Malaysia,18.54
559,Brunei,Japan,43.35
560,Brunei,United States,9.84
561,Malaysia,Japan,11.38
562,Malaysia,Thailand,5.14
563,Malaysia,China,13.14
564,Malaysia,Singapore,12.79
565,Malaysia,United States,8.3
566,Malaysia,Indonesia,6.11
567,Bhutan,Japan,3.16
568,Bhutan,Thailand,2.51
569,Bhutan,"Hong Kong, China",16.18
570,Bhutan,India,75.73
571,Bhutan,"Korea, Rep.",5.99
572,Bhutan,Singapore,3.79
573,Bhutan,Italy,0.57
574,Bhutan,Bangladesh,5.83
575,"Hong Kong, China",Japan,8.48
576,"Hong Kong, China","Other Asia, nes",2.55
577,"Hong Kong, China",China,54.13
578,"Hong Kong, China",India,2.71
579,"Hong Kong, China",Singapore,6.46
580,"Hong Kong, China",United States,9.36
581,Botswana,United Kingdom,62.19
582,Botswana,Norway,4.79
583,Botswana,South Africa,69.05
584,Botswana,Israel,5.16
585,Botswana,China,9.66
586,Botswana,Zimbabwe,3.22
587,Botswana,United States,1.89
588,Israel,Germany,6.21
589,Israel,"Hong Kong, China",7.88
590,Israel,India,4.48
591,Israel,China,7.41
592,Israel,United Kingdom,5.05
593,Israel,United States,28.66
594,Israel,Belgium,6.07
595,Zimbabwe,Zambia,2.74
596,Zimbabwe,South Africa,56.75
597,Zimbabwe,China,5.96
598,Zimbabwe,United Arab Emirates,6.69
599,Zimbabwe,Kuwait,10.03
600,Zimbabwe,Mozambique,4.18
601,Zimbabwe,United States,7.2
602,Central African Republic,Germany,6.41
603,Central African Republic,Japan,13.65
604,Central African Republic,China,8.41
605,Central African Republic,Cameroon,9.76
606,Central African Republic,France,31.71
607,Cameroon,Germany,4.5
608,Cameroon,China,8.47
609,Cameroon,France,17.33
610,Cameroon,Italy,6.5
611,Cameroon,Netherlands,19.34
612,Cameroon,United States,4.24
613,Cameroon,Belgium,5.5
614,"Congo, Rep.",Gabon,14.31
615,"Congo, Rep.","Other Asia, nes",5.82
616,"Congo, Rep.",China,27.85
617,"Congo, Rep.",Angola,8.66
618,"Congo, Rep.",France,7.61
619,"Congo, Rep.",Singapore,8.16
620,"Congo, Rep.",United States,13.62
621,"Congo, Rep.",Nigeria,11.5
622,Cook Islands,Vietnam,3.9
623,Cook Islands,Cote d'Ivoire,0.76
624,Cook Islands,China,14.66
625,Cook Islands,Fiji,9.99
626,Cook Islands,New Zealand,77.11
627,Cook Islands,Japan,58.78
628,Cook Islands,Australia,5.3
629,Cook Islands,United States,6.05
630,Vietnam,Japan,9.74
631,Vietnam,China,11.98
632,Vietnam,Germany,3.47
633,Vietnam,"Korea, Rep.",12.34
634,Vietnam,Singapore,5.99
635,Vietnam,"Other Asia, nes",8.02
636,Vietnam,United States,17.51
637,Fiji,Singapore,30.82
638,Fiji,China,8.3
639,Fiji,Australia,19.6
640,Fiji,Japan,5.92
641,Fiji,United Kingdom,7.39
642,Fiji,Bunkers,19.5
643,Fiji,New Zealand,13.76
644,Fiji,United States,9.73
645,New Zealand,Japan,6.23
646,New Zealand,China,12.34
647,New Zealand,"Korea, Rep.",3.51
648,New Zealand,Singapore,4.61
649,New Zealand,Australia,15.72
650,New Zealand,United States,8.38
651,Panama,Mexico,3.3
652,Panama,Costa Rica,4.07
653,Panama,Singapore,14.6
654,Panama,China,23.88
655,Panama,Colombia,11.73
656,Panama,Free Zones,12.38
657,Panama,United States,24.1
658,Panama,Venezuela,16.18
659,Comoros,United Arab Emirates,32.49
660,Comoros,Germany,4.94
661,Comoros,France,22.15
662,Comoros,China,4.29
663,Comoros,Madagascar,9.65
664,Comoros,Netherlands,9.43
665,Comoros,Vietnam,4.42
666,Comoros,Singapore,37.85
667,Comoros,Pakistan,12.61
668,Madagascar,South Africa,6.69
669,Madagascar,United Arab Emirates,16.83
670,Madagascar,Mauritius,4.88
671,Madagascar,China,6.79
672,Madagascar,Germany,5.8
673,Madagascar,France,12.57
674,Madagascar,Canada,5.6
675,Madagascar,Singapore,7.31
676,Cape Verde,Germany,13.58
677,Cape Verde,Brazil,3.76
678,Cape Verde,Netherlands,8.32
679,Cape Verde,Portugal,39.05
680,Cape Verde,Spain,10.05
681,Cape Verde,Italy,3.46
682,Costa Rica,Japan,3.77
683,Costa Rica,Panama,5.48
684,Costa Rica,"Hong Kong, China",5.06
685,Costa Rica,Mexico,6.68
686,Costa Rica,China,8.37
687,Costa Rica,Nicaragua,4.46
688,Costa Rica,Netherlands,6.71
689,Costa Rica,Colombia,3.59
690,Costa Rica,United States,38.26
691,Nicaragua,Mexico,8.05
692,Nicaragua,Costa Rica,8.57
693,Nicaragua,China,9.22
694,Nicaragua,Venezuela,15.74
695,Nicaragua,El Salvador,8.72
696,Nicaragua,United States,30.43
697,Nicaragua,Canada,11.98
698,Cyprus,Germany,4.78
699,Cyprus,United Kingdom,8.92
700,Cyprus,Greece,23.61
701,Cyprus,Israel,10.11
702,Cyprus,Lebanon,3.4
703,Cyprus,Bunkers,18.25
704,Cyprus,Italy,8.02
705,Lebanon,Germany,5.66
706,Lebanon,Switzerland,12.07
707,Lebanon,France,7.49
708,Lebanon,Saudi Arabia,7.22
709,Lebanon,China,8.06
710,Lebanon,United Arab Emirates,7.56
711,Lebanon,South Africa,15.78
712,Lebanon,Italy,9.27
713,Lebanon,Turkey,6.47
714,Lebanon,United States,9.89
715,Poland,Germany,25.98
716,Poland,Czech Republic,6.21
717,Poland,France,4.17
718,Poland,China,8.66
719,Poland,United Kingdom,6.47
720,Poland,Russian Federation,12.2
721,Poland,Italy,5.36
722,Slovak Republic,Germany,20.11
723,Slovak Republic,Czech Republic,10.27
724,Slovak Republic,"Korea, Rep.",7.49
725,Slovak Republic,Poland,7.29
726,Slovak Republic,Russian Federation,10.15
727,Slovak Republic,Austria,6.98
728,Slovak Republic,Hungary,7.84
729,Sweden,Denmark,6.15
730,Sweden,Germany,9.61
731,Sweden,United Kingdom,6.84
732,Sweden,Norway,9.37
733,Sweden,Finland,6.04
734,Sweden,Netherlands,6.17
735,Algeria,Germany,5.42
736,Algeria,France,15.07
737,Algeria,China,10.03
738,Algeria,Italy,14.22
739,Algeria,Spain,7.26
740,Algeria,Netherlands,6.69
741,Algeria,United States,20.6
742,Ecuador,Chile,4.95
743,Ecuador,Panama,4.66
744,Ecuador,Mexico,4.41
745,Ecuador,Peru,7.9
746,Ecuador,China,13.7
747,Ecuador,Colombia,8.68
748,Ecuador,United States,43.53
749,Ecuador,Venezuela,6.6
750,"Egypt, Arab Rep.",Germany,6.31
751,"Egypt, Arab Rep.",India,7.17
752,"Egypt, Arab Rep.",Saudi Arabia,6.26
753,"Egypt, Arab Rep.",China,9.17
754,"Egypt, Arab Rep.",Kuwait,4.47
755,"Egypt, Arab Rep.",Italy,8.61
756,"Egypt, Arab Rep.",United States,5.76
757,"Egypt, Arab Rep.",Turkey,4.84
758,Kuwait,Germany,6.6
759,Kuwait,Japan,6.61
760,Kuwait,United Arab Emirates,0.67
761,Kuwait,China,0.81
762,Kuwait,India,0.62
763,Kuwait,Saudi Arabia,0.67
764,Kuwait,United States,10.69
765,Estonia,Germany,9.2
766,Estonia,Sweden,14.26
767,Estonia,Finland,13.75
768,Estonia,China,7.49
769,Estonia,Latvia,7.19
770,Estonia,Russian Federation,15.63
771,Estonia,United States,6.63
772,Ethiopia(excludes Eritrea),United Arab Emirates,5.28
773,Ethiopia(excludes Eritrea),China,14.83
774,Ethiopia(excludes Eritrea),Switzerland,7.13
775,Ethiopia(excludes Eritrea),Germany,11.98
776,Ethiopia(excludes Eritrea),India,8.62
777,Ethiopia(excludes Eritrea),Saudi Arabia,7.41
778,Ethiopia(excludes Eritrea),Italy,7.61
779,Ethiopia(excludes Eritrea),United States,5.93
780,European Union,China,8.67
781,European Union,Switzerland,9.07
782,European Union,Norway,4.54
783,European Union,Russian Federation,6.9
784,European Union,United States,16.53
785,European Union,Turkey,4.65
786,"Micronesia, Fed. Sts.",Japan,7.7
787,"Micronesia, Fed. Sts.",Marshall Islands,0.5
788,"Micronesia, Fed. Sts.",Singapore,5.14
789,"Micronesia, Fed. Sts.",Guam,22.5
790,"Micronesia, Fed. Sts.",United States,1.32
791,"Micronesia, Fed. Sts.",Northern Mariana Islands,2.92
792,Georgia,Germany,6.8
793,Georgia,Kazakhstan,7.17
794,Georgia,China,7.46
795,Georgia,Armenia,9.97
796,Georgia,Azerbaijan,19.47
797,Georgia,Turkey,9.79
798,Georgia,United States,6.56
799,Georgia,Ukraine,9.78
800,Kazakhstan,Germany,5.48
801,Kazakhstan,China,18.49
802,Kazakhstan,Russian Federation,8.53
803,Kazakhstan,France,6.15
804,Kazakhstan,Italy,17.08
805,Kazakhstan,Netherlands,7.53
806,Kazakhstan,United States,4.51
807,Kazakhstan,Ukraine,4.56
808,Ghana,United Kingdom,4.82
809,Ghana,Togo,25.32
810,Ghana,China,16.36
811,Ghana,United Arab Emirates,5.48
812,Ghana,South Africa,17.34
813,Ghana,France,9.49
814,Ghana,Italy,5.74
815,Ghana,United States,10.37
816,Ghana,Belgium,6.42
817,Ghana,Nigeria,6.68
818,"Gambia, The",United Kingdom,4.63
819,"Gambia, The",Cote d'Ivoire,21.29
820,"Gambia, The",China,3.11
821,"Gambia, The",Brazil,11.63
822,"Gambia, The",Mali,16.72
823,"Gambia, The",Senegal,4.66
824,"Gambia, The",Guinea,23.14
825,"Gambia, The",Guinea-Bissau,11.35
826,Mali,Cote d'Ivoire,8.05
827,Mali,China,3.63
828,Mali,Switzerland,11.76
829,Mali,France,10.28
830,Mali,Benin,7.58
831,Mali,Burkina Faso,4.18
832,Mali,South Africa,56.82
833,Mali,Senegal,21.38
834,Senegal,United Kingdom,5.26
835,Senegal,India,14.03
836,Senegal,Switzerland,8.71
837,Senegal,France,17.24
838,Senegal,China,6.61
839,Senegal,Netherlands,6.52
840,Senegal,Bunkers,8.94
841,Senegal,Mali,17.29
842,Senegal,Guinea,5.35
843,Senegal,Nigeria,9.16
844,Grenada,United Kingdom,3.76
845,Grenada,St. Kitts and Nevis,6.42
846,Grenada,Dominica,8.21
847,Grenada,Trinidad and Tobago,23.98
848,Grenada,China,3.6
849,Grenada,Venezuela,11.08
850,Grenada,St. Lucia,14.38
851,Grenada,Netherlands,14.87
852,Grenada,United States,17.0
853,St. Kitts and Nevis,United Kingdom,4.1
854,St. Kitts and Nevis,Canada,2.23
855,St. Kitts and Nevis,Dominica,2.24
856,St. Kitts and Nevis,Trinidad and Tobago,2.64
857,St. Kitts and Nevis,China,2.49
858,St. Kitts and Nevis,St. Lucia,2.36
859,St. Kitts and Nevis,United States,81.76
860,St. Kitts and Nevis,Antigua and Barbuda,3.05
861,Greenland,Denmark,88.6
862,Greenland,Iceland,2.14
863,Greenland,Norway,2.4
864,Greenland,China,2.3
865,Greenland,Faeroe Islands,3.01
866,Greenland,Portugal,3.23
867,Greenland,Sweden,20.76
868,Iceland,Germany,14.96
869,Iceland,Norway,4.42
870,Iceland,China,6.25
871,Iceland,Netherlands,32.39
872,Iceland,United Kingdom,9.01
873,Iceland,France,3.91
874,Iceland,United States,10.88
875,El Salvador,Guatemala,13.87
876,El Salvador,Honduras,4.27
877,El Salvador,Mexico,8.2
878,El Salvador,Costa Rica,4.02
879,El Salvador,China,9.77
880,El Salvador,Nicaragua,5.55
881,El Salvador,United States,46.09
882,Honduras,Germany,11.08
883,Honduras,Mexico,7.06
884,Honduras,El Salvador,4.36
885,Honduras,China,7.82
886,Honduras,Nicaragua,4.26
887,Honduras,Guatemala,7.02
888,Honduras,United States,35.08
889,Honduras,Belgium,6.94
890,Guyana,Trinidad and Tobago,21.24
891,Guyana,Suriname,7.51
892,Guyana,Jamaica,4.02
893,Guyana,China,6.02
894,Guyana,Venezuela,10.48
895,Guyana,United Kingdom,6.58
896,Guyana,United States,19.24
897,Guyana,Canada,34.11
898,Hungary,Germany,24.77
899,Hungary,Romania,6.08
900,Hungary,Slovak Republic,5.86
901,Hungary,China,6.0
902,Hungary,Russian Federation,8.76
903,Hungary,Italy,4.99
904,Hungary,Austria,6.58
905,Ireland,Germany,7.09
906,Ireland,United Kingdom,13.92
907,Ireland,France,8.16
908,Ireland,China,4.85
909,Ireland,United States,23.83
910,Ireland,Belgium,14.19
911,Jordan,Germany,4.26
912,Jordan,India,10.94
913,Jordan,Iraq,15.25
914,Jordan,Saudi Arabia,8.54
915,Jordan,China,9.96
916,Jordan,Italy,5.27
917,Jordan,United States,13.07
918,Jordan,Free Zones,8.68
919,Kyrgyz Republic,Japan,3.86
920,Kyrgyz Republic,Kazakhstan,14.64
921,Kyrgyz Republic,Switzerland,44.15
922,Kyrgyz Republic,Uzbekistan,6.29
923,Kyrgyz Republic,China,21.68
924,Kyrgyz Republic,United Arab Emirates,7.58
925,Kyrgyz Republic,Russian Federation,14.37
926,Kyrgyz Republic,United States,4.94
927,Cambodia,Thailand,11.83
928,Cambodia,"Hong Kong, China",7.8
929,Cambodia,China,28.31
930,Cambodia,United Kingdom,5.83
931,Cambodia,"Other Asia, nes",8.35
932,Cambodia,United States,31.43
933,Cambodia,Canada,5.71
934,Cambodia,Vietnam,14.37
935,Cambodia,Singapore,6.59
936,Kiribati,Morocco,14.11
937,Kiribati,Vietnam,5.87
938,Kiribati,"Other Asia, nes",57.67
939,Kiribati,"Hong Kong, China",6.74
940,Kiribati,Fiji,13.4
941,Kiribati,Singapore,17.74
942,Kiribati,China,7.04
943,Kiribati,Australia,36.05
944,Kiribati,United States,7.04
945,Morocco,India,6.95
946,Morocco,France,14.25
947,Morocco,China,6.52
948,Morocco,Brazil,5.16
949,Morocco,Spain,10.98
950,Morocco,Saudi Arabia,6.89
951,Morocco,United States,4.54
952,Sri Lanka,Japan,5.2
953,Sri Lanka,India,5.21
954,Sri Lanka,Singapore,7.81
955,Sri Lanka,China,10.84
956,Sri Lanka,United Kingdom,11.09
957,Sri Lanka,Italy,6.09
958,Sri Lanka,"Iran, Islamic Rep.",7.3
959,Sri Lanka,United States,21.41
960,Sri Lanka,Belgium,5.45
961,Lesotho,Zambia,0.47
962,Lesotho,South Africa,96.39
963,Lesotho,India,0.64
964,Lesotho,China,0.41
965,Lesotho,United Arab Emirates,0.7
966,Lesotho,United States,40.69
967,Lesotho,Canada,5.61
968,Lesotho,Belgium,3.02
969,Zambia,"Congo, Dem. Rep.",4.6
970,Zambia,South Africa,35.46
971,Zambia,China,17.28
972,Zambia,Switzerland,52.27
973,Zambia,India,3.43
974,Zambia,Kuwait,5.12
975,Zambia,United Kingdom,3.74
976,Lithuania,Germany,9.15
977,Lithuania,Poland,6.83
978,Lithuania,Estonia,6.49
979,Lithuania,Netherlands,4.9
980,Lithuania,Latvia,6.39
981,Lithuania,Russian Federation,16.56
982,Luxembourg,Germany,27.76
983,Luxembourg,France,12.58
984,Luxembourg,Italy,4.3
985,Luxembourg,Netherlands,5.35
986,Luxembourg,United States,5.16
987,Luxembourg,Belgium,24.93
988,Macao,Vietnam,2.66
989,Macao,"Hong Kong, China",12.12
990,Macao,China,13.89
991,Macao,Switzerland,7.22
992,Macao,Germany,2.42
993,Macao,France,9.99
994,Macao,Italy,7.46
995,Macao,United States,11.46
996,Moldova,Germany,4.8
997,Moldova,Romania,11.06
998,Moldova,China,7.7
999,Moldova,Russian Federation,28.22
1000,Moldova,Italy,9.7
1001,Moldova,Ukraine,12.35
1002,Mauritius,South Africa,7.08
1003,Mauritius,France,9.01
1004,Mauritius,India,23.41
1005,Mauritius,China,14.04
1006,Mauritius,United Kingdom,21.32
1007,Mauritius,Italy,8.07
1008,Mauritius,United States,10.49
1009,Mauritius,Spain,2.97
1010,Maldives,United Arab Emirates,21.85
1011,Maldives,Thailand,26.63
1012,Maldives,Sri Lanka,10.81
1013,Maldives,India,10.1
1014,Maldives,Singapore,21.57
1015,Maldives,Malaysia,5.4
1016,Maldives,United Kingdom,7.1
1017,Maldives,France,16.7
1018,Maldives,Italy,10.01
1019,North Macedonia,Germany,27.75
1020,North Macedonia,United Kingdom,8.44
1021,North Macedonia,Greece,4.87
1022,North Macedonia,Bulgaria,6.89
1023,North Macedonia,"Serbia, FR(Serbia/Montenegro)",19.88
1024,North Macedonia,Russian Federation,9.74
1025,North Macedonia,Italy,6.5
1026,Malta,Germany,8.55
1027,Malta,United Kingdom,6.78
1028,Malta,"Hong Kong, China",7.5
1029,Malta,France,7.04
1030,Malta,Russian Federation,5.7
1031,Malta,Bunkers,19.27
1032,Malta,Italy,27.09
1033,Malta,Singapore,5.41
1034,Myanmar,Japan,4.67
1035,Myanmar,Thailand,39.58
1036,Myanmar,"Hong Kong, China",6.8
1037,Myanmar,China,18.64
1038,Myanmar,India,11.43
1039,Myanmar,"Korea, Rep.",6.31
1040,Myanmar,Singapore,29.51
1041,Montenegro,Germany,5.73
1042,Montenegro,Croatia,10.16
1043,Montenegro,Greece,8.7
1044,Montenegro,"Serbia, FR(Serbia/Montenegro)",17.68
1045,Montenegro,Italy,6.88
1046,Montenegro,Hungary,17.02
1047,Montenegro,Bosnia and Herzegovina,7.61
1048,Mozambique,South Africa,33.64
1049,Mozambique,United Arab Emirates,6.36
1050,Mozambique,China,4.65
1051,Mozambique,India,4.77
1052,Mozambique,Netherlands,38.9
1053,Mozambique,United Kingdom,5.51
1054,Mozambique,"Iran, Islamic Rep.",4.21
1055,Mauritania,United Kingdom,6.0
1056,Mauritania,United Arab Emirates,25.86
1057,Mauritania,China,36.94
1058,Mauritania,Switzerland,13.61
1059,Mauritania,France,12.25
1060,Mauritania,Italy,10.02
1061,Mauritania,Spain,6.84
1062,Mauritania,Belgium,13.99
1063,Montserrat,United Kingdom,4.76
1064,Montserrat,Japan,2.55
1065,Montserrat,Trinidad and Tobago,7.18
1066,Montserrat,Curaçao,2.5
1067,Montserrat,United States,71.19
1068,Malawi,South Africa,24.67
1069,Malawi,United Arab Emirates,4.66
1070,Malawi,India,11.54
1071,Malawi,China,9.26
1072,Malawi,United Kingdom,7.64
1073,Malawi,Zimbabwe,8.56
1074,Malawi,Canada,8.78
1075,Malawi,United States,5.27
1076,Malawi,Belgium,6.51
1077,Namibia,Germany,2.03
1078,Namibia,Zambia,2.06
1079,Namibia,United Kingdom,14.38
1080,Namibia,South Africa,75.77
1081,Namibia,Angola,8.34
1082,Namibia,China,4.14
1083,Namibia,United States,6.98
1084,Namibia,Belgium,5.55
1085,New Caledonia,"Other Asia, nes",11.26
1086,New Caledonia,France,22.08
1087,New Caledonia,"Korea, Rep.",9.66
1088,New Caledonia,Singapore,14.61
1089,New Caledonia,China,10.05
1090,New Caledonia,Australia,9.56
1091,New Caledonia,Japan,20.06
1092,New Caledonia,United States,4.55
1093,Niger,United Kingdom,7.81
1094,Niger,Nigeria,5.0
1095,Niger,Switzerland,8.39
1096,Niger,France,12.18
1097,Niger,China,26.85
1098,Niger,Netherlands,5.55
1099,Niger,Japan,9.07
1100,Niger,United States,11.16
1101,Nepal,Thailand,1.71
1102,Nepal,United Arab Emirates,5.56
1103,Nepal,India,67.69
1104,Nepal,Germany,4.51
1105,Nepal,China,11.66
1106,Nepal,United Kingdom,2.18
1107,Nepal,United States,7.74
1108,Nepal,Indonesia,1.95
1109,Nepal,Bangladesh,2.87
1110,Philippines,Japan,11.02
1111,Philippines,"Hong Kong, China",7.7
1112,Philippines,China,12.7
1113,Philippines,"Korea, Rep.",7.29
1114,Philippines,Singapore,8.08
1115,Philippines,United States,14.79
1116,Palau,Japan,15.74
1117,Palau,Singapore,16.12
1118,Palau,Guam,24.52
1119,Palau,"Other Asia, nes",4.26
1120,Palau,United States,28.55
1121,Papua New Guinea,Japan,6.75
1122,Papua New Guinea,China,6.42
1123,Papua New Guinea,Germany,6.32
1124,Papua New Guinea,Singapore,11.07
1125,Papua New Guinea,Australia,39.46
1126,Papua New Guinea,United States,5.66
1127,Paraguay,Chile,6.96
1128,Paraguay,Switzerland,3.88
1129,Paraguay,Germany,7.39
1130,Paraguay,Brazil,32.15
1131,Paraguay,China,29.62
1132,Paraguay,Argentina,8.9
1133,Paraguay,Russian Federation,5.21
1134,Paraguay,United States,5.96
1135,Occ.Pal.Terr,Germany,2.29
1136,Occ.Pal.Terr,Jordan,5.22
1137,Occ.Pal.Terr,Israel,86.35
1138,Occ.Pal.Terr,Saudi Arabia,1.29
1139,Occ.Pal.Terr,China,4.44
1140,Occ.Pal.Terr,United Arab Emirates,1.18
1141,Occ.Pal.Terr,Turkey,4.91
1142,Occ.Pal.Terr,United States,1.17
1143,French Polynesia,"Hong Kong, China",26.56
1144,French Polynesia,France,26.4
1145,French Polynesia,Singapore,15.38
1146,French Polynesia,China,9.42
1147,French Polynesia,Indonesia,5.26
1148,French Polynesia,Japan,20.78
1149,French Polynesia,New Zealand,8.52
1150,French Polynesia,United States,16.07
1151,Rwanda,Kenya,15.73
1152,Rwanda,United Arab Emirates,6.27
1153,Rwanda,Switzerland,18.86
1154,Rwanda,India,7.37
1155,Rwanda,China,9.86
1156,Rwanda,Uganda,12.44
1157,Rwanda,France,11.87
1158,Rwanda,Belgium,11.7
1159,Rwanda,"Congo, Dem. Rep.",11.15
1160,Uganda,Kenya,10.49
1161,Uganda,Japan,5.74
1162,Uganda,Rwanda,8.96
1163,Uganda,United Arab Emirates,6.64
1164,Uganda,India,16.48
1165,Uganda,China,9.28
1166,Uganda,Fm Sudan,15.25
1167,Uganda,"Congo, Dem. Rep.",8.45
1168,Fm Sudan,Ethiopia(excludes Eritrea),3.14
1169,Fm Sudan,Japan,6.2
1170,Fm Sudan,United Arab Emirates,10.5
1171,Fm Sudan,China,70.4
1172,Fm Sudan,India,6.52
1173,Fm Sudan,Saudi Arabia,2.89
1174,Solomon Islands,Philippines,7.49
1175,Solomon Islands,Thailand,5.41
1176,Solomon Islands,China,44.01
1177,Solomon Islands,Singapore,21.14
1178,Solomon Islands,Australia,31.21
1179,Solomon Islands,Malaysia,6.6
1180,Solomon Islands,Netherlands,5.03
1181,Solomon Islands,New Zealand,6.02
1182,Sao Tome and Principe,Japan,2.63
1183,Sao Tome and Principe,Angola,8.03
1184,Sao Tome and Principe,France,2.58
1185,Sao Tome and Principe,Portugal,59.9
1186,Sao Tome and Principe,Netherlands,20.49
1187,Sao Tome and Principe,United States,4.47
1188,Sao Tome and Principe,Belgium,15.58
1189,Eswatini,South Africa,84.99
1190,Eswatini,India,0.88
1191,Eswatini,China,5.61
1192,Eswatini,"Other Asia, nes",2.99
1193,Eswatini,Italy,5.1
1194,Eswatini,Kenya,3.27
1195,Eswatini,United States,3.16
1196,Eswatini,Mozambique,3.49
1197,Seychelles,South Africa,4.2
1198,Seychelles,United Arab Emirates,21.35
1199,Seychelles,Luxembourg,4.01
1200,Seychelles,France,4.13
1201,Seychelles,United Kingdom,10.63
1202,Seychelles,Italy,4.59
1203,Seychelles,Spain,6.7
1204,Seychelles,Mauritius,29.91
1205,Turks and Caicos Isl.,"Korea, Rep.",0.17
1206,Turks and Caicos Isl.,"Bahamas, The",0.12
1207,Turks and Caicos Isl.,Haiti,0.69
1208,Turks and Caicos Isl.,United States,68.74
1209,Turks and Caicos Isl.,Dominican Republic,0.34
1210,Tonga,"Other Asia, nes",10.08
1211,Tonga,"Hong Kong, China",17.38
1212,Tonga,Fiji,8.86
1213,Tonga,New Zealand,30.25
1214,Tonga,Singapore,22.36
1215,Tonga,China,6.72
1216,Tonga,Japan,20.93
1217,Tonga,United States,10.78
1218,Tunisia,Germany,9.05
1219,Tunisia,France,18.29
1220,Tunisia,Libya,4.4
1221,Tunisia,China,6.08
1222,Tunisia,Russian Federation,5.75
1223,Tunisia,Italy,21.65
1224,Tunisia,Spain,4.3
1225,Uruguay,China,6.65
1226,Uruguay,Brazil,20.54
1227,Uruguay,Argentina,7.44
1228,Uruguay,Venezuela,3.72
1229,Uruguay,Russian Federation,4.99
1230,Uruguay,United States,10.34
1231,Uruguay,Free Zones,12.51
1232,St. Vincent and the Grenadines,United Kingdom,5.16
1233,St. Vincent and the Grenadines,Dominica,8.45
1234,St. Vincent and the Grenadines,Trinidad and Tobago,15.28
1235,St. Vincent and the Grenadines,China,3.53
1236,St. Vincent and the Grenadines,Barbados,11.93
1237,St. Vincent and the Grenadines,St. Lucia,22.22
1238,St. Vincent and the Grenadines,United States,33.94
1239,St. Vincent and the Grenadines,Antigua and Barbuda,11.8
1240,Vanuatu,Philippines,18.03
1241,Vanuatu,Fiji,7.98
1242,Vanuatu,New Zealand,12.69
1243,Vanuatu,Singapore,18.2
1244,Vanuatu,China,6.92
1245,Vanuatu,Australia,29.67
1246,Vanuatu,Malaysia,20.45
1247, World,Germany,6.18
1248, World,Japan,4.99
1249, World,China,7.98
1250, World,France,3.28
1251, World,United States,11.11
1252,Samoa,Japan,9.43
1253,Samoa,American Samoa,5.22
1254,Samoa,Tonga,2.82
1255,Samoa,New Zealand,27.89
1256,Samoa,Singapore,21.16
1257,Samoa,Australia,9.93
1258,Samoa,United States,11.31
1259,Yemen,United Arab Emirates,10.64
1260,Yemen,Thailand,18.26
1261,Yemen,China,32.4
1262,Yemen,Switzerland,7.54
1263,Yemen,India,13.67
1264,Yemen,"Korea, Rep.",8.03
1265,Yemen,Saudi Arabia,5.02
1266,Yemen,Netherlands,6.41
