,source,target,2012
0,Aruba,United Kingdom,5.4
1,Aruba,Curaçao,4.1
2,Aruba,Netherlands,11.48
3,Aruba,Colombia,39.37
4,Aruba,Paraguay,3.77
5,Aruba,United States,13.01
6,Aruba,Venezuela,29.32
7,United Kingdom,Germany,10.82
8,United Kingdom,France,5.48
9,United Kingdom,China,8.16
10,United Kingdom,Netherlands,7.87
11,United Kingdom,Ireland,5.3
12,United Kingdom,United States,13.34
13,Netherlands,Germany,24.7
14,Netherlands,United Kingdom,8.06
15,Netherlands,China,8.19
16,Netherlands,France,8.44
17,Netherlands,United States,4.72
18,Netherlands,Belgium,9.68
19,Colombia,Panama,4.84
20,Colombia,China,5.55
21,Colombia,Mexico,10.95
22,Colombia,Brazil,4.81
23,Colombia,Spain,4.88
24,Colombia,Argentina,3.98
25,Colombia,United States,36.86
26,Colombia,Venezuela,4.24
27,Paraguay,Switzerland,2.82
28,Paraguay,Germany,5.96
29,Paraguay,Brazil,39.51
30,Paraguay,China,27.55
31,Paraguay,Argentina,7.5
32,Paraguay,Russian Federation,9.73
33,Paraguay,Italy,3.2
34,Paraguay,United States,9.13
35,United States,Germany,4.8
36,United States,Japan,6.44
37,United States,Canada,14.2
38,United States,China,7.15
39,United States,Mexico,13.97
40,United States,United Kingdom,3.55
41,Venezuela,Chile,0.12
42,Venezuela,"Other Asia, nes",23.11
43,Venezuela,Mexico,4.09
44,Venezuela,Brazil,9.0
45,Venezuela,China,17.09
46,Venezuela,Netherlands,0.12
47,Venezuela,Colombia,4.82
48,Venezuela,United States,0.55
49,Afghanistan,Japan,9.68
50,Afghanistan,China,1.12
51,Afghanistan,India,16.25
52,Afghanistan,Pakistan,46.96
53,Afghanistan,"Iran, Islamic Rep.",6.2
54,Japan,United Arab Emirates,4.96
55,Japan,"Other Asia, nes",5.76
56,Japan,Thailand,5.47
57,Japan,China,18.05
58,Japan,"Korea, Rep.",7.7
59,Japan,Saudi Arabia,6.19
60,Japan,Australia,6.37
61,Japan,United States,17.79
62,China,Japan,9.78
63,China,"Hong Kong, China",15.79
64,China,Germany,3.38
65,China,"Korea, Rep.",9.28
66,China,China,7.86
67,China,"Other Asia, nes",7.27
68,China,United States,17.2
69,India,United Arab Emirates,12.36
70,India,"Hong Kong, China",4.12
71,India,China,5.09
72,India,Switzerland,5.87
73,India,Saudi Arabia,6.71
74,India,United States,12.84
75,India,Singapore,4.68
76,Pakistan,United Arab Emirates,11.67
77,Pakistan,China,10.64
78,Pakistan,Afghanistan,8.53
79,Pakistan,Malaysia,4.87
80,Pakistan,Kuwait,9.61
81,Pakistan,United Kingdom,5.07
82,Pakistan,Saudi Arabia,9.78
83,Pakistan,United States,14.9
84,Angola,South Africa,5.35
85,Angola,"Other Asia, nes",6.63
86,Angola,China,47.57
87,Angola,India,9.78
88,Angola,Singapore,7.7
89,Angola,Portugal,18.72
90,Angola,United States,9.31
91,Angola,Canada,4.97
92,South Africa,Botswana,5.11
93,South Africa,Germany,9.83
94,South Africa,Japan,4.42
95,South Africa,China,10.44
96,South Africa,Saudi Arabia,7.62
97,South Africa,United States,7.92
98,"Other Asia, nes",Japan,17.59
99,"Other Asia, nes","Hong Kong, China",12.59
100,"Other Asia, nes",China,26.8
101,"Other Asia, nes","Korea, Rep.",5.57
102,"Other Asia, nes",Saudi Arabia,5.46
103,"Other Asia, nes",United States,10.97
104,"Other Asia, nes",Singapore,6.67
105,Singapore,"Hong Kong, China",11.14
106,Singapore,China,10.65
107,Singapore,"Korea, Rep.",6.72
108,Singapore,Indonesia,10.83
109,Singapore,Malaysia,12.41
110,Singapore,"Other Asia, nes",6.56
111,Singapore,United States,5.39
112,Portugal,Germany,12.38
113,Portugal,Angola,6.61
114,Portugal,France,6.58
115,Portugal,Netherlands,4.79
116,Portugal,United Kingdom,5.28
117,Portugal,Spain,31.84
118,Portugal,Italy,5.2
119,Canada,Germany,3.1
120,Canada,Japan,3.25
121,Canada,China,4.27
122,Canada,Mexico,1.19
123,Canada,United Kingdom,4.13
124,Canada,United States,74.49
125,Albania,Germany,6.05
126,Albania,Greece,4.44
127,Albania,China,6.36
128,Albania,"Serbia, FR(Serbia/Montenegro)",8.93
129,Albania,Italy,51.1
130,Albania,Turkey,6.32
131,Albania,Spain,9.24
132,Germany,China,6.1
133,Germany,France,7.03
134,Germany,Netherlands,6.21
135,Germany,United Kingdom,6.43
136,Germany,Italy,5.28
137,Germany,United States,7.96
138,Greece,Germany,6.38
139,Greece,Bulgaria,5.53
140,Greece,China,4.71
141,Greece,Russian Federation,12.37
142,Greece,Italy,7.71
143,Greece,Bunkers,6.15
144,Greece,Saudi Arabia,5.5
145,Greece,Turkey,10.8
146,"Serbia, FR(Serbia/Montenegro)",Germany,11.65
147,"Serbia, FR(Serbia/Montenegro)",Romania,8.06
148,"Serbia, FR(Serbia/Montenegro)",Bosnia and Herzegovina,9.57
149,"Serbia, FR(Serbia/Montenegro)",China,7.32
150,"Serbia, FR(Serbia/Montenegro)",Russian Federation,7.71
151,"Serbia, FR(Serbia/Montenegro)",Italy,10.72
152,"Serbia, FR(Serbia/Montenegro)",Hungary,4.93
153,Italy,Germany,12.52
154,Italy,Switzerland,5.87
155,Italy,France,8.3
156,Italy,China,6.58
157,Italy,Netherlands,5.4
158,Italy,United Kingdom,4.86
159,Italy,Russian Federation,4.82
160,Italy,United States,6.83
161,Turkey,Germany,8.61
162,Turkey,Iraq,7.1
163,Turkey,China,9.0
164,Turkey,United Arab Emirates,5.36
165,Turkey,United Kingdom,5.7
166,Turkey,Russian Federation,11.26
167,Turkey,Italy,5.64
168,Turkey,"Iran, Islamic Rep.",6.51
169,Turkey,United States,5.97
170,Spain,Germany,10.56
171,Spain,France,10.6
172,Spain,China,6.9
173,Spain,Netherlands,4.38
174,Spain,United Kingdom,6.3
175,Spain,Italy,7.43
176,Spain,Portugal,7.0
177,Andorra,Germany,3.57
178,Andorra,Norway,5.88
179,Andorra,"Hong Kong, China",3.8
180,Andorra,Switzerland,4.47
181,Andorra,France,17.63
182,Andorra,China,3.72
183,Andorra,Spain,60.93
184,Andorra,Italy,2.38
185,Norway,Germany,11.98
186,Norway,United Kingdom,26.48
187,Norway,Sweden,6.34
188,Norway,Denmark,6.21
189,Norway,China,9.25
190,Norway,France,6.28
191,Norway,Netherlands,12.25
192,"Hong Kong, China",Japan,7.65
193,"Hong Kong, China","Other Asia, nes",2.2
194,"Hong Kong, China",China,57.69
195,"Hong Kong, China",India,2.24
196,"Hong Kong, China",Singapore,6.25
197,"Hong Kong, China",United States,8.86
198,Switzerland,Germany,14.98
199,Switzerland,United Arab Emirates,5.77
200,Switzerland,India,9.81
201,Switzerland,France,8.22
202,Switzerland,United Kingdom,9.66
203,Switzerland,Italy,9.39
204,Switzerland,United States,8.16
205,France,Germany,16.53
206,France,China,8.02
207,France,United Kingdom,6.75
208,France,Italy,7.38
209,France,Spain,6.77
210,France,United States,6.38
211,France,Belgium,7.55
212,United Arab Emirates,Japan,5.24
213,United Arab Emirates,"Other Asia, nes",27.81
214,United Arab Emirates,India,6.67
215,United Arab Emirates,Switzerland,5.15
216,United Arab Emirates,China,12.22
217,United Arab Emirates,"Iran, Islamic Rep.",4.63
218,United Arab Emirates,United States,9.03
219,Argentina,Germany,5.44
220,Argentina,Chile,6.32
221,Argentina,China,6.34
222,Argentina,Mexico,3.31
223,Argentina,Brazil,20.58
224,Argentina,Spain,3.14
225,Argentina,United States,5.03
226,Chile,China,23.09
227,Chile,Brazil,5.48
228,Chile,"Korea, Rep.",5.78
229,Chile,Japan,10.64
230,Chile,Argentina,6.61
231,Chile,United States,12.25
232,Mexico,Germany,3.64
233,Mexico,Japan,4.76
234,Mexico,China,1.54
235,Mexico,"Korea, Rep.",3.6
236,Mexico,Brazil,1.53
237,Mexico,Spain,1.9
238,Mexico,United States,77.75
239,Mexico,Canada,2.95
240,Brazil,Germany,6.25
241,Brazil,China,17.18
242,Brazil,"Korea, Rep.",4.09
243,Brazil,Japan,3.32
244,Brazil,Argentina,7.5
245,Brazil,Netherlands,5.58
246,Brazil,United States,11.17
247,Armenia,Germany,10.71
248,Armenia,Bulgaria,9.05
249,Armenia,China,9.31
250,Armenia,Russian Federation,19.46
251,Armenia,Turkey,4.99
252,Armenia,"Iran, Islamic Rep.",6.6
253,Armenia,Belgium,8.9
254,Armenia,Ukraine,5.06
255,Bulgaria,Germany,10.23
256,Bulgaria,Romania,6.53
257,Bulgaria,Greece,7.18
258,Bulgaria,Russian Federation,20.8
259,Bulgaria,Italy,8.48
260,Bulgaria,Turkey,9.4
261,Russian Federation,Germany,4.58
262,Russian Federation,Japan,4.96
263,Russian Federation,China,6.82
264,Russian Federation,Italy,5.34
265,Russian Federation,Netherlands,14.49
266,Russian Federation,United States,4.9
267,Russian Federation,Ukraine,5.68
268,Belgium,Germany,16.36
269,Belgium,United Kingdom,6.77
270,Belgium,France,11.57
271,Belgium,Netherlands,13.23
272,Belgium,United States,4.74
273,Ukraine,Germany,8.04
274,Ukraine,Poland,3.75
275,Ukraine,China,9.33
276,Ukraine,"Egypt, Arab Rep.",4.22
277,Ukraine,Russian Federation,25.67
278,Ukraine,Italy,3.61
279,Ukraine,Turkey,5.36
280,Ukraine,Belarus,5.99
281,Antigua and Barbuda,United Kingdom,18.53
282,Antigua and Barbuda,Japan,2.5
283,Antigua and Barbuda,Trinidad and Tobago,5.53
284,Antigua and Barbuda,China,5.65
285,Antigua and Barbuda,Barbados,9.48
286,Antigua and Barbuda,United States,22.0
287,Antigua and Barbuda,Dominican Republic,4.97
288,Trinidad and Tobago,Gabon,10.64
289,Trinidad and Tobago,Brazil,4.94
290,Trinidad and Tobago,Jamaica,3.91
291,Trinidad and Tobago,Argentina,4.86
292,Trinidad and Tobago,Russian Federation,6.88
293,Trinidad and Tobago,Netherlands,3.98
294,Trinidad and Tobago,Israel,2.83
295,Trinidad and Tobago,Colombia,12.66
296,Trinidad and Tobago,United States,47.87
297,Barbados,United Kingdom,5.52
298,Barbados,Trinidad and Tobago,11.47
299,Barbados,Suriname,6.21
300,Barbados,Jamaica,3.46
301,Barbados,China,4.21
302,Barbados,United States,26.32
303,Dominican Republic,China,4.96
304,Dominican Republic,Guatemala,1.82
305,Dominican Republic,Mexico,5.46
306,Dominican Republic,Trinidad and Tobago,4.55
307,Dominican Republic,Venezuela,6.88
308,Dominican Republic,Haiti,14.47
309,Dominican Republic,Netherlands,1.71
310,Dominican Republic,United States,54.73
311,Australia,Germany,4.64
312,Australia,Japan,7.87
313,Australia,China,29.6
314,Australia,India,4.92
315,Australia,"Korea, Rep.",8.02
316,Australia,Singapore,5.99
317,Australia,United States,3.71
318,"Korea, Rep.",Japan,12.39
319,"Korea, Rep.","Hong Kong, China",5.95
320,"Korea, Rep.",China,24.52
321,"Korea, Rep.",Qatar,4.91
322,"Korea, Rep.",Saudi Arabia,7.64
323,"Korea, Rep.",United States,10.73
324,"Korea, Rep.",Singapore,4.18
325,Austria,Germany,30.05
326,Austria,Switzerland,5.34
327,Austria,China,5.06
328,Austria,France,4.4
329,Austria,Italy,6.26
330,Austria,United States,5.28
331,Austria,Special Categories,5.18
332,Azerbaijan,Germany,8.09
333,Azerbaijan,India,7.93
334,Azerbaijan,China,6.55
335,Azerbaijan,Indonesia,7.38
336,Azerbaijan,Russian Federation,14.3
337,Azerbaijan,France,7.45
338,Azerbaijan,Italy,23.28
339,Azerbaijan,Turkey,15.77
340,Azerbaijan,Israel,6.99
341,Azerbaijan,United States,7.42
342,Indonesia,Japan,11.88
343,Indonesia,China,11.4
344,Indonesia,"Korea, Rep.",6.24
345,Indonesia,Singapore,13.61
346,Indonesia,Malaysia,6.39
347,Indonesia,United States,7.85
348,Israel,Germany,6.32
349,Israel,"Hong Kong, China",7.73
350,Israel,Switzerland,5.55
351,Israel,China,7.28
352,Israel,United Kingdom,5.65
353,Israel,United States,27.75
354,Israel,Belgium,4.64
355,Burundi,Tanzania,0.86
356,Burundi,India,7.77
357,Burundi,China,7.81
358,Burundi,United Arab Emirates,16.31
359,Burundi,Japan,0.64
360,Burundi,France,1.12
361,Burundi,Saudi Arabia,8.21
362,Burundi,Italy,17.62
363,Burundi,Belgium,7.93
364,Tanzania,South Africa,7.98
365,Tanzania,United Arab Emirates,8.75
366,Tanzania,China,9.46
367,Tanzania,Switzerland,14.4
368,Tanzania,India,8.66
369,Tanzania,Kenya,6.3
370,Tanzania,Bahrain,7.82
371,Saudi Arabia,Germany,7.22
372,Saudi Arabia,Japan,6.84
373,Saudi Arabia,"Other Asia, nes",53.75
374,Saudi Arabia,China,1.64
375,Saudi Arabia,"Korea, Rep.",6.2
376,Saudi Arabia,United Arab Emirates,1.43
377,Saudi Arabia,United States,13.39
378,Saudi Arabia,Singapore,0.9
379,Benin,Thailand,4.74
380,Benin,Nigeria,8.94
381,Benin,China,25.04
382,Benin,India,11.17
383,Benin,Chad,12.95
384,Benin,France,13.74
385,Benin,Togo,9.96
386,Benin,Malaysia,6.95
387,Benin,Belgium,5.18
388,Thailand,Japan,20.03
389,Thailand,United Arab Emirates,6.32
390,Thailand,"Hong Kong, China",5.71
391,Thailand,China,11.72
392,Thailand,Malaysia,5.41
393,Thailand,United States,9.94
394,Nigeria,United Kingdom,6.32
395,Nigeria,India,11.1
396,Nigeria,Brazil,7.54
397,Nigeria,China,21.51
398,Nigeria,Netherlands,6.96
399,Nigeria,United States,16.86
400,Togo,Nigeria,8.37
401,Togo,France,8.54
402,Togo,Burkina Faso,14.61
403,Togo,China,14.4
404,Togo,Netherlands,5.13
405,Togo,Poland,9.77
406,Togo,Benin,9.93
407,Togo,United States,7.94
408,Togo,Belgium,6.04
409,Togo,Niger,8.44
410,Malaysia,Japan,10.29
411,Malaysia,Thailand,5.36
412,Malaysia,China,12.64
413,Malaysia,Singapore,13.24
414,Malaysia,United States,8.67
415,Burkina Faso,United Kingdom,7.99
416,Burkina Faso,Cote d'Ivoire,9.45
417,Burkina Faso,China,3.22
418,Burkina Faso,Switzerland,62.19
419,Burkina Faso,France,8.42
420,Burkina Faso,South Africa,9.67
421,Burkina Faso,United States,6.96
422,Burkina Faso,Singapore,4.73
423,Cote d'Ivoire,Nigeria,25.7
424,Cote d'Ivoire,Germany,7.5
425,Cote d'Ivoire,France,12.39
426,Cote d'Ivoire,India,3.98
427,Cote d'Ivoire,China,7.33
428,Cote d'Ivoire,Netherlands,8.74
429,Cote d'Ivoire,Colombia,3.72
430,Cote d'Ivoire,United States,8.08
431,Bangladesh,Germany,14.77
432,Bangladesh,India,12.02
433,Bangladesh,Singapore,6.46
434,Bangladesh,China,17.82
435,Bangladesh,United Kingdom,10.45
436,Bangladesh,France,5.23
437,Bangladesh,Spain,4.69
438,Bangladesh,"Hong Kong, China",4.9
439,Bangladesh,United States,20.39
440,Bangladesh,Indonesia,5.14
441,Romania,Germany,18.59
442,Romania,France,5.67
443,Romania,Russian Federation,4.37
444,Romania,Italy,12.08
445,Romania,Hungary,8.99
446,Romania,Turkey,5.46
447,Bahrain,Japan,5.51
448,Bahrain,United Arab Emirates,3.95
449,Bahrain,Qatar,3.98
450,Bahrain,Saudi Arabia,11.4
451,Bahrain,China,9.54
452,Bahrain,United States,3.01
453,Qatar,Germany,6.47
454,Qatar,Japan,8.11
455,Qatar,United Arab Emirates,7.84
456,Qatar,China,5.13
457,Qatar,India,11.01
458,Qatar,"Korea, Rep.",18.61
459,Qatar,United States,10.8
460,Qatar,Singapore,5.29
461,"Bahamas, The",Japan,0.86
462,"Bahamas, The",Germany,3.39
463,"Bahamas, The",Trinidad and Tobago,3.92
464,"Bahamas, The",China,1.65
465,"Bahamas, The",France,3.18
466,"Bahamas, The",Kenya,1.57
467,"Bahamas, The",United States,81.56
468,"Bahamas, The",Canada,3.03
469,Bosnia and Herzegovina,Germany,15.36
470,Bosnia and Herzegovina,Croatia,14.44
471,Bosnia and Herzegovina,"Serbia, FR(Serbia/Montenegro)",9.02
472,Bosnia and Herzegovina,Russian Federation,9.79
473,Bosnia and Herzegovina,Italy,11.95
474,Bosnia and Herzegovina,Austria,8.33
475,Croatia,Germany,10.19
476,Croatia,Bosnia and Herzegovina,12.75
477,Croatia,Slovenia,5.84
478,Croatia,China,7.14
479,Croatia,Russian Federation,7.6
480,Croatia,Italy,15.3
481,Croatia,Austria,6.53
482,Belarus,Germany,3.75
483,Belarus,Poland,2.9
484,Belarus,China,5.05
485,Belarus,Latvia,7.1
486,Belarus,Russian Federation,35.09
487,Belarus,Netherlands,16.39
488,Belarus,Ukraine,4.97
489,Poland,Germany,24.91
490,Poland,Czech Republic,6.2
491,Poland,France,3.92
492,Poland,China,9.02
493,Poland,United Kingdom,6.77
494,Poland,Russian Federation,5.51
495,Poland,Italy,5.03
496,Latvia,Germany,7.93
497,Latvia,Poland,6.01
498,Latvia,Estonia,13.04
499,Latvia,Lithuania,16.0
500,Latvia,Russian Federation,11.4
501,Belize,Guatemala,5.68
502,Belize,Mexico,10.8
503,Belize,China,12.98
504,Belize,United Kingdom,19.33
505,Belize,Curaçao,13.95
506,Belize,Netherlands,6.46
507,Belize,United States,45.55
508,Belize,Trinidad and Tobago,4.04
509,Guatemala,Mexico,5.43
510,Guatemala,El Salvador,4.6
511,Guatemala,China,7.45
512,Guatemala,Nicaragua,4.67
513,Guatemala,Honduras,7.86
514,Guatemala,Colombia,3.25
515,Guatemala,United States,41.04
516,Bermuda,United Kingdom,7.33
517,Bermuda,Canada,11.09
518,Bermuda,Switzerland,2.45
519,Bermuda,Barbados,1.96
520,Bermuda,Venezuela,3.38
521,Bermuda,France,1.8
522,Bermuda,United States,55.38
523,Bolivia,Brazil,30.67
524,Bolivia,Peru,6.51
525,Bolivia,China,15.06
526,Bolivia,Japan,3.68
527,Bolivia,Argentina,17.74
528,Bolivia,United States,14.95
529,Peru,Ecuador,4.77
530,Peru,China,16.92
531,Peru,Switzerland,10.94
532,Peru,Brazil,6.12
533,Peru,Japan,5.55
534,Peru,Argentina,4.63
535,Peru,United States,14.39
536,Peru,Canada,7.44
537,Suriname,Switzerland,22.34
538,Suriname,Trinidad and Tobago,18.44
539,Suriname,Brazil,3.32
540,Suriname,China,6.53
541,Suriname,United Arab Emirates,33.71
542,Suriname,Netherlands,18.45
543,Suriname,United States,10.27
544,Suriname,Canada,5.42
545,Suriname,Belgium,9.14
546,Jamaica,Mexico,4.01
547,Jamaica,Trinidad and Tobago,10.62
548,Jamaica,Slovenia,4.17
549,Jamaica,China,4.72
550,Jamaica,United Arab Emirates,4.04
551,Jamaica,Venezuela,15.41
552,Jamaica,Netherlands,4.12
553,Jamaica,United States,48.1
554,Jamaica,Canada,7.1
555,Brunei,Japan,7.5
556,Brunei,India,8.91
557,Brunei,"Korea, Rep.",15.74
558,Brunei,New Zealand,5.09
559,Brunei,Singapore,23.5
560,Brunei,China,11.38
561,Brunei,Australia,7.45
562,Brunei,Malaysia,19.87
563,Brunei,United States,7.8
564,New Zealand,Japan,6.47
565,New Zealand,China,14.89
566,New Zealand,"Korea, Rep.",3.38
567,New Zealand,Singapore,4.47
568,New Zealand,Australia,15.22
569,New Zealand,United States,9.19
570,Bhutan,Japan,2.37
571,Bhutan,India,93.69
572,Bhutan,"Korea, Rep.",3.12
573,Bhutan,China,2.51
574,Bhutan,Nepal,0.38
575,Bhutan,Italy,0.44
576,Bhutan,Austria,1.77
577,Bhutan,Bangladesh,4.12
578,Nepal,Thailand,1.47
579,Nepal,United Arab Emirates,6.22
580,Nepal,China,2.52
581,Nepal,India,69.05
582,Nepal,Germany,3.39
583,Nepal,United States,6.49
584,Nepal,Indonesia,1.55
585,Nepal,Bangladesh,4.36
586,Botswana,United Kingdom,59.91
587,Botswana,Norway,5.63
588,Botswana,South Africa,66.75
589,Botswana,China,2.5
590,Botswana,Israel,5.33
591,Botswana,Namibia,5.18
592,Botswana,United States,1.72
593,Botswana,Belgium,4.29
594,Namibia,Botswana,6.78
595,Namibia,United Kingdom,11.75
596,Namibia,South Africa,69.67
597,Namibia,Switzerland,5.98
598,Namibia,Angola,9.32
599,Namibia,China,4.03
600,Namibia,Belgium,8.17
601,Central African Republic,Japan,7.36
602,Central African Republic,China,13.38
603,Central African Republic,Germany,7.33
604,Central African Republic,France,25.18
605,Central African Republic,India,5.78
606,Central African Republic,United Arab Emirates,10.07
607,Central African Republic,Cameroon,7.04
608,Central African Republic,Belgium,45.06
609,Cameroon,China,15.27
610,Cameroon,France,11.95
611,Cameroon,India,3.96
612,Cameroon,Netherlands,11.26
613,Cameroon,Portugal,11.79
614,Cameroon,Spain,11.24
615,Cameroon,Nigeria,17.77
616,"Congo, Rep.",Gabon,11.96
617,"Congo, Rep.",China,21.47
618,"Congo, Rep.",France,8.21
619,"Congo, Rep.",Brazil,6.15
620,"Congo, Rep.",Angola,25.57
621,"Congo, Rep.",Portugal,5.78
622,"Congo, Rep.",Netherlands,14.19
623,"Congo, Rep.",United States,6.15
624,"Congo, Rep.",Belgium,4.93
625,Panama,Mexico,4.06
626,Panama,Costa Rica,4.17
627,Panama,Singapore,12.54
628,Panama,China,21.65
629,Panama,Colombia,11.31
630,Panama,Free Zones,14.57
631,Panama,United States,24.27
632,Panama,Venezuela,18.03
633,Comoros,United Arab Emirates,10.12
634,Comoros,India,11.55
635,Comoros,France,22.91
636,Comoros,China,7.18
637,Comoros,Mayotte,5.56
638,Comoros,Netherlands,7.73
639,Comoros,Singapore,23.57
640,Comoros,Pakistan,12.66
641,Cape Verde,Brazil,4.08
642,Cape Verde,Jamaica,2.99
643,Cape Verde,Netherlands,10.1
644,Cape Verde,Portugal,39.85
645,Cape Verde,Spain,7.67
646,Cape Verde,United States,9.27
647,Costa Rica,Japan,3.05
648,Costa Rica,Panama,5.19
649,Costa Rica,"Hong Kong, China",4.74
650,Costa Rica,Mexico,6.47
651,Costa Rica,China,7.88
652,Costa Rica,Nicaragua,4.46
653,Costa Rica,Netherlands,7.56
654,Costa Rica,United States,38.28
655,Nicaragua,China,9.6
656,Nicaragua,Venezuela,13.38
657,Nicaragua,Mexico,10.64
658,Nicaragua,Curaçao,9.16
659,Nicaragua,El Salvador,5.51
660,Nicaragua,United States,46.16
661,Nicaragua,Canada,7.07
662,Nicaragua,Costa Rica,7.67
663,Cyprus,Germany,6.98
664,Cyprus,United Kingdom,8.94
665,Cyprus,Greece,20.25
666,Cyprus,Israel,11.78
667,Cyprus,Lebanon,3.54
668,Cyprus,Bunkers,18.68
669,Cyprus,Italy,8.17
670,Cyprus,United States,3.24
671,Lebanon,Germany,5.61
672,Lebanon,Switzerland,12.31
673,Lebanon,France,7.25
674,Lebanon,Syrian Arab Republic,6.61
675,Lebanon,Saudi Arabia,7.89
676,Lebanon,China,8.21
677,Lebanon,United Arab Emirates,7.81
678,Lebanon,South Africa,19.45
679,Lebanon,Italy,8.57
680,Lebanon,United States,11.21
681,Czech Republic,Germany,31.42
682,Czech Republic,Poland,6.09
683,Czech Republic,Slovak Republic,9.06
684,Czech Republic,China,11.22
685,Czech Republic,United Kingdom,4.8
686,Czech Republic,Russian Federation,5.66
687,Czech Republic,France,5.06
688,Slovak Republic,Germany,20.94
689,Slovak Republic,Czech Republic,9.87
690,Slovak Republic,"Korea, Rep.",9.69
691,Slovak Republic,Poland,8.04
692,Slovak Republic,Russian Federation,9.29
693,Slovak Republic,Austria,6.53
694,Slovak Republic,Hungary,7.74
695,Dominica,Guyana,9.52
696,Dominica,United Kingdom,3.96
697,Dominica,St. Kitts and Nevis,14.34
698,Dominica,Trinidad and Tobago,18.76
699,Dominica,Jamaica,16.23
700,Dominica,China,2.42
701,Dominica,France,8.77
702,Dominica,United States,36.76
703,Guyana,Trinidad and Tobago,14.46
704,Guyana,Suriname,7.11
705,Guyana,Jamaica,2.51
706,Guyana,China,9.72
707,Guyana,Venezuela,16.75
708,Guyana,United Kingdom,7.98
709,Guyana,United States,23.22
710,Guyana,Canada,35.24
711,St. Kitts and Nevis,United Kingdom,4.45
712,St. Kitts and Nevis,Japan,2.21
713,St. Kitts and Nevis,Canada,2.4
714,St. Kitts and Nevis,Dominica,1.88
715,St. Kitts and Nevis,Trinidad and Tobago,1.92
716,St. Kitts and Nevis,St. Lucia,2.66
717,St. Kitts and Nevis,United States,79.66
718,St. Kitts and Nevis,Antigua and Barbuda,5.57
719,Denmark,Germany,14.06
720,Denmark,Sweden,12.48
721,Denmark,Norway,6.57
722,Denmark,China,7.01
723,Denmark,Netherlands,7.35
724,Denmark,United Kingdom,9.4
725,Denmark,Special Categories,9.87
726,Sweden,Denmark,6.39
727,Sweden,Germany,9.57
728,Sweden,United Kingdom,7.52
729,Sweden,Norway,10.18
730,Sweden,Finland,6.39
731,Sweden,Netherlands,6.88
732,Algeria,Germany,5.14
733,Algeria,France,12.77
734,Algeria,China,11.84
735,Algeria,Italy,16.02
736,Algeria,Spain,8.62
737,Algeria,Netherlands,7.31
738,Algeria,United States,15.0
739,Ecuador,Chile,8.36
740,Ecuador,Peru,4.48
741,Ecuador,China,11.16
742,Ecuador,Colombia,4.44
743,Ecuador,Panama,6.6
744,Ecuador,United States,44.7
745,Ecuador,Venezuela,4.23
746,"Egypt, Arab Rep.",Germany,6.68
747,"Egypt, Arab Rep.",India,6.93
748,"Egypt, Arab Rep.",Saudi Arabia,6.23
749,"Egypt, Arab Rep.",China,9.43
750,"Egypt, Arab Rep.",Russian Federation,5.71
751,"Egypt, Arab Rep.",Italy,7.9
752,"Egypt, Arab Rep.",United States,6.85
753,"Egypt, Arab Rep.",Turkey,5.34
754,"Egypt, Arab Rep.",Ukraine,5.53
755,Estonia,Germany,8.52
756,Estonia,Sweden,14.1
757,Estonia,Finland,12.82
758,Estonia,China,7.04
759,Estonia,Latvia,7.73
760,Estonia,Russian Federation,17.51
761,Estonia,United States,6.5
762,Finland,Germany,8.78
763,Finland,Sweden,10.94
764,Finland,China,7.73
765,Finland,Netherlands,6.11
766,Finland,Russian Federation,9.89
767,Finland,United States,6.04
768,Ethiopia(excludes Eritrea),China,14.9
769,Ethiopia(excludes Eritrea),Switzerland,8.9
770,Ethiopia(excludes Eritrea),Germany,9.15
771,Ethiopia(excludes Eritrea),India,8.88
772,Ethiopia(excludes Eritrea),Sudan,7.06
773,Ethiopia(excludes Eritrea),Saudi Arabia,7.4
774,Ethiopia(excludes Eritrea),Kuwait,5.91
775,Ethiopia(excludes Eritrea),Italy,4.92
776,Sudan,United Arab Emirates,75.3
777,Sudan,China,2.87
778,Sudan,India,9.96
779,Sudan,Saudi Arabia,2.92
780,Sudan,"Egypt, Arab Rep.",7.04
781,Sudan,Canada,3.52
782,European Union,China,8.47
783,European Union,Switzerland,7.84
784,European Union,Norway,4.54
785,European Union,Russian Federation,7.24
786,European Union,United States,17.1
787,European Union,Turkey,4.42
788,Fiji,Singapore,31.85
789,Fiji,China,8.82
790,Fiji,Australia,18.31
791,Fiji,Japan,5.92
792,Fiji,United Kingdom,8.33
793,Fiji,Bunkers,17.67
794,Fiji,New Zealand,13.87
795,Fiji,United States,12.32
796,"Micronesia, Fed. Sts.",Japan,6.91
797,"Micronesia, Fed. Sts.",Marshall Islands,0.92
798,"Micronesia, Fed. Sts.",Singapore,4.83
799,"Micronesia, Fed. Sts.",Guam,27.83
800,"Micronesia, Fed. Sts.",United States,1.45
801,"Micronesia, Fed. Sts.",Northern Mariana Islands,2.07
802,"Micronesia, Fed. Sts.",Philippines,4.96
803,Philippines,Japan,10.65
804,Philippines,"Hong Kong, China",9.19
805,Philippines,China,11.85
806,Philippines,"Korea, Rep.",7.24
807,Philippines,"Other Asia, nes",7.77
808,Philippines,United States,14.24
809,Philippines,Singapore,9.35
810,Ireland,Germany,8.02
811,Ireland,United Kingdom,14.68
812,Ireland,Switzerland,5.42
813,Ireland,France,10.95
814,Ireland,China,4.91
815,Ireland,United States,20.07
816,Ireland,Belgium,14.56
817,Georgia,Germany,6.71
818,Georgia,China,7.63
819,Georgia,Armenia,10.76
820,Georgia,Azerbaijan,26.36
821,Georgia,Turkey,5.68
822,Georgia,United States,9.52
823,Georgia,Ukraine,7.3
824,Ghana,United Kingdom,5.37
825,Ghana,Switzerland,7.69
826,Ghana,India,4.39
827,Ghana,China,17.73
828,Ghana,United Arab Emirates,10.37
829,Ghana,South Africa,28.77
830,Ghana,France,8.94
831,Ghana,Italy,7.78
832,Ghana,United States,11.54
833,Ghana,Belgium,6.83
834,"Gambia, The",Cote d'Ivoire,26.63
835,"Gambia, The",China,6.76
836,"Gambia, The",Brazil,6.9
837,"Gambia, The",Turkey,4.47
838,"Gambia, The",Mali,31.26
839,"Gambia, The",Senegal,5.98
840,"Gambia, The",Guinea,28.64
841,"Gambia, The",Guinea-Bissau,8.63
842,Mali,Cote d'Ivoire,8.32
843,Mali,China,7.78
844,Mali,Switzerland,11.63
845,Mali,France,10.81
846,Mali,Benin,4.98
847,Mali,South Africa,51.79
848,Mali,Senegal,25.06
849,Mali,Malaysia,4.95
850,Senegal,United Kingdom,5.09
851,Senegal,India,11.48
852,Senegal,Switzerland,13.2
853,Senegal,France,14.75
854,Senegal,China,5.88
855,Senegal,Bunkers,9.13
856,Senegal,Mali,15.58
857,Senegal,Guinea,4.82
858,Senegal,Nigeria,11.78
859,Grenada,United Kingdom,3.07
860,Grenada,Trinidad and Tobago,28.76
861,Grenada,Barbados,2.62
862,Grenada,Venezuela,11.17
863,Grenada,St. Lucia,10.38
864,Grenada,Netherlands,16.69
865,Grenada,United States,14.04
866,Grenada,Canada,9.89
867,St. Lucia,Guyana,4.14
868,St. Lucia,United Kingdom,7.87
869,St. Lucia,Trinidad and Tobago,36.5
870,St. Lucia,Finland,2.73
871,St. Lucia,Barbados,3.34
872,St. Lucia,United States,34.71
873,Greenland,Denmark,90.08
874,Greenland,Germany,2.02
875,Greenland,Switzerland,2.57
876,Greenland,Iceland,1.98
877,Greenland,Norway,3.76
878,Greenland,China,2.83
879,Greenland,Portugal,3.17
880,Greenland,Sweden,21.59
881,Iceland,Germany,12.87
882,Iceland,Norway,5.1
883,Iceland,Brazil,6.65
884,Iceland,China,7.16
885,Iceland,United Kingdom,9.82
886,Iceland,Netherlands,29.96
887,Iceland,United States,4.51
888,El Salvador,Guatemala,13.39
889,El Salvador,Honduras,4.14
890,El Salvador,Mexico,7.25
891,El Salvador,Costa Rica,4.32
892,El Salvador,China,10.17
893,El Salvador,Nicaragua,6.0
894,El Salvador,United States,46.63
895,Honduras,Guatemala,3.71
896,Honduras,Germany,10.2
897,Honduras,Mexico,7.67
898,Honduras,El Salvador,4.47
899,Honduras,China,8.87
900,Honduras,United States,45.5
901,Honduras,Belgium,5.78
902,Slovenia,Germany,21.16
903,Slovenia,Croatia,4.3
904,Slovenia,China,5.45
905,Slovenia,France,5.51
906,Slovenia,Italy,11.31
907,Slovenia,Austria,8.1
908,Hungary,Germany,24.99
909,Hungary,Romania,5.96
910,Hungary,Slovak Republic,5.88
911,Hungary,China,5.74
912,Hungary,Russian Federation,8.78
913,Hungary,Italy,4.65
914,Hungary,Austria,7.04
915,Jordan,India,8.97
916,Jordan,Iraq,15.52
917,Jordan,Saudi Arabia,9.8
918,Jordan,China,9.39
919,Jordan,Turkey,4.6
920,Jordan,Italy,4.68
921,Jordan,United States,14.29
922,Jordan,Free Zones,9.86
923,Kazakhstan,Germany,5.1
924,Kazakhstan,China,17.86
925,Kazakhstan,Russian Federation,7.31
926,Kazakhstan,France,6.1
927,Kazakhstan,Italy,16.76
928,Kazakhstan,Netherlands,8.11
929,Kazakhstan,United States,4.76
930,Kazakhstan,Ukraine,6.56
931,Kyrgyz Republic,Japan,4.02
932,Kyrgyz Republic,Kazakhstan,24.06
933,Kyrgyz Republic,China,3.65
934,Kyrgyz Republic,Switzerland,32.55
935,Kyrgyz Republic,Uzbekistan,11.3
936,Kyrgyz Republic,Russian Federation,13.02
937,Kyrgyz Republic,United States,4.71
938,Cambodia,Thailand,13.41
939,Cambodia,"Hong Kong, China",6.8
940,Cambodia,Germany,7.36
941,Cambodia,China,29.84
942,Cambodia,United Kingdom,8.32
943,Cambodia,"Other Asia, nes",7.32
944,Cambodia,United States,32.74
945,Cambodia,Canada,6.81
946,Cambodia,Vietnam,14.13
947,Vietnam,Japan,10.2
948,Vietnam,China,11.21
949,Vietnam,"Korea, Rep.",13.65
950,Vietnam,Singapore,5.88
951,Vietnam,"Other Asia, nes",7.5
952,Vietnam,United States,17.18
953,Vietnam,Malaysia,3.93
954,Kiribati,Morocco,47.04
955,Kiribati,Vietnam,6.22
956,Kiribati,Japan,21.09
957,Kiribati,"Other Asia, nes",20.39
958,Kiribati,"Hong Kong, China",10.67
959,Kiribati,Fiji,13.93
960,Kiribati,Singapore,15.4
961,Kiribati,Australia,24.36
962,Kiribati,New Zealand,6.59
963,Morocco,India,5.42
964,Morocco,France,12.39
965,Morocco,China,6.63
966,Morocco,Brazil,5.91
967,Morocco,Spain,13.18
968,Morocco,Saudi Arabia,6.32
969,Morocco,United States,4.34
970,Sri Lanka,United Arab Emirates,7.23
971,Sri Lanka,India,6.39
972,Sri Lanka,Singapore,7.19
973,Sri Lanka,China,14.36
974,Sri Lanka,United Kingdom,11.33
975,Sri Lanka,Italy,5.51
976,Sri Lanka,"Iran, Islamic Rep.",3.7
977,Sri Lanka,United States,22.59
978,Sri Lanka,Belgium,4.96
979,Lesotho,South Africa,88.93
980,Lesotho,India,0.49
981,Lesotho,China,2.79
982,Lesotho,United Arab Emirates,1.64
983,Lesotho,"Other Asia, nes",4.7
984,Lesotho,"Hong Kong, China",0.73
985,Lesotho,United States,43.9
986,Lesotho,Canada,0.86
987,Lesotho,Belgium,3.19
988,Lithuania,Germany,7.78
989,Lithuania,Poland,9.72
990,Lithuania,Estonia,7.83
991,Lithuania,Netherlands,5.46
992,Lithuania,Latvia,6.05
993,Lithuania,United Kingdom,6.27
994,Lithuania,Russian Federation,18.88
995,Luxembourg,Germany,27.19
996,Luxembourg,France,13.0
997,Luxembourg,Italy,3.76
998,Luxembourg,Netherlands,5.16
999,Luxembourg,United States,8.31
1000,Luxembourg,Belgium,24.48
1001,Macao,Vietnam,2.38
1002,Macao,"Hong Kong, China",11.6
1003,Macao,China,16.12
1004,Macao,Switzerland,7.9
1005,Macao,Germany,1.15
1006,Macao,France,8.7
1007,Macao,Italy,7.56
1008,Macao,United States,7.47
1009,Moldova,Romania,11.9
1010,Moldova,China,7.98
1011,Moldova,United Kingdom,3.88
1012,Moldova,Russian Federation,30.3
1013,Moldova,Italy,9.36
1014,Moldova,Turkey,7.45
1015,Moldova,Ukraine,11.4
1016,Madagascar,United Arab Emirates,15.18
1017,Madagascar,China,8.5
1018,Madagascar,India,5.39
1019,Madagascar,Germany,6.36
1020,Madagascar,France,5.86
1021,Madagascar,Canada,5.7
1022,Madagascar,Bahrain,6.4
1023,Maldives,United Arab Emirates,29.92
1024,Maldives,Thailand,27.41
1025,Maldives,Sri Lanka,7.21
1026,Maldives,India,9.5
1027,Maldives,Singapore,18.15
1028,Maldives,Malaysia,5.49
1029,Maldives,United Kingdom,7.42
1030,Maldives,France,16.54
1031,Maldives,Italy,7.67
1032,North Macedonia,Germany,29.41
1033,North Macedonia,United Kingdom,8.6
1034,North Macedonia,Bulgaria,6.25
1035,North Macedonia,Greece,4.69
1036,North Macedonia,"Serbia, FR(Serbia/Montenegro)",17.2
1037,North Macedonia,Italy,7.0
1038,Malta,Germany,8.13
1039,Malta,United Kingdom,5.99
1040,Malta,"Hong Kong, China",7.74
1041,Malta,France,5.97
1042,Malta,Turkey,4.92
1043,Malta,Bunkers,17.21
1044,Malta,Italy,32.11
1045,Malta,Singapore,5.61
1046,Myanmar,Japan,11.28
1047,Myanmar,Thailand,26.45
1048,Myanmar,China,15.27
1049,Myanmar,India,30.52
1050,Myanmar,Singapore,26.45
1051,Myanmar,Malaysia,4.72
1052,Montenegro,Germany,6.33
1053,Montenegro,Bosnia and Herzegovina,7.51
1054,Montenegro,Croatia,22.9
1055,Montenegro,Slovenia,7.92
1056,Montenegro,China,7.17
1057,Montenegro,"Serbia, FR(Serbia/Montenegro)",22.84
1058,Montenegro,Greece,8.74
1059,Mozambique,United Kingdom,5.11
1060,Mozambique,South Africa,31.41
1061,Mozambique,United Arab Emirates,7.35
1062,Mozambique,China,18.37
1063,Mozambique,India,4.47
1064,Mozambique,Netherlands,26.56
1065,Mozambique,Bahrain,6.31
1066,Mauritania,United Arab Emirates,23.46
1067,Mauritania,China,44.05
1068,Mauritania,Switzerland,10.72
1069,Mauritania,France,11.18
1070,Mauritania,Japan,8.95
1071,Mauritania,Italy,6.95
1072,Mauritania,Spain,5.46
1073,Mauritania,Belgium,15.61
1074,Montserrat,Jamaica,2.15
1075,Montserrat,United Kingdom,4.36
1076,Montserrat,Japan,1.73
1077,Montserrat,St. Kitts and Nevis,15.29
1078,Montserrat,Trinidad and Tobago,6.36
1079,Montserrat,France,13.3
1080,Montserrat,Anguila,17.79
1081,Montserrat,United States,14.05
1082,Montserrat,Antigua and Barbuda,15.02
1083,Mauritius,South Africa,6.55
1084,Mauritius,France,8.31
1085,Mauritius,India,22.55
1086,Mauritius,China,16.14
1087,Mauritius,United Kingdom,18.75
1088,Mauritius,Spain,3.29
1089,Mauritius,United States,10.08
1090,Malawi,South Africa,21.0
1091,Malawi,United Arab Emirates,4.18
1092,Malawi,Mozambique,9.07
1093,Malawi,Switzerland,6.82
1094,Malawi,Germany,5.59
1095,Malawi,India,17.32
1096,Malawi,China,9.12
1097,Malawi,Canada,10.35
1098,Malawi,Belgium,7.01
1099,New Caledonia,"Other Asia, nes",11.78
1100,New Caledonia,China,10.51
1101,New Caledonia,France,22.24
1102,New Caledonia,"Korea, Rep.",12.13
1103,New Caledonia,Singapore,18.62
1104,New Caledonia,Japan,15.65
1105,New Caledonia,Australia,10.88
1106,New Caledonia,New Zealand,4.39
1107,Niger,Japan,5.94
1108,Niger,Nigeria,6.02
1109,Niger,Switzerland,6.21
1110,Niger,France,11.77
1111,Niger,China,21.21
1112,Niger,Mali,8.27
1113,Niger,United States,5.35
1114,Oman,United Arab Emirates,3.56
1115,Oman,China,2.01
1116,Oman,India,3.22
1117,Oman,Brazil,4.23
1118,Oman,Saudi Arabia,1.92
1119,Palau,Japan,9.66
1120,Palau,"Other Asia, nes",2.77
1121,Palau,"Hong Kong, China",3.09
1122,Palau,Singapore,4.7
1123,Palau,Guam,32.44
1124,Palau,United States,3.44
1125,Papua New Guinea,Japan,6.39
1126,Papua New Guinea,China,6.69
1127,Papua New Guinea,Germany,7.04
1128,Papua New Guinea,Singapore,14.3
1129,Papua New Guinea,Australia,34.35
1130,Papua New Guinea,Malaysia,6.33
1131,Occ.Pal.Terr,Germany,2.43
1132,Occ.Pal.Terr,Jordan,7.48
1133,Occ.Pal.Terr,Israel,81.7
1134,Occ.Pal.Terr,Saudi Arabia,1.41
1135,Occ.Pal.Terr,China,4.2
1136,Occ.Pal.Terr,United Arab Emirates,1.85
1137,Occ.Pal.Terr,Turkey,4.96
1138,Occ.Pal.Terr,United States,1.74
1139,French Polynesia,"Hong Kong, China",27.52
1140,French Polynesia,China,2.29
1141,French Polynesia,"Korea, Rep.",9.73
1142,French Polynesia,France,24.09
1143,French Polynesia,Japan,27.82
1144,French Polynesia,New Zealand,8.41
1145,French Polynesia,United States,16.95
1146,Rwanda,Kenya,27.39
1147,Rwanda,United Arab Emirates,5.74
1148,Rwanda,"Hong Kong, China",4.85
1149,Rwanda,Switzerland,19.32
1150,Rwanda,India,9.13
1151,Rwanda,China,13.93
1152,Rwanda,Uganda,11.88
1153,Rwanda,France,7.93
1154,Rwanda,Belgium,9.85
1155,Uganda,Kenya,10.78
1156,Uganda,Japan,5.36
1157,Uganda,Rwanda,9.59
1158,Uganda,United Arab Emirates,7.48
1159,Uganda,India,20.95
1160,Uganda,Sudan,17.25
1161,Uganda,China,11.32
1162,Uganda,"Congo, Dem. Rep.",10.22
1163,Solomon Islands,Philippines,6.27
1164,Solomon Islands,Thailand,5.36
1165,Solomon Islands,China,38.64
1166,Solomon Islands,Singapore,28.19
1167,Solomon Islands,Australia,31.77
1168,Solomon Islands,Malaysia,5.62
1169,Solomon Islands,United Kingdom,8.62
1170,Solomon Islands,New Zealand,5.11
1171,Sao Tome and Principe,Gabon,2.15
1172,Sao Tome and Principe,Angola,22.47
1173,Sao Tome and Principe,France,9.16
1174,Sao Tome and Principe,Portugal,52.03
1175,Sao Tome and Principe,Spain,2.65
1176,Sao Tome and Principe,Netherlands,43.25
1177,Sao Tome and Principe,Turkey,9.17
1178,Sao Tome and Principe,Belgium,3.45
1179,Eswatini,South Africa,88.24
1180,Eswatini,Germany,6.1
1181,Eswatini,India,0.87
1182,Eswatini,Ireland,0.69
1183,Eswatini,China,4.0
1184,Eswatini,"Other Asia, nes",1.24
1185,Eswatini,Italy,2.78
1186,Eswatini,United States,3.36
1187,Eswatini,Mozambique,7.71
1188,Seychelles,Denmark,3.74
1189,Seychelles,South Africa,5.66
1190,Seychelles,United Arab Emirates,27.97
1191,Seychelles,France,7.28
1192,Seychelles,Singapore,3.86
1193,Seychelles,United Kingdom,17.65
1194,Seychelles,Italy,11.11
1195,Seychelles,Spain,11.62
1196,Turks and Caicos Isl.,Switzerland,0.65
1197,Turks and Caicos Isl.,Mexico,0.18
1198,Turks and Caicos Isl.,"Bahamas, The",13.82
1199,Turks and Caicos Isl.,Haiti,0.1
1200,Turks and Caicos Isl.,United States,93.4
1201,Turks and Caicos Isl.,Dominican Republic,0.05
1202,Turks and Caicos Isl.,Ukraine,0.0
1203,Tonga,"Hong Kong, China",12.98
1204,Tonga,Fiji,8.01
1205,Tonga,New Zealand,29.96
1206,Tonga,Singapore,22.96
1207,Tonga,China,6.35
1208,Tonga,Australia,12.02
1209,Tonga,Japan,12.66
1210,Tonga,United States,13.43
1211,Tunisia,Germany,8.22
1212,Tunisia,Switzerland,4.4
1213,Tunisia,France,16.42
1214,Tunisia,Libya,4.87
1215,Tunisia,China,6.89
1216,Tunisia,Italy,18.88
1217,Tunisia,Spain,4.57
1218,Uruguay,China,9.14
1219,Uruguay,Brazil,19.39
1220,Uruguay,Argentina,5.79
1221,Uruguay,Venezuela,7.1
1222,Uruguay,United States,8.98
1223,Uruguay,Free Zones,16.29
1224,St. Vincent and the Grenadines,United Kingdom,4.79
1225,St. Vincent and the Grenadines,Dominica,7.63
1226,St. Vincent and the Grenadines,Trinidad and Tobago,15.69
1227,St. Vincent and the Grenadines,China,3.26
1228,St. Vincent and the Grenadines,Barbados,14.35
1229,St. Vincent and the Grenadines,Venezuela,5.58
1230,St. Vincent and the Grenadines,St. Lucia,25.58
1231,St. Vincent and the Grenadines,United States,35.56
1232,St. Vincent and the Grenadines,Antigua and Barbuda,12.41
1233, World,Germany,5.86
1234, World,Japan,4.91
1235, World,China,8.07
1236, World,France,3.16
1237, World,United Kingdom,3.7
1238, World,United States,11.48
1239,Samoa,American Samoa,6.02
1240,Samoa,New Zealand,24.22
1241,Samoa,Singapore,23.17
1242,Samoa,China,9.88
1243,Samoa,Australia,8.07
1244,Samoa,United States,2.27
1245,Yemen,United Arab Emirates,9.79
1246,Yemen,Thailand,19.23
1247,Yemen,China,41.05
1248,Yemen,Switzerland,8.8
1249,Yemen,India,11.39
1250,Yemen,"Korea, Rep.",4.41
1251,Yemen,Saudi Arabia,3.52
1252,Yemen,Netherlands,7.91
1253,Zambia,"Congo, Dem. Rep.",8.36
1254,Zambia,South Africa,33.76
1255,Zambia,China,18.77
1256,Zambia,Switzerland,41.15
1257,Zambia,India,3.48
1258,Zambia,Kuwait,6.29
1259,Zambia,Zimbabwe,4.47
1260,Zimbabwe,Zambia,2.36
1261,Zimbabwe,United Kingdom,17.92
1262,Zimbabwe,South Africa,42.36
1263,Zimbabwe,China,4.72
1264,Zimbabwe,United Arab Emirates,11.68
1265,Zimbabwe,Mozambique,6.86
1266,Zimbabwe,United States,7.96
1267,Zimbabwe,Special Categories,2.39
