,source,target,2013
0,Aruba,United Kingdom,6.76
1,Aruba,Curaçao,18.87
2,Aruba,Netherlands,11.1
3,Aruba,Colombia,36.8
4,Aruba,Panama,2.96
5,Aruba,United States,12.76
6,Aruba,Venezuela,12.33
7,United Kingdom,Germany,8.77
8,United Kingdom,Switzerland,12.98
9,United Kingdom,France,6.21
10,United Kingdom,China,8.76
11,United Kingdom,Netherlands,6.81
12,United Kingdom,United States,11.46
13,Netherlands,Germany,24.69
14,Netherlands,United Kingdom,8.44
15,Netherlands,China,8.23
16,Netherlands,France,8.3
17,Netherlands,Italy,4.57
18,Netherlands,United States,6.89
19,Netherlands,Belgium,9.72
20,Colombia,Germany,3.72
21,Colombia,Panama,5.47
22,Colombia,China,8.67
23,Colombia,India,5.09
24,Colombia,Mexico,9.26
25,Colombia,Brazil,4.36
26,Colombia,Spain,4.89
27,Colombia,United States,31.78
28,Panama,Mexico,3.9
29,Panama,Costa Rica,4.47
30,Panama,Singapore,12.14
31,Panama,China,18.83
32,Panama,Colombia,12.32
33,Panama,Free Zones,14.09
34,Panama,United States,23.77
35,Panama,Venezuela,11.05
36,United States,Germany,5.05
37,United States,Japan,6.12
38,United States,Canada,14.61
39,United States,China,7.72
40,United States,Mexico,14.33
41,United States,United Kingdom,3.0
42,Venezuela,"Other Asia, nes",31.9
43,Venezuela,China,0.29
44,Venezuela,Mexico,4.97
45,Venezuela,Brazil,10.02
46,Venezuela,Colombia,0.27
47,Venezuela,United States,0.63
48,Afghanistan,Germany,2.0
49,Afghanistan,China,3.94
50,Afghanistan,India,19.99
51,Afghanistan,Pakistan,38.52
52,Afghanistan,"Iran, Islamic Rep.",8.3
53,Germany,China,6.16
54,Germany,France,7.09
55,Germany,Netherlands,6.24
56,Germany,United Kingdom,6.51
57,Germany,Italy,5.22
58,Germany,United States,8.21
59,China,Japan,8.32
60,China,"Hong Kong, China",17.41
61,China,Germany,3.05
62,China,"Korea, Rep.",9.39
63,China,China,8.08
64,China,"Other Asia, nes",8.02
65,China,United States,16.71
66,India,United Arab Emirates,10.09
67,India,"Hong Kong, China",4.06
68,India,China,4.88
69,India,Switzerland,5.29
70,India,Saudi Arabia,7.85
71,India,United States,12.46
72,India,Singapore,4.22
73,Pakistan,Japan,4.48
74,Pakistan,United Arab Emirates,7.07
75,Pakistan,China,10.56
76,Pakistan,Afghanistan,7.95
77,Pakistan,Kuwait,9.02
78,Pakistan,United Kingdom,5.7
79,Pakistan,Saudi Arabia,8.79
80,Pakistan,United States,14.91
81,"Iran, Islamic Rep.",United Arab Emirates,3.89
82,"Iran, Islamic Rep.","Other Asia, nes",60.59
83,"Iran, Islamic Rep.",China,8.1
84,"Iran, Islamic Rep.","Korea, Rep.",8.14
85,"Iran, Islamic Rep.",Iraq,6.54
86,"Iran, Islamic Rep.",India,8.9
87,"Iran, Islamic Rep.",Turkey,7.44
88,Angola,"Other Asia, nes",5.92
89,Angola,China,47.18
90,Angola,India,9.99
91,Angola,"Korea, Rep.",15.85
92,Angola,Singapore,5.24
93,Angola,Portugal,16.22
94,Angola,United States,7.41
95,Angola,Canada,4.88
96,"Other Asia, nes",Japan,16.0
97,"Other Asia, nes","Hong Kong, China",12.91
98,"Other Asia, nes",China,26.78
99,"Other Asia, nes","Korea, Rep.",5.84
100,"Other Asia, nes",Saudi Arabia,5.78
101,"Other Asia, nes",United States,10.68
102,"Other Asia, nes",Singapore,6.39
103,"Korea, Rep.",Japan,11.64
104,"Korea, Rep.","Hong Kong, China",4.96
105,"Korea, Rep.",China,26.07
106,"Korea, Rep.",Qatar,5.02
107,"Korea, Rep.",Saudi Arabia,7.31
108,"Korea, Rep.",United States,11.14
109,"Korea, Rep.",Singapore,3.98
110,Singapore,"Hong Kong, China",10.97
111,Singapore,China,11.73
112,Singapore,"Korea, Rep.",6.21
113,Singapore,Indonesia,10.39
114,Singapore,Malaysia,12.36
115,Singapore,"Other Asia, nes",7.49
116,Singapore,United States,5.54
117,Portugal,Germany,11.64
118,Portugal,Angola,6.58
119,Portugal,France,6.73
120,Portugal,Netherlands,5.0
121,Portugal,United Kingdom,5.52
122,Portugal,Spain,32.26
123,Portugal,Italy,5.12
124,Canada,Germany,3.24
125,Canada,Japan,2.89
126,Canada,China,4.36
127,Canada,Mexico,1.16
128,Canada,United Kingdom,2.97
129,Canada,United States,75.79
130,Albania,Germany,5.82
131,Albania,China,4.65
132,Albania,Malta,6.71
133,Albania,"Serbia, FR(Serbia/Montenegro)",7.52
134,Albania,Greece,8.87
135,Albania,Italy,46.33
136,Albania,Turkey,6.37
137,Albania,Spain,9.78
138,Malta,Germany,8.89
139,Malta,United Kingdom,5.42
140,Malta,France,4.99
141,Malta,Libya,6.07
142,Malta,Russian Federation,5.06
143,Malta,Bunkers,13.83
144,Malta,Italy,24.73
145,Malta,Singapore,6.94
146,"Serbia, FR(Serbia/Montenegro)",Germany,11.87
147,"Serbia, FR(Serbia/Montenegro)",Montenegro,5.83
148,"Serbia, FR(Serbia/Montenegro)",Bosnia and Herzegovina,8.22
149,"Serbia, FR(Serbia/Montenegro)",China,7.35
150,"Serbia, FR(Serbia/Montenegro)",Russian Federation,7.27
151,"Serbia, FR(Serbia/Montenegro)",Italy,16.28
152,"Serbia, FR(Serbia/Montenegro)",Hungary,4.94
153,Greece,Germany,6.47
154,Greece,Bulgaria,5.11
155,Greece,China,4.77
156,Greece,Russian Federation,14.37
157,Greece,Iraq,7.84
158,Greece,Italy,8.93
159,Greece,Bunkers,5.95
160,Greece,Turkey,11.74
161,Italy,Germany,12.42
162,Italy,Switzerland,5.23
163,Italy,France,8.45
164,Italy,China,6.39
165,Italy,Netherlands,5.73
166,Italy,United Kingdom,5.02
167,Italy,Russian Federation,5.59
168,Italy,United States,6.93
169,Turkey,Germany,9.19
170,Turkey,Iraq,8.02
171,Turkey,China,9.69
172,Turkey,United Kingdom,5.65
173,Turkey,Russian Federation,4.47
174,Turkey,Italy,4.63
175,Turkey,Special Categories,5.12
176,Spain,Germany,10.13
177,Spain,France,10.82
178,Spain,China,6.9
179,Spain,United Kingdom,6.83
180,Spain,Italy,6.97
181,Spain,Portugal,7.3
182,Spain,United States,4.1
183,Andorra,Germany,3.15
184,Andorra,"Hong Kong, China",3.48
185,Andorra,Switzerland,3.31
186,Andorra,France,16.69
187,Andorra,China,3.75
188,Andorra,United Kingdom,4.55
189,Andorra,Spain,62.61
190,Andorra,Italy,2.7
191,"Hong Kong, China",Japan,6.25
192,"Hong Kong, China","Other Asia, nes",1.99
193,"Hong Kong, China",China,59.92
194,"Hong Kong, China",Switzerland,8.19
195,"Hong Kong, China",India,2.08
196,"Hong Kong, China",United States,7.99
197,Switzerland,Germany,12.63
198,Switzerland,United Kingdom,21.73
199,Switzerland,"Hong Kong, China",14.4
200,Switzerland,China,5.86
201,Switzerland,India,7.23
202,Switzerland,France,6.62
203,Switzerland,Italy,7.75
204,Switzerland,United States,7.62
205,France,Germany,16.47
206,France,China,8.08
207,France,United Kingdom,6.88
208,France,Italy,7.11
209,France,Spain,6.79
210,France,United States,6.48
211,France,Belgium,7.85
212,United Arab Emirates,Germany,3.5
213,United Arab Emirates,India,4.4
214,United Arab Emirates,Saudi Arabia,1.53
215,United Arab Emirates,China,5.92
216,United Arab Emirates,Turkey,1.46
217,United Arab Emirates,"Iran, Islamic Rep.",3.3
218,United Arab Emirates,United States,6.58
219,Saudi Arabia,Germany,7.24
220,Saudi Arabia,Japan,5.72
221,Saudi Arabia,"Other Asia, nes",53.28
222,Saudi Arabia,China,1.98
223,Saudi Arabia,"Korea, Rep.",5.84
224,Saudi Arabia,United Arab Emirates,1.7
225,Saudi Arabia,United States,13.19
226,Saudi Arabia,Singapore,0.91
227,Argentina,Germany,5.23
228,Argentina,Bolivia,3.82
229,Argentina,Chile,5.03
230,Argentina,China,7.26
231,Argentina,Brazil,21.0
232,Argentina,United States,5.51
233,Bolivia,Brazil,32.68
234,Bolivia,Peru,6.2
235,Bolivia,China,15.04
236,Bolivia,Argentina,20.4
237,Bolivia,Colombia,5.26
238,Bolivia,United States,10.1
239,Chile,Germany,4.03
240,Chile,China,24.74
241,Chile,Brazil,5.7
242,Chile,"Korea, Rep.",5.41
243,Chile,Japan,9.71
244,Chile,Argentina,4.96
245,Chile,United States,12.7
246,Brazil,Germany,6.24
247,Brazil,China,19.79
248,Brazil,"Korea, Rep.",3.96
249,Brazil,Japan,3.42
250,Brazil,Argentina,8.43
251,Brazil,Netherlands,5.74
252,Brazil,United States,10.69
253,Armenia,Bulgaria,10.37
254,Armenia,China,9.01
255,Armenia,Russian Federation,22.61
256,Armenia,Turkey,4.94
257,Armenia,"Iran, Islamic Rep.",4.41
258,Armenia,United States,6.03
259,Armenia,Canada,5.95
260,Armenia,Belgium,8.93
261,Armenia,Ukraine,5.32
262,Bulgaria,Germany,12.35
263,Bulgaria,Romania,6.66
264,Bulgaria,Greece,6.95
265,Bulgaria,Russian Federation,18.51
266,Bulgaria,Italy,8.66
267,Bulgaria,Turkey,9.01
268,Russian Federation,Germany,4.35
269,Russian Federation,China,6.76
270,Russian Federation,Italy,5.53
271,Russian Federation,Netherlands,13.14
272,Russian Federation,United States,5.31
273,Russian Federation,Ukraine,5.01
274,Belgium,Germany,16.01
275,Belgium,United Kingdom,7.08
276,Belgium,France,11.69
277,Belgium,Netherlands,12.71
278,Belgium,United States,4.27
279,Ukraine,Germany,8.8
280,Ukraine,Poland,4.02
281,Ukraine,China,4.31
282,Ukraine,"Egypt, Arab Rep.",4.3
283,Ukraine,Russian Federation,23.81
284,Ukraine,Turkey,6.01
285,Ukraine,Belarus,4.68
286,Antigua and Barbuda,United Kingdom,20.69
287,Antigua and Barbuda,Japan,2.99
288,Antigua and Barbuda,Trinidad and Tobago,4.52
289,Antigua and Barbuda,Curaçao,7.34
290,Antigua and Barbuda,New Zealand,5.32
291,Antigua and Barbuda,Montserrat,3.03
292,Antigua and Barbuda,China,5.73
293,Antigua and Barbuda,United States,27.07
294,Japan,United Arab Emirates,5.1
295,Japan,"Other Asia, nes",5.82
296,Japan,"Hong Kong, China",5.23
297,Japan,China,18.1
298,Japan,"Korea, Rep.",7.9
299,Japan,Saudi Arabia,5.98
300,Japan,Australia,6.12
301,Japan,United States,18.81
302,Trinidad and Tobago,Gabon,15.2
303,Trinidad and Tobago,Jamaica,4.48
304,Trinidad and Tobago,China,4.42
305,Trinidad and Tobago,Colombia,5.11
306,Trinidad and Tobago,Argentina,4.1
307,Trinidad and Tobago,Russian Federation,10.96
308,Trinidad and Tobago,Brazil,3.72
309,Trinidad and Tobago,United States,41.79
310,New Zealand,Germany,4.61
311,New Zealand,Japan,6.39
312,New Zealand,China,20.74
313,New Zealand,"Korea, Rep.",3.4
314,New Zealand,Australia,13.28
315,New Zealand,United States,8.48
316,Montserrat,United Kingdom,3.82
317,Montserrat,Japan,1.87
318,Montserrat,St. Kitts and Nevis,4.36
319,Montserrat,Dominica,54.97
320,Montserrat,Trinidad and Tobago,7.23
321,Montserrat,Barbados,1.61
322,Montserrat,United States,20.68
323,Montserrat,Antigua and Barbuda,4.78
324,Montserrat,British Virgin Islands,4.82
325,Australia,Japan,7.72
326,Australia,China,34.63
327,Australia,India,3.35
328,Australia,"Korea, Rep.",7.02
329,Australia,Singapore,5.22
330,Australia,United States,10.25
331,Austria,Germany,29.35
332,Austria,Switzerland,5.37
333,Austria,China,5.15
334,Austria,France,4.54
335,Austria,Italy,6.35
336,Austria,United States,5.36
337,Austria,Special Categories,4.01
338,Azerbaijan,Germany,5.68
339,Azerbaijan,United Kingdom,12.31
340,Azerbaijan,Thailand,6.97
341,Azerbaijan,Indonesia,11.6
342,Azerbaijan,Russian Federation,14.07
343,Azerbaijan,Italy,25.06
344,Azerbaijan,Turkey,13.76
345,Azerbaijan,Israel,5.27
346,Azerbaijan,Ukraine,5.63
347,Thailand,Japan,16.39
348,Thailand,United Arab Emirates,6.89
349,Thailand,"Hong Kong, China",5.77
350,Thailand,China,11.92
351,Thailand,Malaysia,5.7
352,Thailand,United States,10.07
353,Indonesia,Japan,10.33
354,Indonesia,China,12.38
355,Indonesia,India,7.14
356,Indonesia,"Korea, Rep.",6.21
357,Indonesia,Singapore,13.71
358,Indonesia,Malaysia,7.14
359,Indonesia,United States,8.62
360,Israel,Germany,6.48
361,Israel,"Hong Kong, China",8.05
362,Israel,Switzerland,6.11
363,Israel,China,7.86
364,Israel,United Kingdom,5.77
365,Israel,United States,26.21
366,Israel,Belgium,4.67
367,Burundi,Kenya,6.49
368,Burundi,Rwanda,3.9
369,Burundi,Tanzania,8.15
370,Burundi,Switzerland,7.44
371,Burundi,India,10.69
372,Burundi,China,8.75
373,Burundi,United Arab Emirates,58.26
374,Burundi,Saudi Arabia,12.1
375,Burundi,"Congo, Dem. Rep.",5.84
376,Kenya,Japan,5.93
377,Kenya,South Africa,5.01
378,Kenya,United Arab Emirates,8.31
379,Kenya,Uganda,11.9
380,Kenya,Tanzania,7.66
381,Kenya,India,18.29
382,Kenya,China,12.92
383,Kenya,United Kingdom,7.88
384,Kenya,Netherlands,6.83
385,Kenya,United States,6.27
386,Rwanda,Kenya,15.37
387,Rwanda,United Arab Emirates,9.48
388,Rwanda,China,4.66
389,Rwanda,Switzerland,18.31
390,Rwanda,India,9.92
391,Rwanda,Uganda,10.39
392,Rwanda,Belgium,5.91
393,Rwanda,"Congo, Dem. Rep.",25.96
394,Tanzania,South Africa,5.83
395,Tanzania,United Arab Emirates,9.53
396,Tanzania,China,7.01
397,Tanzania,Switzerland,9.17
398,Tanzania,India,17.05
399,Tanzania,"Congo, Dem. Rep.",5.38
400,Benin,Thailand,6.67
401,Benin,Nigeria,11.66
402,Benin,China,20.02
403,Benin,India,11.81
404,Benin,Chad,7.26
405,Benin,France,11.69
406,Benin,Togo,10.26
407,Benin,Indonesia,6.45
408,Nigeria,United Kingdom,5.24
409,Nigeria,India,12.65
410,Nigeria,China,21.7
411,Nigeria,Netherlands,10.51
412,Nigeria,Brazil,9.47
413,Nigeria,Spain,6.99
414,Nigeria,United States,8.47
415,Togo,Nigeria,9.17
416,Togo,France,7.06
417,Togo,Burkina Faso,14.8
418,Togo,China,14.17
419,Togo,Netherlands,11.29
420,Togo,Russian Federation,5.85
421,Togo,Ghana,12.95
422,Togo,Benin,9.31
423,Togo,United States,5.4
424,Togo,Niger,8.37
425,Burkina Faso,Cote d'Ivoire,8.88
426,Burkina Faso,China,5.22
427,Burkina Faso,Switzerland,54.98
428,Burkina Faso,France,8.55
429,Burkina Faso,Netherlands,8.58
430,Burkina Faso,South Africa,5.59
431,Burkina Faso,Mali,3.87
432,Burkina Faso,United States,6.19
433,Burkina Faso,Singapore,6.13
434,Cote d'Ivoire,Nigeria,22.74
435,Cote d'Ivoire,France,10.81
436,Cote d'Ivoire,Gabon,6.71
437,Cote d'Ivoire,Angola,5.2
438,Cote d'Ivoire,China,11.37
439,Cote d'Ivoire,"Bahamas, The",11.49
440,Cote d'Ivoire,Ghana,13.77
441,Cote d'Ivoire,Netherlands,8.45
442,Cote d'Ivoire,United States,6.82
443,South Africa,Botswana,4.84
444,South Africa,Germany,10.35
445,South Africa,China,12.67
446,South Africa,India,5.2
447,South Africa,Japan,5.86
448,South Africa,Saudi Arabia,7.76
449,South Africa,United States,7.27
450,Bangladesh,Germany,15.24
451,Bangladesh,India,11.04
452,Bangladesh,Singapore,7.09
453,Bangladesh,China,20.34
454,Bangladesh,Malaysia,4.74
455,Bangladesh,United Kingdom,9.91
456,Bangladesh,France,5.46
457,Bangladesh,Spain,4.86
458,Bangladesh,"Hong Kong, China",5.15
459,Bangladesh,United States,19.68
460,Malaysia,Japan,8.69
461,Malaysia,Thailand,5.55
462,Malaysia,China,13.48
463,Malaysia,Singapore,12.36
464,Malaysia,United States,8.08
465,Romania,Germany,18.54
466,Romania,Poland,4.44
467,Romania,France,5.73
468,Romania,Italy,11.48
469,Romania,Hungary,8.23
470,Romania,Turkey,5.14
471,Bahrain,Japan,4.22
472,Bahrain,United Arab Emirates,8.26
473,Bahrain,Saudi Arabia,18.9
474,Bahrain,China,7.18
475,Bahrain,Oman,2.79
476,Bahrain,United States,3.49
477,Oman,Japan,9.68
478,Oman,United Arab Emirates,9.04
479,Oman,India,9.08
480,Oman,"Korea, Rep.",4.91
481,Oman,Saudi Arabia,4.26
482,Oman,United States,4.41
483,"Bahamas, The",Japan,1.27
484,"Bahamas, The",Canada,0.54
485,"Bahamas, The",Germany,1.27
486,"Bahamas, The",Trinidad and Tobago,2.43
487,"Bahamas, The",United Kingdom,3.76
488,"Bahamas, The",France,2.75
489,"Bahamas, The",United States,83.63
490,Bosnia and Herzegovina,Germany,15.63
491,Bosnia and Herzegovina,Croatia,12.89
492,Bosnia and Herzegovina,Slovenia,8.19
493,Bosnia and Herzegovina,"Serbia, FR(Serbia/Montenegro)",9.12
494,Bosnia and Herzegovina,Russian Federation,9.93
495,Bosnia and Herzegovina,Italy,11.97
496,Croatia,Germany,11.75
497,Croatia,Bosnia and Herzegovina,12.26
498,Croatia,Slovenia,11.46
499,Croatia,Italy,14.53
500,Croatia,Hungary,6.25
501,Croatia,Austria,8.99
502,Slovenia,Germany,20.38
503,Slovenia,Croatia,4.61
504,Slovenia,China,4.98
505,Slovenia,France,5.28
506,Slovenia,Italy,11.56
507,Slovenia,Austria,8.68
508,Belarus,Germany,4.67
509,Belarus,Poland,3.67
510,Belarus,China,6.57
511,Belarus,Lithuania,2.88
512,Belarus,Russian Federation,44.98
513,Belarus,Netherlands,8.95
514,Belarus,Ukraine,4.76
515,Poland,Germany,24.99
516,Poland,Czech Republic,6.14
517,Poland,China,9.39
518,Poland,Netherlands,3.85
519,Poland,United Kingdom,6.53
520,Poland,Russian Federation,5.3
521,Poland,France,5.62
522,Poland,Italy,5.22
523,Lithuania,Germany,7.16
524,Lithuania,Poland,7.4
525,Lithuania,Estonia,5.59
526,Lithuania,Netherlands,5.26
527,Lithuania,Latvia,6.22
528,Lithuania,Russian Federation,19.84
529,Belize,India,5.4
530,Belize,Mexico,11.63
531,Belize,China,11.57
532,Belize,United Kingdom,21.56
533,Belize,Curaçao,12.87
534,Belize,Guatemala,6.83
535,Belize,Netherlands,5.54
536,Belize,United States,38.67
537,Belize,Trinidad and Tobago,4.8
538,Mexico,Germany,3.53
539,Mexico,Japan,4.48
540,Mexico,China,1.7
541,Mexico,"Korea, Rep.",3.54
542,Mexico,Brazil,1.42
543,Mexico,Spain,1.83
544,Mexico,United States,78.82
545,Mexico,Canada,2.74
546,Guatemala,Mexico,4.67
547,Guatemala,El Salvador,4.68
548,Guatemala,China,8.22
549,Guatemala,Nicaragua,4.84
550,Guatemala,Honduras,7.86
551,Guatemala,Colombia,4.39
552,Guatemala,United States,38.42
553,Bermuda,United Kingdom,68.06
554,Bermuda,Canada,12.22
555,Bermuda,China,1.14
556,Bermuda,"Bahamas, The",6.2
557,Bermuda,Georgia,0.61
558,Bermuda,United States,29.18
559,Georgia,Germany,5.6
560,Georgia,China,7.63
561,Georgia,Armenia,10.74
562,Georgia,Azerbaijan,24.39
563,Georgia,Russian Federation,6.17
564,Georgia,Turkey,6.32
565,Georgia,Ukraine,7.5
566,Peru,Ecuador,4.46
567,Peru,China,17.28
568,Peru,Switzerland,7.11
569,Peru,Mexico,4.19
570,Peru,Brazil,5.37
571,Peru,Japan,5.23
572,Peru,United States,18.37
573,Peru,Canada,6.44
574,Barbados,Guyana,4.59
575,Barbados,United Kingdom,4.05
576,Barbados,Trinidad and Tobago,11.54
577,Barbados,Suriname,4.92
578,Barbados,Jamaica,4.43
579,Barbados,China,4.43
580,Barbados,United States,18.17
581,Guyana,Trinidad and Tobago,19.32
582,Guyana,Suriname,7.6
583,Guyana,Jamaica,3.07
584,Guyana,China,8.86
585,Guyana,Venezuela,11.67
586,Guyana,United Kingdom,8.46
587,Guyana,United States,26.3
588,Guyana,Canada,30.11
589,Suriname,Switzerland,22.41
590,Suriname,Trinidad and Tobago,17.48
591,Suriname,United Arab Emirates,33.96
592,Suriname,Netherlands,13.49
593,Suriname,Curaçao,6.53
594,Suriname,Italy,6.5
595,Suriname,United States,11.12
596,Suriname,Canada,5.17
597,Suriname,Belgium,8.41
598,Jamaica,Mexico,4.38
599,Jamaica,Trinidad and Tobago,12.3
600,Jamaica,Slovenia,4.04
601,Jamaica,China,5.35
602,Jamaica,Venezuela,14.94
603,Jamaica,United Kingdom,5.18
604,Jamaica,Netherlands,6.91
605,Jamaica,United States,49.12
606,Jamaica,Canada,14.34
607,Brunei,Vietnam,5.26
608,Brunei,Japan,5.79
609,Brunei,India,7.55
610,Brunei,"Korea, Rep.",16.31
611,Brunei,Singapore,19.09
612,Brunei,China,11.25
613,Brunei,Australia,7.32
614,Brunei,Malaysia,21.93
615,Brunei,United States,11.94
616,Vietnam,Japan,8.75
617,Vietnam,Thailand,4.76
618,Vietnam,China,9.98
619,Vietnam,"Korea, Rep.",15.66
620,Vietnam,"Other Asia, nes",7.12
621,Vietnam,United States,18.08
622,Vietnam,Malaysia,3.78
623,Botswana,United Kingdom,31.51
624,Botswana,South Africa,65.09
625,Botswana,Canada,4.51
626,Botswana,Namibia,11.92
627,Botswana,Belgium,3.18
628,Namibia,Botswana,13.71
629,Namibia,South Africa,61.76
630,Namibia,Marshall Islands,4.06
631,Namibia,Switzerland,8.79
632,Namibia,Angola,7.36
633,Namibia,China,3.11
634,Central African Republic,China,18.42
635,Central African Republic,Germany,14.74
636,Central African Republic,France,24.7
637,Central African Republic,United Arab Emirates,12.6
638,Central African Republic,Netherlands,8.84
639,Central African Republic,Cameroon,6.34
640,Central African Republic,United States,9.82
641,Central African Republic,Belgium,33.26
642,Cameroon,China,5.76
643,Cameroon,India,5.68
644,Cameroon,France,12.34
645,Cameroon,Portugal,25.5
646,Cameroon,Spain,12.79
647,Cameroon,Netherlands,10.53
648,Cameroon,United States,3.88
649,Cameroon,Nigeria,13.76
650,Ghana,United Kingdom,4.24
651,Ghana,Switzerland,9.27
652,Ghana,India,4.76
653,Ghana,China,17.83
654,Ghana,United Arab Emirates,13.13
655,Ghana,South Africa,22.41
656,Ghana,France,7.45
657,Ghana,Italy,8.68
658,Ghana,United States,9.85
659,Ghana,Belgium,7.18
660,"Congo, Rep.",Gabon,12.2
661,"Congo, Rep.",Ghana,8.87
662,"Congo, Rep.",China,40.45
663,"Congo, Rep.",Angola,8.53
664,"Congo, Rep.",France,9.1
665,"Congo, Rep.",Australia,7.85
666,"Congo, Rep.",United States,5.12
667,"Congo, Rep.",Spain,6.46
668,Comoros,Madagascar,8.14
669,Comoros,United Arab Emirates,22.29
670,Comoros,Germany,7.79
671,Comoros,France,19.18
672,Comoros,China,8.42
673,Comoros,Netherlands,9.33
674,Comoros,Singapore,6.53
675,Comoros,Pakistan,12.88
676,Madagascar,United Arab Emirates,20.55
677,Madagascar,China,7.07
678,Madagascar,Germany,5.6
679,Madagascar,France,5.93
680,Madagascar,India,5.54
681,Madagascar,Netherlands,5.99
682,Madagascar,United States,7.8
683,Cape Verde,Brazil,3.52
684,Cape Verde,China,3.11
685,Cape Verde,Netherlands,20.03
686,Cape Verde,France,3.41
687,Cape Verde,Italy,5.43
688,Cape Verde,Portugal,40.24
689,Cape Verde,Spain,7.94
690,Cape Verde,El Salvador,3.36
691,El Salvador,Guatemala,13.25
692,El Salvador,Honduras,4.74
693,El Salvador,Mexico,6.83
694,El Salvador,Costa Rica,4.26
695,El Salvador,China,11.17
696,El Salvador,Nicaragua,5.9
697,El Salvador,United States,45.64
698,Costa Rica,Japan,2.9
699,Costa Rica,Panama,5.06
700,Costa Rica,"Hong Kong, China",5.65
701,Costa Rica,Mexico,6.37
702,Costa Rica,China,9.65
703,Costa Rica,Nicaragua,4.34
704,Costa Rica,Guatemala,2.14
705,Costa Rica,Netherlands,7.23
706,Costa Rica,United States,38.27
707,Nicaragua,Mexico,13.23
708,Nicaragua,China,11.47
709,Nicaragua,Curaçao,14.71
710,Nicaragua,El Salvador,4.76
711,Nicaragua,United States,45.26
712,Nicaragua,Canada,7.12
713,Nicaragua,Venezuela,8.36
714,Nicaragua,Costa Rica,8.68
715,Cayman Islands,Jamaica,9.03
716,Cayman Islands,United Kingdom,4.32
717,Cayman Islands,Oman,4.4
718,Cayman Islands,Panama,5.16
719,Cayman Islands,United States,41.74
720,Cyprus,Germany,6.53
721,Cyprus,United Kingdom,12.97
722,Cyprus,Greece,16.65
723,Cyprus,Israel,3.85
724,Cyprus,Bunkers,15.8
725,Cyprus,Italy,6.99
726,Cyprus,United States,3.57
727,Czech Republic,Germany,31.31
728,Czech Republic,Poland,5.99
729,Czech Republic,Slovak Republic,8.86
730,Czech Republic,China,10.87
731,Czech Republic,United Kingdom,4.85
732,Czech Republic,Russian Federation,5.44
733,Czech Republic,France,4.94
734,Slovak Republic,Germany,20.74
735,Slovak Republic,Czech Republic,10.85
736,Slovak Republic,"Korea, Rep.",8.76
737,Slovak Republic,Poland,8.26
738,Slovak Republic,Russian Federation,9.37
739,Slovak Republic,Austria,6.16
740,Slovak Republic,Hungary,6.85
741,Denmark,Germany,15.43
742,Denmark,Sweden,11.71
743,Denmark,Norway,6.64
744,Denmark,China,6.76
745,Denmark,Netherlands,7.42
746,Denmark,United Kingdom,7.95
747,Denmark,Special Categories,9.68
748,Sweden,Denmark,6.78
749,Sweden,Germany,9.61
750,Sweden,United Kingdom,6.39
751,Sweden,Norway,10.55
752,Sweden,Finland,6.99
753,Sweden,Netherlands,7.48
754,Norway,Germany,17.19
755,Norway,United Kingdom,24.05
756,Norway,Sweden,5.8
757,Norway,Denmark,6.09
758,Norway,China,9.2
759,Norway,France,7.36
760,Norway,Netherlands,10.86
761,Dominican Republic,China,2.91
762,Dominican Republic,Mexico,6.29
763,Dominican Republic,Trinidad and Tobago,4.22
764,Dominican Republic,Venezuela,7.08
765,Dominican Republic,Haiti,13.1
766,Dominican Republic,Netherlands,1.63
767,Dominican Republic,United States,51.13
768,Dominican Republic,Canada,12.24
769,Algeria,Germany,5.21
770,Algeria,France,11.4
771,Algeria,China,12.43
772,Algeria,United Kingdom,10.91
773,Algeria,Italy,13.66
774,Algeria,Spain,9.26
775,Algeria,United States,8.09
776,Ecuador,Chile,9.87
777,Ecuador,Mexico,4.32
778,Ecuador,Peru,7.54
779,Ecuador,China,16.66
780,Ecuador,Colombia,3.69
781,Ecuador,Russian Federation,3.28
782,Ecuador,Panama,4.78
783,Ecuador,United States,44.6
784,"Egypt, Arab Rep.",Germany,7.87
785,"Egypt, Arab Rep.",India,7.42
786,"Egypt, Arab Rep.",Libya,4.44
787,"Egypt, Arab Rep.",Saudi Arabia,6.86
788,"Egypt, Arab Rep.",China,10.5
789,"Egypt, Arab Rep.",Italy,9.39
790,"Egypt, Arab Rep.",Turkey,6.07
791,"Egypt, Arab Rep.",United States,7.82
792,"Egypt, Arab Rep.",Ukraine,4.73
793,Estonia,Germany,9.88
794,Estonia,Sweden,14.92
795,Estonia,Finland,14.36
796,Estonia,Lithuania,5.2
797,Estonia,China,7.26
798,Estonia,Latvia,9.2
799,Estonia,Russian Federation,17.91
800,Finland,Germany,9.26
801,Finland,Sweden,11.46
802,Finland,China,6.26
803,Finland,Netherlands,6.01
804,Finland,Russian Federation,9.43
805,Finland,United States,6.07
806,Latvia,Germany,7.41
807,Latvia,Poland,6.71
808,Latvia,Estonia,12.71
809,Latvia,Lithuania,17.2
810,Latvia,Russian Federation,11.64
811,Ethiopia(excludes Eritrea),China,16.41
812,Ethiopia(excludes Eritrea),Switzerland,8.43
813,Ethiopia(excludes Eritrea),Germany,6.44
814,Ethiopia(excludes Eritrea),India,10.66
815,Ethiopia(excludes Eritrea),Saudi Arabia,7.38
816,Ethiopia(excludes Eritrea),Kuwait,5.24
817,Ethiopia(excludes Eritrea),United States,6.55
818,Kuwait,Germany,6.7
819,Kuwait,Japan,7.51
820,Kuwait,United Arab Emirates,0.75
821,Kuwait,China,0.91
822,Kuwait,India,0.63
823,Kuwait,Saudi Arabia,0.62
824,Kuwait,United States,9.89
825,European Union,China,8.46
826,European Union,Switzerland,9.7
827,European Union,Norway,4.49
828,European Union,Russian Federation,6.83
829,European Union,United States,16.42
830,European Union,Turkey,4.43
831,Fiji,France,14.63
832,Fiji,New Zealand,12.19
833,Fiji,Singapore,21.04
834,Fiji,China,9.97
835,Fiji,Australia,13.58
836,Fiji,United Kingdom,5.29
837,Fiji,United States,13.31
838,"Micronesia, Fed. Sts.",Japan,6.72
839,"Micronesia, Fed. Sts.",Marshall Islands,0.93
840,"Micronesia, Fed. Sts.",Guam,22.07
841,"Micronesia, Fed. Sts.",Australia,6.41
842,"Micronesia, Fed. Sts.",United States,2.65
843,"Micronesia, Fed. Sts.",Northern Mariana Islands,4.82
844,Guinea,Switzerland,25.67
845,Guinea,Morocco,3.64
846,Guinea,France,6.53
847,Guinea,India,7.14
848,Guinea,China,11.63
849,Guinea,United Arab Emirates,8.27
850,Guinea,Netherlands,30.5
851,Guinea,Spain,5.96
852,Guinea,United States,4.16
853,Morocco,France,12.94
854,Morocco,China,6.94
855,Morocco,Brazil,5.97
856,Morocco,Italy,3.78
857,Morocco,Spain,13.54
858,Morocco,Saudi Arabia,6.16
859,Morocco,United States,4.22
860,"Gambia, The",Cote d'Ivoire,22.91
861,"Gambia, The",India,4.38
862,"Gambia, The",Brazil,10.94
863,"Gambia, The",China,6.9
864,"Gambia, The",Mali,36.1
865,"Gambia, The",Senegal,5.89
866,"Gambia, The",Belgium,4.85
867,"Gambia, The",Guinea,32.31
868,"Gambia, The",Guinea-Bissau,2.94
869,Senegal,India,6.52
870,Senegal,Switzerland,9.89
871,Senegal,France,15.45
872,Senegal,China,7.28
873,Senegal,Netherlands,8.28
874,Senegal,Bunkers,9.85
875,Senegal,Mali,15.95
876,Senegal,Guinea,4.81
877,Senegal,Nigeria,10.74
878,Grenada,United Kingdom,2.98
879,Grenada,Canada,18.82
880,Grenada,Dominica,5.86
881,Grenada,Trinidad and Tobago,8.44
882,Grenada,Venezuela,5.88
883,Grenada,St. Lucia,9.63
884,Grenada,Netherlands,11.63
885,Grenada,United States,22.26
886,St. Lucia,United Kingdom,8.7
887,St. Lucia,Trinidad and Tobago,27.62
888,St. Lucia,China,1.31
889,St. Lucia,Barbados,2.42
890,St. Lucia,United States,31.87
891,Greenland,Denmark,77.33
892,Greenland,Switzerland,2.23
893,Greenland,Iceland,2.4
894,Greenland,Norway,8.3
895,Greenland,China,2.33
896,Greenland,Portugal,4.13
897,Greenland,Sweden,20.02
898,Iceland,Germany,12.14
899,Iceland,Norway,4.73
900,Iceland,Denmark,8.3
901,Iceland,China,7.81
902,Iceland,United Kingdom,9.48
903,Iceland,Netherlands,30.03
904,Iceland,United States,4.71
905,Hungary,Germany,25.82
906,Hungary,Romania,5.66
907,Hungary,Slovak Republic,5.37
908,Hungary,China,5.4
909,Hungary,Russian Federation,8.6
910,Hungary,Italy,4.72
911,Hungary,Austria,6.66
912,Ireland,Germany,7.67
913,Ireland,United Kingdom,16.0
914,Ireland,Switzerland,5.74
915,Ireland,France,9.24
916,Ireland,China,5.4
917,Ireland,United States,21.26
918,Ireland,Belgium,12.59
919,Jordan,India,6.13
920,Jordan,Iraq,17.55
921,Jordan,Saudi Arabia,12.16
922,Jordan,China,10.36
923,Jordan,Italy,4.8
924,Jordan,United States,15.22
925,Jordan,Free Zones,11.36
926,Kazakhstan,Germany,5.03
927,Kazakhstan,China,16.97
928,Kazakhstan,Russian Federation,6.94
929,Kazakhstan,France,6.45
930,Kazakhstan,Italy,19.46
931,Kazakhstan,Netherlands,11.67
932,Kazakhstan,United States,4.42
933,Kazakhstan,Ukraine,4.65
934,Uganda,Kenya,13.06
935,Uganda,Japan,5.7
936,Uganda,Rwanda,8.98
937,Uganda,United Arab Emirates,6.66
938,Uganda,India,26.81
939,Uganda,Sudan,9.94
940,Uganda,China,10.69
941,Uganda,South Sudan,7.29
942,Uganda,"Congo, Dem. Rep.",11.14
943,Kyrgyz Republic,Germany,3.9
944,Kyrgyz Republic,Japan,4.3
945,Kyrgyz Republic,Kazakhstan,21.57
946,Kyrgyz Republic,Switzerland,28.94
947,Kyrgyz Republic,Uzbekistan,8.97
948,Kyrgyz Republic,China,23.94
949,Kyrgyz Republic,United Arab Emirates,12.52
950,Kyrgyz Republic,Russian Federation,8.61
951,Cambodia,Thailand,13.19
952,Cambodia,Germany,8.64
953,Cambodia,China,36.35
954,Cambodia,Japan,4.71
955,Cambodia,United Kingdom,10.3
956,Cambodia,"Other Asia, nes",6.56
957,Cambodia,"Hong Kong, China",7.84
958,Cambodia,United States,31.32
959,Cambodia,Canada,6.89
960,Cambodia,Vietnam,11.93
961,Kiribati,Morocco,24.21
962,Kiribati,Marshall Islands,12.8
963,Kiribati,Philippines,12.48
964,Kiribati,Fiji,14.93
965,Kiribati,Singapore,21.1
966,Kiribati,Australia,26.81
967,Kiribati,New Zealand,13.18
968,Kiribati,United States,5.03
969,Philippines,Japan,8.51
970,Philippines,"Hong Kong, China",8.01
971,Philippines,China,12.39
972,Philippines,"Korea, Rep.",7.69
973,Philippines,"Other Asia, nes",7.8
974,Philippines,United States,14.71
975,Philippines,Singapore,7.31
976,St. Kitts and Nevis,United Kingdom,2.76
977,St. Kitts and Nevis,Japan,2.58
978,St. Kitts and Nevis,Canada,2.55
979,St. Kitts and Nevis,Trinidad and Tobago,3.87
980,St. Kitts and Nevis,Grenada,1.31
981,St. Kitts and Nevis,St. Lucia,2.82
982,St. Kitts and Nevis,United States,77.18
983,St. Kitts and Nevis,Antigua and Barbuda,2.98
984,Qatar,Germany,6.47
985,Qatar,Japan,7.05
986,Qatar,United Arab Emirates,7.12
987,Qatar,China,6.34
988,Qatar,India,10.32
989,Qatar,"Korea, Rep.",18.39
990,Qatar,United States,11.62
991,Qatar,Singapore,5.11
992,Lebanon,Germany,5.85
993,Lebanon,France,7.23
994,Lebanon,Iraq,6.92
995,Lebanon,Syrian Arab Republic,13.3
996,Lebanon,Saudi Arabia,8.81
997,Lebanon,China,10.75
998,Lebanon,United Arab Emirates,8.43
999,Lebanon,South Africa,10.11
1000,Lebanon,Italy,8.43
1001,Lebanon,United States,7.07
1002,Sri Lanka,United Arab Emirates,6.83
1003,Sri Lanka,India,5.43
1004,Sri Lanka,Oman,4.32
1005,Sri Lanka,Germany,4.67
1006,Sri Lanka,Singapore,10.03
1007,Sri Lanka,China,16.51
1008,Sri Lanka,United Kingdom,10.76
1009,Sri Lanka,Italy,5.1
1010,Sri Lanka,United States,24.95
1011,Lesotho,South Africa,76.54
1012,Lesotho,Eswatini,0.92
1013,Lesotho,India,2.29
1014,Lesotho,China,3.52
1015,Lesotho,United Arab Emirates,0.67
1016,Lesotho,"Other Asia, nes",8.68
1017,Lesotho,"Hong Kong, China",1.35
1018,Lesotho,United States,15.08
1019,Lesotho,Belgium,4.63
1020,Eswatini,South Africa,87.11
1021,Eswatini,Finland,4.12
1022,Eswatini,India,1.0
1023,Eswatini,China,3.64
1024,Eswatini,"Other Asia, nes",1.21
1025,Eswatini,Italy,6.55
1026,Eswatini,United States,2.67
1027,Eswatini,Mozambique,3.65
1028,Luxembourg,Germany,27.74
1029,Luxembourg,France,13.12
1030,Luxembourg,United Kingdom,3.5
1031,Luxembourg,Netherlands,5.17
1032,Luxembourg,United States,8.05
1033,Luxembourg,Belgium,24.98
1034,Macao,Vietnam,2.89
1035,Macao,"Hong Kong, China",12.95
1036,Macao,China,17.28
1037,Macao,Switzerland,8.58
1038,Macao,France,8.54
1039,Macao,Italy,6.98
1040,Macao,United States,3.32
1041,Moldova,Germany,7.2
1042,Moldova,Romania,13.15
1043,Moldova,China,8.72
1044,Moldova,Russian Federation,26.02
1045,Moldova,Italy,7.63
1046,Moldova,Turkey,5.24
1047,Moldova,Ukraine,12.0
1048,Maldives,Thailand,37.03
1049,Maldives,United Arab Emirates,28.35
1050,Maldives,Germany,6.01
1051,Maldives,Sri Lanka,5.7
1052,Maldives,India,8.89
1053,Maldives,Singapore,16.21
1054,Maldives,France,13.5
1055,Maldives,"Iran, Islamic Rep.",6.48
1056,North Macedonia,Germany,35.81
1057,North Macedonia,United Kingdom,10.98
1058,North Macedonia,Greece,4.97
1059,North Macedonia,Bulgaria,7.58
1060,North Macedonia,"Serbia, FR(Serbia/Montenegro)",12.76
1061,North Macedonia,Italy,6.67
1062,Myanmar,Japan,13.23
1063,Myanmar,Thailand,40.21
1064,Myanmar,China,26.7
1065,Myanmar,India,7.1
1066,Myanmar,"Korea, Rep.",11.7
1067,Myanmar,Singapore,18.96
1068,Mongolia,Japan,6.99
1069,Mongolia,China,86.68
1070,Mongolia,"Korea, Rep.",7.98
1071,Mongolia,United Kingdom,4.7
1072,Mongolia,Russian Federation,1.45
1073,Mongolia,Italy,1.21
1074,Mongolia,Canada,3.17
1075,Mongolia,United States,8.06
1076,Montenegro,Bosnia and Herzegovina,4.93
1077,Montenegro,Croatia,15.98
1078,Montenegro,Slovenia,9.66
1079,Montenegro,China,8.08
1080,Montenegro,"Serbia, FR(Serbia/Montenegro)",35.82
1081,Montenegro,Greece,8.47
1082,Montenegro,Italy,6.65
1083,Mozambique,South Africa,32.66
1084,Mozambique,United Arab Emirates,8.54
1085,Mozambique,China,2.61
1086,Mozambique,India,16.89
1087,Mozambique,Singapore,6.23
1088,Mozambique,Netherlands,28.6
1089,Mozambique,United States,3.57
1090,Mozambique,Bahrain,5.56
1091,Mauritania,United Arab Emirates,18.91
1092,Mauritania,China,50.47
1093,Mauritania,Switzerland,13.51
1094,Mauritania,Germany,4.98
1095,Mauritania,France,9.76
1096,Mauritania,Japan,4.25
1097,Mauritania,Italy,6.43
1098,Mauritania,Hungary,20.4
1099,Mauritania,United States,5.67
1100,Mauritania,Belgium,9.63
1101,Mauritius,South Africa,6.18
1102,Mauritius,France,8.18
1103,Mauritius,India,24.09
1104,Mauritius,China,14.68
1105,Mauritius,United Kingdom,16.61
1106,Mauritius,Italy,9.27
1107,Mauritius,United States,10.08
1108,Mauritius,Spain,3.96
1109,Malawi,South Africa,21.73
1110,Malawi,United Arab Emirates,6.28
1111,Malawi,Mozambique,11.97
1112,Malawi,India,7.83
1113,Malawi,China,9.41
1114,Malawi,United Kingdom,5.83
1115,Malawi,United States,6.38
1116,Malawi,Canada,11.5
1117,Malawi,Belgium,8.24
1118,New Caledonia,China,10.81
1119,New Caledonia,France,23.42
1120,New Caledonia,"Korea, Rep.",11.49
1121,New Caledonia,Singapore,19.5
1122,New Caledonia,Australia,8.86
1123,New Caledonia,Japan,14.52
1124,New Caledonia,United States,4.37
1125,Niger,Nigeria,15.38
1126,Niger,China,6.22
1127,Niger,France,10.06
1128,Niger,Togo,6.32
1129,Niger,India,6.05
1130,Niger,Burkina Faso,16.28
1131,Niger,United States,9.19
1132,Nepal,United Arab Emirates,6.06
1133,Nepal,China,2.34
1134,Nepal,India,66.97
1135,Nepal,Germany,3.88
1136,Nepal,United Kingdom,2.26
1137,Nepal,Argentina,2.78
1138,Nepal,United States,7.9
1139,Nepal,Indonesia,2.81
1140,Palau,Japan,20.89
1141,Palau,Singapore,23.8
1142,Palau,Guam,12.05
1143,Palau,"Other Asia, nes",3.85
1144,Palau,United States,27.9
1145,Paraguay,Chile,5.6
1146,Paraguay,Brazil,30.14
1147,Paraguay,China,28.28
1148,Paraguay,Netherlands,2.61
1149,Paraguay,Argentina,7.28
1150,Paraguay,Russian Federation,10.01
1151,Paraguay,Italy,3.63
1152,Paraguay,United States,7.79
1153,Occ.Pal.Terr,Germany,2.4
1154,Occ.Pal.Terr,Jordan,6.15
1155,Occ.Pal.Terr,Israel,87.31
1156,Occ.Pal.Terr,Saudi Arabia,0.94
1157,Occ.Pal.Terr,China,4.58
1158,Occ.Pal.Terr,United Arab Emirates,0.82
1159,Occ.Pal.Terr,Turkey,5.6
1160,Occ.Pal.Terr,United States,1.14
1161,French Polynesia,"Hong Kong, China",27.5
1162,French Polynesia,"Korea, Rep.",10.89
1163,French Polynesia,France,24.69
1164,French Polynesia,China,9.81
1165,French Polynesia,Japan,29.36
1166,French Polynesia,Colombia,4.36
1167,French Polynesia,New Zealand,8.01
1168,French Polynesia,United States,14.53
1169,Solomon Islands,Japan,4.97
1170,Solomon Islands,Thailand,3.37
1171,Solomon Islands,China,44.8
1172,Solomon Islands,Singapore,31.08
1173,Solomon Islands,Australia,27.41
1174,Solomon Islands,Malaysia,7.57
1175,Solomon Islands,United Kingdom,6.1
1176,Solomon Islands,Italy,6.29
1177,Sao Tome and Principe,Angola,24.91
1178,Sao Tome and Principe,China,1.6
1179,Sao Tome and Principe,France,11.96
1180,Sao Tome and Principe,Portugal,59.24
1181,Sao Tome and Principe,Spain,11.37
1182,Sao Tome and Principe,Netherlands,29.25
1183,Sao Tome and Principe,United States,2.09
1184,Sao Tome and Principe,Belgium,1.94
1185,Sudan,United Arab Emirates,91.82
1186,Sudan,China,4.97
1187,Sudan,India,7.51
1188,Sudan,Saudi Arabia,0.61
1189,Sudan,"Egypt, Arab Rep.",7.61
1190,Sudan,Canada,0.66
1191,Seychelles,Denmark,2.34
1192,Seychelles,South Africa,5.57
1193,Seychelles,United Arab Emirates,23.68
1194,Seychelles,France,7.92
1195,Seychelles,India,6.03
1196,Seychelles,United Kingdom,19.68
1197,Seychelles,Italy,11.62
1198,Seychelles,Spain,11.26
1199,East Timor,Germany,14.51
1200,East Timor,Singapore,12.82
1201,East Timor,China,6.53
1202,East Timor,Australia,10.15
1203,East Timor,Indonesia,34.28
1204,East Timor,Malaysia,15.43
1205,East Timor,United States,13.82
1206,East Timor,Vietnam,7.75
1207,Tonga,Fiji,8.55
1208,Tonga,New Zealand,28.27
1209,Tonga,Singapore,25.93
1210,Tonga,Australia,5.66
1211,Tonga,Japan,11.16
1212,Tonga,United States,10.52
1213,Tunisia,Germany,8.99
1214,Tunisia,France,18.28
1215,Tunisia,Libya,5.09
1216,Tunisia,China,6.32
1217,Tunisia,Italy,18.47
1218,Tunisia,Spain,4.71
1219,Tunisia,Algeria,4.88
1220,Uruguay,China,14.24
1221,Uruguay,Brazil,18.89
1222,Uruguay,Argentina,5.44
1223,Uruguay,United States,8.7
1224,Uruguay,Free Zones,15.96
1225,Uruguay,Venezuela,4.93
1226,Uruguay,Nigeria,5.01
1227,St. Vincent and the Grenadines,United Kingdom,7.43
1228,St. Vincent and the Grenadines,Dominica,7.85
1229,St. Vincent and the Grenadines,Trinidad and Tobago,18.91
1230,St. Vincent and the Grenadines,Barbados,18.78
1231,St. Vincent and the Grenadines,Venezuela,5.66
1232,St. Vincent and the Grenadines,St. Lucia,17.33
1233,St. Vincent and the Grenadines,Italy,4.91
1234,St. Vincent and the Grenadines,United States,37.78
1235,St. Vincent and the Grenadines,Antigua and Barbuda,11.68
1236, World,Germany,5.76
1237, World,Japan,4.38
1238, World,"Hong Kong, China",4.08
1239, World,China,8.37
1240, World,"Korea, Rep.",3.17
1241, World,United States,11.12
1242,Samoa,American Samoa,8.94
1243,Samoa,New Zealand,29.89
1244,Samoa,Singapore,22.79
1245,Samoa,China,8.15
1246,Samoa,Australia,7.21
1247,Samoa,United States,12.37
1248,Samoa,Tokelau,5.41
1249,Yemen,United Arab Emirates,16.7
1250,Yemen,Thailand,19.34
1251,Yemen,China,24.11
1252,Yemen,Switzerland,5.13
1253,Yemen,India,7.62
1254,Yemen,"Korea, Rep.",12.52
1255,Yemen,Netherlands,7.71
1256,Yemen,Saudi Arabia,6.36
1257,Yemen,Bahrain,4.95
1258,Zambia,"Congo, Dem. Rep.",11.21
1259,Zambia,Kenya,6.77
1260,Zambia,South Africa,29.25
1261,Zambia,China,21.3
1262,Zambia,Switzerland,36.98
1263,Zambia,United Arab Emirates,5.12
1264,Zambia,Belgium,4.43
1265,Zimbabwe,Zambia,2.84
1266,Zimbabwe,United Kingdom,19.5
1267,Zimbabwe,South Africa,47.42
1268,Zimbabwe,Mozambique,9.09
1269,Zimbabwe,China,5.3
1270,Zimbabwe,United Arab Emirates,5.63
1271,Zimbabwe,Special Categories,9.83
