,source,target,2014
0,Aruba,United Kingdom,3.18
1,Aruba,Curaçao,21.64
2,Aruba,Netherlands,6.06
3,Aruba,Colombia,30.95
4,Aruba,Panama,3.52
5,Aruba,United States,15.74
6,Aruba,Venezuela,12.37
7,United Kingdom,Germany,10.18
8,United Kingdom,Switzerland,6.87
9,United Kingdom,France,6.27
10,United Kingdom,China,9.24
11,United Kingdom,Netherlands,7.19
12,United Kingdom,United States,12.56
13,Netherlands,Germany,24.1
14,Netherlands,United Kingdom,8.48
15,Netherlands,China,9.26
16,Netherlands,France,8.19
17,Netherlands,United States,4.38
18,Netherlands,Belgium,9.68
19,Colombia,Germany,3.95
20,Colombia,Panama,6.6
21,Colombia,China,10.5
22,Colombia,India,5.0
23,Colombia,Mexico,8.23
24,Colombia,Brazil,3.85
25,Colombia,Spain,5.96
26,Colombia,United States,26.41
27,Panama,Mexico,4.0
28,Panama,Costa Rica,5.08
29,Panama,Singapore,8.2
30,Panama,China,19.49
31,Panama,Colombia,13.46
32,Panama,Free Zones,14.34
33,Panama,United States,20.12
34,Panama,Venezuela,10.59
35,United States,Germany,5.21
36,United States,Japan,5.7
37,United States,Canada,14.69
38,United States,China,7.64
39,United States,Mexico,14.83
40,United States,United Kingdom,3.32
41,Afghanistan,Japan,3.36
42,Afghanistan,India,28.04
43,Afghanistan,Germany,2.99
44,Afghanistan,China,13.49
45,Afghanistan,Pakistan,33.03
46,Afghanistan,"Iran, Islamic Rep.",5.85
47,Japan,United Arab Emirates,5.12
48,Japan,"Other Asia, nes",5.79
49,Japan,"Hong Kong, China",5.53
50,Japan,China,18.31
51,Japan,"Korea, Rep.",7.46
52,Japan,Saudi Arabia,5.84
53,Japan,Australia,5.92
54,Japan,United States,18.95
55,India,United Arab Emirates,10.37
56,India,"Hong Kong, China",4.22
57,India,China,4.23
58,India,Switzerland,4.6
59,India,Saudi Arabia,4.11
60,India,United States,13.44
61,Germany,China,6.62
62,Germany,France,7.29
63,Germany,Netherlands,6.21
64,Germany,United Kingdom,7.0
65,Germany,Italy,5.28
66,Germany,United States,8.53
67,China,Japan,8.32
68,China,"Hong Kong, China",15.5
69,China,Germany,3.1
70,China,"Korea, Rep.",9.7
71,China,China,7.39
72,China,"Other Asia, nes",7.76
73,China,United States,16.95
74,Pakistan,United Arab Emirates,5.36
75,Pakistan,China,9.11
76,Pakistan,Afghanistan,7.6
77,Pakistan,Kuwait,6.22
78,Pakistan,United Kingdom,6.69
79,Pakistan,Saudi Arabia,9.29
80,Pakistan,United States,14.75
81,Pakistan,Indonesia,4.43
82,"Iran, Islamic Rep.",United Arab Emirates,4.5
83,"Iran, Islamic Rep.","Other Asia, nes",55.35
84,"Iran, Islamic Rep.",China,10.39
85,"Iran, Islamic Rep.","Korea, Rep.",8.45
86,"Iran, Islamic Rep.",Iraq,7.18
87,"Iran, Islamic Rep.",India,7.24
88,"Iran, Islamic Rep.",Turkey,7.41
89,Angola,China,46.92
90,Angola,India,7.68
91,Angola,Brazil,5.44
92,Angola,Singapore,8.75
93,Angola,Spain,6.35
94,Angola,Portugal,16.63
95,Angola,United States,4.34
96,Angola,Canada,4.64
97,Brazil,Germany,5.95
98,Brazil,China,18.38
99,Brazil,Japan,3.04
100,Brazil,Argentina,6.46
101,Brazil,Netherlands,4.97
102,Brazil,United States,12.28
103,Brazil,Nigeria,4.0
104,Singapore,"Hong Kong, China",11.03
105,Singapore,China,13.17
106,Singapore,"Korea, Rep.",5.77
107,Singapore,Indonesia,9.26
108,Singapore,Malaysia,12.06
109,Singapore,"Other Asia, nes",7.96
110,Singapore,United States,5.57
111,Spain,Germany,10.36
112,Spain,United Kingdom,6.91
113,Spain,France,11.02
114,Spain,China,7.51
115,Spain,Italy,7.24
116,Spain,Portugal,7.38
117,Portugal,Germany,11.69
118,Portugal,Angola,6.61
119,Portugal,France,7.08
120,Portugal,Netherlands,5.17
121,Portugal,United Kingdom,6.13
122,Portugal,Spain,32.55
123,Portugal,Italy,5.21
124,Canada,Germany,3.12
125,Canada,Japan,2.6
126,Canada,China,3.67
127,Canada,Mexico,1.08
128,Canada,United Kingdom,2.9
129,Canada,United States,76.8
130,Albania,Germany,5.97
131,Albania,Malta,6.22
132,Albania,China,7.3
133,Albania,"Serbia, FR(Serbia/Montenegro)",7.97
134,Albania,Greece,9.43
135,Albania,Italy,52.02
136,Albania,Turkey,3.95
137,Albania,Spain,6.52
138,Malta,Germany,8.21
139,Malta,United Kingdom,6.01
140,Malta,Libya,5.59
141,Malta,"Egypt, Arab Rep.",13.29
142,Malta,France,5.46
143,Malta,Turkey,7.17
144,Malta,Bunkers,12.41
145,Malta,Italy,18.33
146,Malta,United States,9.58
147,"Serbia, FR(Serbia/Montenegro)",Germany,11.95
148,"Serbia, FR(Serbia/Montenegro)",Romania,5.59
149,"Serbia, FR(Serbia/Montenegro)",Bosnia and Herzegovina,8.89
150,"Serbia, FR(Serbia/Montenegro)",China,7.58
151,"Serbia, FR(Serbia/Montenegro)",Russian Federation,6.93
152,"Serbia, FR(Serbia/Montenegro)",Italy,17.36
153,"Serbia, FR(Serbia/Montenegro)",Hungary,4.94
154,Greece,Germany,6.55
155,Greece,Bulgaria,4.99
156,Greece,China,5.33
157,Greece,Russian Federation,10.33
158,Greece,Iraq,8.34
159,Greece,Italy,9.19
160,Greece,Bunkers,5.61
161,Greece,Turkey,12.16
162,Italy,Germany,12.57
163,Italy,Switzerland,4.78
164,Italy,France,8.63
165,Italy,China,7.03
166,Italy,Netherlands,5.83
167,Italy,United Kingdom,5.25
168,Italy,Russian Federation,4.84
169,Italy,United States,7.46
170,Turkey,Germany,9.77
171,Turkey,Iraq,7.9
172,Turkey,China,10.25
173,Turkey,United Kingdom,6.14
174,Turkey,Russian Federation,10.12
175,Turkey,Italy,4.5
176,Turkey,United States,4.16
177,Turkey,Special Categories,5.42
178,Andorra,Germany,3.85
179,Andorra,Norway,5.51
180,Andorra,"Hong Kong, China",3.08
181,Andorra,Switzerland,2.95
182,Andorra,France,15.53
183,Andorra,China,4.14
184,Andorra,Italy,1.84
185,Andorra,Spain,61.74
186,Norway,Germany,16.93
187,Norway,United Kingdom,22.75
188,Norway,Sweden,5.66
189,Norway,China,9.49
190,Norway,France,6.11
191,Norway,Netherlands,13.32
192,Norway,United States,6.18
193,"Hong Kong, China",Japan,6.47
194,"Hong Kong, China","Other Asia, nes",2.08
195,"Hong Kong, China",China,57.33
196,"Hong Kong, China",India,2.48
197,"Hong Kong, China",Singapore,5.82
198,"Hong Kong, China",United States,8.42
199,Switzerland,Germany,15.21
200,Switzerland,United Kingdom,12.26
201,Switzerland,"Hong Kong, China",7.77
202,Switzerland,India,6.79
203,Switzerland,France,6.59
204,Switzerland,Italy,8.21
205,Switzerland,United States,10.12
206,France,Germany,16.55
207,France,China,8.55
208,France,United Kingdom,7.1
209,France,Italy,7.22
210,France,Spain,7.1
211,France,United States,6.34
212,France,Belgium,8.02
213,United Arab Emirates,Germany,3.87
214,United Arab Emirates,India,3.25
215,United Arab Emirates,Iraq,1.94
216,United Arab Emirates,Saudi Arabia,1.63
217,United Arab Emirates,China,7.42
218,United Arab Emirates,"Iran, Islamic Rep.",3.35
219,United Arab Emirates,United States,6.45
220,Iraq,United Arab Emirates,0.15
221,Iraq,Jordan,0.02
222,Iraq,"Korea, Rep.",7.84
223,Iraq,Syrian Arab Republic,0.04
224,Iraq,China,28.35
225,Iraq,Turkey,0.02
226,Iraq,United States,6.56
227,Saudi Arabia,Germany,7.38
228,Saudi Arabia,Japan,5.89
229,Saudi Arabia,"Other Asia, nes",51.98
230,Saudi Arabia,China,2.14
231,Saudi Arabia,India,1.12
232,Saudi Arabia,"Korea, Rep.",5.08
233,Saudi Arabia,United Arab Emirates,1.85
234,Saudi Arabia,United States,12.71
235,Argentina,Germany,5.37
236,Argentina,Bolivia,3.87
237,Argentina,Chile,4.08
238,Argentina,China,6.52
239,Argentina,Brazil,20.3
240,Argentina,United States,5.97
241,Argentina,Venezuela,2.9
242,Bolivia,Brazil,29.54
243,Bolivia,Peru,6.1
244,Bolivia,China,17.65
245,Bolivia,Argentina,19.67
246,Bolivia,Colombia,4.96
247,Bolivia,United States,15.68
248,Chile,Germany,3.6
249,Chile,China,24.15
250,Chile,Brazil,5.34
251,Chile,"Korea, Rep.",6.16
252,Chile,Japan,9.76
253,Chile,Argentina,4.0
254,Chile,United States,12.29
255,Armenia,China,11.47
256,Armenia,Germany,10.63
257,Armenia,Russian Federation,20.44
258,Armenia,Turkey,5.55
259,Armenia,"Iran, Islamic Rep.",4.96
260,Armenia,United States,5.85
261,Armenia,Canada,6.26
262,Armenia,Ukraine,4.85
263,Russian Federation,Germany,5.01
264,Russian Federation,China,7.52
265,Russian Federation,Italy,5.82
266,Russian Federation,Netherlands,13.39
267,Russian Federation,United States,6.49
268,Russian Federation,Belarus,4.3
269,Ukraine,Germany,9.86
270,Ukraine,Poland,4.91
271,Ukraine,China,4.96
272,Ukraine,"Egypt, Arab Rep.",5.31
273,Ukraine,Russian Federation,18.18
274,Ukraine,Turkey,6.61
275,Ukraine,Belarus,7.3
276,Antigua and Barbuda,United Kingdom,26.67
277,Antigua and Barbuda,St. Kitts and Nevis,4.84
278,Antigua and Barbuda,Trinidad and Tobago,2.73
279,Antigua and Barbuda,Curaçao,6.46
280,Antigua and Barbuda,China,6.83
281,Antigua and Barbuda,United States,19.86
282,St. Kitts and Nevis,United Kingdom,2.9
283,St. Kitts and Nevis,Japan,2.96
284,St. Kitts and Nevis,Panama,2.01
285,St. Kitts and Nevis,Trinidad and Tobago,3.86
286,St. Kitts and Nevis,China,2.79
287,St. Kitts and Nevis,St. Lucia,3.44
288,St. Kitts and Nevis,United States,75.56
289,St. Kitts and Nevis,Antigua and Barbuda,3.37
290,Trinidad and Tobago,Gabon,20.05
291,Trinidad and Tobago,Jamaica,3.9
292,Trinidad and Tobago,China,5.58
293,Trinidad and Tobago,Argentina,3.36
294,Trinidad and Tobago,Russian Federation,9.76
295,Trinidad and Tobago,Brazil,4.76
296,Trinidad and Tobago,Spain,3.68
297,Trinidad and Tobago,Colombia,9.9
298,Trinidad and Tobago,United States,45.05
299,Australia,Germany,4.71
300,Australia,Japan,6.8
301,Australia,China,33.86
302,Australia,India,3.33
303,Australia,"Korea, Rep.",7.44
304,Australia,Singapore,5.01
305,Australia,United States,4.14
306,"Korea, Rep.",Japan,10.23
307,"Korea, Rep.","Hong Kong, China",4.76
308,"Korea, Rep.",China,25.36
309,"Korea, Rep.",Qatar,4.9
310,"Korea, Rep.",Saudi Arabia,6.99
311,"Korea, Rep.",United States,12.32
312,"Korea, Rep.",Singapore,4.17
313,Austria,Germany,29.17
314,Austria,Switzerland,5.56
315,Austria,China,5.58
316,Austria,France,4.75
317,Austria,Italy,6.26
318,Austria,Czech Republic,4.16
319,Austria,United States,5.86
320,Czech Republic,Germany,32.0
321,Czech Republic,Poland,5.98
322,Czech Republic,Slovak Republic,8.4
323,Czech Republic,China,11.37
324,Czech Republic,United Kingdom,5.09
325,Czech Republic,France,5.07
326,Czech Republic,Italy,4.13
327,Azerbaijan,Germany,8.85
328,Azerbaijan,United Kingdom,10.66
329,Azerbaijan,China,7.59
330,Azerbaijan,Indonesia,9.25
331,Azerbaijan,Russian Federation,14.32
332,Azerbaijan,France,7.0
333,Azerbaijan,Italy,22.09
334,Azerbaijan,Turkey,14.02
335,Azerbaijan,Israel,8.12
336,Indonesia,Japan,9.55
337,Indonesia,China,10.0
338,Indonesia,India,6.96
339,Indonesia,"Korea, Rep.",6.65
340,Indonesia,Singapore,14.14
341,Indonesia,Malaysia,6.09
342,Indonesia,United States,9.41
343,Israel,Germany,6.43
344,Israel,"Hong Kong, China",8.89
345,Israel,Switzerland,7.18
346,Israel,China,8.29
347,Israel,United Kingdom,5.76
348,Israel,United States,26.93
349,Israel,Belgium,4.78
350,Burundi,Tanzania,8.37
351,Burundi,Switzerland,16.59
352,Burundi,Germany,8.78
353,Burundi,India,11.18
354,Burundi,China,10.78
355,Burundi,United Arab Emirates,17.63
356,Burundi,Saudi Arabia,10.92
357,Burundi,Kenya,9.16
358,Burundi,Belgium,6.22
359,Burundi,"Congo, Dem. Rep.",20.07
360,Tanzania,Kenya,7.82
361,Tanzania,United Arab Emirates,9.26
362,Tanzania,China,11.99
363,Tanzania,Switzerland,7.14
364,Tanzania,India,21.99
365,Tanzania,"Congo, Rep.",5.11
366,Tanzania,South Africa,12.08
367,Belgium,Germany,15.97
368,Belgium,United Kingdom,7.5
369,Belgium,France,11.54
370,Belgium,Netherlands,12.1
371,Belgium,United States,4.76
372,Benin,Thailand,12.14
373,Benin,Nigeria,5.04
374,Benin,China,9.85
375,Benin,India,8.57
376,Benin,France,8.21
377,Benin,Togo,7.11
378,Benin,Gabon,14.88
379,Benin,Niger,5.94
380,Thailand,Japan,15.67
381,Thailand,United Arab Emirates,5.58
382,Thailand,"Hong Kong, China",5.54
383,Thailand,China,11.02
384,Thailand,Malaysia,5.61
385,Thailand,United States,10.53
386,Nigeria,India,14.56
387,Nigeria,China,21.92
388,Nigeria,Netherlands,10.2
389,Nigeria,France,5.73
390,Nigeria,Brazil,8.08
391,Nigeria,Spain,9.31
392,Nigeria,United States,10.39
393,Nigeria,Belgium,7.24
394,Togo,Nigeria,9.5
395,Togo,Cote d'Ivoire,4.82
396,Togo,India,11.33
397,Togo,France,8.61
398,Togo,China,16.7
399,Togo,Netherlands,7.01
400,Togo,Ghana,10.71
401,Togo,Benin,9.47
402,Togo,Belgium,4.8
403,Togo,Niger,11.09
404,Niger,Japan,4.4
405,Niger,Thailand,4.71
406,Niger,Nigeria,12.69
407,Niger,France,14.56
408,Niger,Burkina Faso,15.65
409,Niger,China,22.63
410,Niger,United States,7.44
411,Burkina Faso,Cote d'Ivoire,10.71
412,Burkina Faso,Switzerland,54.54
413,Burkina Faso,France,10.43
414,Burkina Faso,Togo,4.26
415,Burkina Faso,China,11.81
416,Burkina Faso,Netherlands,7.46
417,Burkina Faso,South Africa,4.42
418,Burkina Faso,Mali,5.35
419,Burkina Faso,Singapore,6.78
420,Cote d'Ivoire,Nigeria,21.78
421,Cote d'Ivoire,France,12.21
422,Cote d'Ivoire,India,4.98
423,Cote d'Ivoire,China,8.77
424,Cote d'Ivoire,"Bahamas, The",5.48
425,Cote d'Ivoire,South Africa,7.06
426,Cote d'Ivoire,Netherlands,10.26
427,Cote d'Ivoire,United States,8.61
428,South Africa,Botswana,5.14
429,South Africa,Germany,10.03
430,South Africa,China,9.47
431,South Africa,Japan,5.28
432,South Africa,Saudi Arabia,7.14
433,South Africa,United States,7.0
434,South Africa,Nigeria,5.14
435,Bulgaria,Germany,12.02
436,Bulgaria,Romania,6.81
437,Bulgaria,Greece,6.7
438,Bulgaria,Russian Federation,15.19
439,Bulgaria,Italy,8.95
440,Bulgaria,Turkey,9.37
441,Romania,Germany,19.23
442,Romania,Poland,4.62
443,Romania,France,5.67
444,Romania,Italy,11.87
445,Romania,Hungary,7.83
446,Romania,Turkey,4.52
447,Bahrain,Japan,5.16
448,Bahrain,United Arab Emirates,14.72
449,Bahrain,Qatar,5.06
450,Bahrain,Saudi Arabia,14.91
451,Bahrain,China,8.05
452,Bahrain,United States,4.74
453,Bahrain,Singapore,4.95
454,Qatar,Germany,7.13
455,Qatar,Japan,6.42
456,Qatar,United Arab Emirates,8.19
457,Qatar,China,7.68
458,Qatar,India,12.72
459,Qatar,"Korea, Rep.",18.79
460,Qatar,United States,11.45
461,Qatar,Singapore,6.15
462,"Bahamas, The",Japan,0.76
463,"Bahamas, The",Trinidad and Tobago,1.51
464,"Bahamas, The",Barbados,2.56
465,"Bahamas, The",France,3.75
466,"Bahamas, The",Ghana,1.29
467,"Bahamas, The",Ireland,3.64
468,"Bahamas, The",United States,82.69
469,"Bahamas, The",Canada,2.08
470,Barbados,Guyana,5.25
471,Barbados,United Kingdom,3.99
472,Barbados,Trinidad and Tobago,12.36
473,Barbados,Suriname,3.84
474,Barbados,China,5.31
475,Barbados,St. Lucia,4.16
476,Barbados,United States,16.98
477,Ghana,"Other Asia, nes",6.98
478,Ghana,Switzerland,7.44
479,Ghana,France,4.41
480,Ghana,India,5.93
481,Ghana,China,13.42
482,Ghana,United Arab Emirates,7.28
483,Ghana,South Africa,16.06
484,Ghana,United States,7.39
485,Ghana,Belgium,4.22
486,Ireland,Germany,6.57
487,Ireland,United Kingdom,14.84
488,Ireland,Switzerland,5.67
489,Ireland,France,12.09
490,Ireland,China,5.45
491,Ireland,United States,22.42
492,Ireland,Belgium,12.75
493,Bosnia and Herzegovina,Germany,15.16
494,Bosnia and Herzegovina,Croatia,11.43
495,Bosnia and Herzegovina,China,8.39
496,Bosnia and Herzegovina,"Serbia, FR(Serbia/Montenegro)",9.17
497,Bosnia and Herzegovina,Italy,13.79
498,Bosnia and Herzegovina,Austria,8.7
499,Croatia,Germany,11.19
500,Croatia,Bosnia and Herzegovina,11.85
501,Croatia,Slovenia,10.81
502,Croatia,Italy,13.88
503,Croatia,Hungary,6.55
504,Croatia,Austria,8.64
505,Belarus,Germany,4.55
506,Belarus,Poland,6.0
507,Belarus,Lithuania,8.12
508,Belarus,United Kingdom,8.1
509,Belarus,Russian Federation,41.77
510,Belarus,Netherlands,4.74
511,Belarus,Ukraine,4.39
512,Poland,Germany,25.93
513,Poland,Czech Republic,6.26
514,Poland,France,3.72
515,Poland,China,10.61
516,Poland,United Kingdom,6.37
517,Poland,Russian Federation,10.8
518,Poland,Italy,4.53
519,Lithuania,Germany,7.26
520,Lithuania,Poland,8.25
521,Lithuania,Belarus,4.65
522,Lithuania,Latvia,6.88
523,Lithuania,Russian Federation,20.85
524,Lithuania,Italy,4.91
525,Belize,Mexico,7.64
526,Belize,Jamaica,4.22
527,Belize,China,11.08
528,Belize,United Kingdom,25.05
529,Belize,Curaçao,12.97
530,Belize,Guatemala,7.88
531,Belize,Netherlands,4.67
532,Belize,United States,37.84
533,Mexico,Germany,3.44
534,Mexico,Japan,4.39
535,Mexico,China,1.5
536,Mexico,"Korea, Rep.",3.44
537,Mexico,Colombia,1.19
538,Mexico,Spain,1.46
539,Mexico,United States,80.29
540,Mexico,Canada,2.69
541,Jamaica,Mexico,3.31
542,Jamaica,Trinidad and Tobago,10.21
543,Jamaica,China,6.76
544,Jamaica,Venezuela,11.7
545,Jamaica,United Kingdom,5.12
546,Jamaica,Russian Federation,5.15
547,Jamaica,Netherlands,5.7
548,Jamaica,United States,39.37
549,Jamaica,Canada,15.31
550,Guatemala,Mexico,3.97
551,Guatemala,El Salvador,4.55
552,Guatemala,China,9.84
553,Guatemala,Nicaragua,4.72
554,Guatemala,Panama,3.72
555,Guatemala,Honduras,8.13
556,Guatemala,United States,36.21
557,Bermuda,United Kingdom,5.57
558,Bermuda,Canada,12.96
559,Bermuda,Germany,1.13
560,Bermuda,China,1.66
561,Bermuda,Italy,0.87
562,Bermuda,United States,78.91
563,Peru,Ecuador,4.21
564,Peru,China,18.22
565,Peru,Switzerland,6.89
566,Peru,Mexico,4.56
567,Peru,Brazil,4.13
568,Peru,United States,16.18
569,Peru,Canada,6.64
570,Guyana,Trinidad and Tobago,21.07
571,Guyana,Suriname,6.49
572,Guyana,Jamaica,3.8
573,Guyana,China,7.5
574,Guyana,Venezuela,11.8
575,Guyana,United Kingdom,8.27
576,Guyana,United States,25.57
577,Guyana,Canada,22.45
578,Suriname,Guyana,7.29
579,Suriname,Switzerland,13.62
580,Suriname,Trinidad and Tobago,10.64
581,Suriname,China,6.71
582,Suriname,United Arab Emirates,22.0
583,Suriname,Netherlands,14.44
584,Suriname,Curaçao,6.41
585,Suriname,United States,24.33
586,Suriname,Belgium,8.46
587,St. Lucia,Jamaica,2.05
588,St. Lucia,United Kingdom,11.45
589,St. Lucia,Trinidad and Tobago,14.56
590,St. Lucia,Barbados,3.04
591,St. Lucia,United States,44.42
592,Brunei,India,9.11
593,Brunei,"Korea, Rep.",8.69
594,Brunei,Singapore,20.45
595,Brunei,China,9.94
596,Brunei,Australia,7.57
597,Brunei,Indonesia,6.06
598,Brunei,Malaysia,20.59
599,Brunei,Japan,37.21
600,Brunei,United States,9.02
601,Malaysia,Japan,8.01
602,Malaysia,Thailand,5.26
603,Malaysia,China,12.05
604,Malaysia,Singapore,12.55
605,Malaysia,United States,8.42
606,Botswana,South Africa,66.44
607,Botswana,Canada,9.31
608,Botswana,India,13.67
609,Botswana,Israel,7.63
610,Botswana,Namibia,11.47
611,Botswana,Belgium,3.42
612,Namibia,Botswana,16.61
613,Namibia,Germany,2.83
614,Namibia,South Africa,55.97
615,Namibia,Switzerland,12.12
616,Namibia,Angola,7.28
617,Namibia,"Korea, Rep.",6.59
618,Namibia,China,3.94
619,Namibia,"Bahamas, The",3.47
620,Central African Republic,Vietnam,1.9
621,Central African Republic,Japan,7.59
622,Central African Republic,China,37.73
623,Central African Republic,Germany,33.33
624,Central African Republic,France,21.47
625,Central African Republic,Austria,1.57
626,Central African Republic,United States,9.4
627,Central African Republic,Belgium,9.36
628,Vietnam,Japan,8.7
629,Vietnam,Thailand,4.77
630,Vietnam,"Hong Kong, China",3.5
631,Vietnam,China,9.94
632,Vietnam,"Korea, Rep.",14.7
633,Vietnam,"Other Asia, nes",7.48
634,Vietnam,United States,19.07
635,"Other Asia, nes",Japan,15.22
636,"Other Asia, nes","Hong Kong, China",13.56
637,"Other Asia, nes",China,26.18
638,"Other Asia, nes","Korea, Rep.",5.4
639,"Other Asia, nes",Saudi Arabia,4.99
640,"Other Asia, nes",United States,11.13
641,"Other Asia, nes",Singapore,6.55
642,Cameroon,Thailand,3.58
643,Cameroon,China,14.69
644,Cameroon,India,9.77
645,Cameroon,France,10.18
646,Cameroon,Italy,9.1
647,Cameroon,Spain,16.69
648,Cameroon,Netherlands,10.43
649,Cameroon,United States,3.49
650,Cameroon,Nigeria,17.89
651,"Congo, Rep.",China,23.25
652,"Congo, Rep.",Angola,11.97
653,"Congo, Rep.",Gabon,8.16
654,"Congo, Rep.",Singapore,7.28
655,"Congo, Rep.","Bahamas, The",8.98
656,"Congo, Rep.",Australia,7.92
657,"Congo, Rep.",Netherlands,11.49
658,"Congo, Rep.",Heard Island and McDonald Isla,8.8
659,"Congo, Rep.",Iceland,7.2
660,Iceland,Germany,6.03
661,Iceland,Denmark,7.56
662,Iceland,Norway,14.64
663,Iceland,China,7.4
664,Iceland,United Kingdom,11.23
665,Iceland,France,4.97
666,Iceland,Spain,7.53
667,Iceland,Netherlands,29.2
668,Iceland,United States,10.13
669,Comoros,United Arab Emirates,24.47
670,Comoros,Mauritius,4.03
671,Comoros,India,10.96
672,Comoros,Germany,7.79
673,Comoros,France,20.87
674,Comoros,China,6.84
675,Comoros,Madagascar,23.75
676,Comoros,Singapore,7.81
677,Comoros,Pakistan,16.02
678,Mauritius,South Africa,6.6
679,Mauritius,France,7.69
680,Mauritius,India,21.62
681,Mauritius,China,16.16
682,Mauritius,United Arab Emirates,10.74
683,Mauritius,United Kingdom,13.59
684,Mauritius,United States,10.46
685,Mauritius,Vietnam,3.57
686,Madagascar,United Arab Emirates,17.15
687,Madagascar,France,5.86
688,Madagascar,India,6.3
689,Madagascar,China,15.33
690,Madagascar,Japan,6.46
691,Madagascar,Netherlands,6.57
692,Madagascar,United States,8.38
693,Madagascar,Belgium,6.54
694,Cape Verde,Morocco,4.95
695,Cape Verde,Finland,4.64
696,Cape Verde,China,4.09
697,Cape Verde,Netherlands,14.84
698,Cape Verde,Italy,5.08
699,Cape Verde,Portugal,39.02
700,Cape Verde,Spain,8.44
701,Cape Verde,El Salvador,4.55
702,Morocco,India,3.64
703,Morocco,France,13.48
704,Morocco,China,7.59
705,Morocco,Brazil,4.57
706,Morocco,Italy,4.3
707,Morocco,Spain,13.34
708,Morocco,Saudi Arabia,5.44
709,Morocco,United States,6.97
710,Finland,Germany,11.61
711,Finland,Sweden,10.97
712,Finland,China,6.45
713,Finland,Netherlands,5.89
714,Finland,Russian Federation,8.16
715,Finland,United States,6.61
716,El Salvador,Guatemala,13.55
717,El Salvador,Honduras,4.89
718,El Salvador,Mexico,6.8
719,El Salvador,Costa Rica,4.58
720,El Salvador,China,12.18
721,El Salvador,Nicaragua,6.42
722,El Salvador,United States,46.3
723,Costa Rica,Japan,2.77
724,Costa Rica,Panama,5.28
725,Costa Rica,Guatemala,4.14
726,Costa Rica,Mexico,6.68
727,Costa Rica,China,9.98
728,Costa Rica,Nicaragua,4.43
729,Costa Rica,Netherlands,6.19
730,Costa Rica,United States,38.32
731,Nicaragua,Mexico,12.41
732,Nicaragua,China,14.93
733,Nicaragua,Venezuela,7.94
734,Nicaragua,El Salvador,4.59
735,Nicaragua,United States,48.37
736,Nicaragua,Canada,5.03
737,Nicaragua,Costa Rica,8.08
738,Cyprus,Germany,7.5
739,Cyprus,United Kingdom,8.59
740,Cyprus,Marshall Islands,9.22
741,Cyprus,Greece,9.12
742,Cyprus,Israel,8.03
743,Cyprus,China,9.82
744,Cyprus,Bunkers,9.76
745,Cyprus,Netherlands,13.44
746,Slovak Republic,Germany,21.9
747,Slovak Republic,Czech Republic,10.79
748,Slovak Republic,China,8.23
749,Slovak Republic,Poland,8.19
750,Slovak Republic,Russian Federation,7.72
751,Slovak Republic,Austria,6.08
752,Slovak Republic,Hungary,6.59
753,Denmark,Germany,16.56
754,Denmark,Sweden,11.33
755,Denmark,Norway,6.68
756,Denmark,China,7.14
757,Denmark,Netherlands,7.51
758,Denmark,United Kingdom,7.2
759,Denmark,Special Categories,9.81
760,Sweden,Denmark,6.84
761,Sweden,Germany,9.73
762,Sweden,United Kingdom,6.99
763,Sweden,Norway,10.35
764,Sweden,Finland,6.95
765,Sweden,Netherlands,7.69
766,Dominican Republic,Switzerland,2.51
767,Dominican Republic,Mexico,5.81
768,Dominican Republic,Trinidad and Tobago,5.06
769,Dominican Republic,China,12.04
770,Dominican Republic,Venezuela,4.86
771,Dominican Republic,Haiti,14.34
772,Dominican Republic,United States,49.1
773,Dominican Republic,Canada,9.19
774,Algeria,Germany,6.49
775,Algeria,France,10.81
776,Algeria,China,14.06
777,Algeria,United Kingdom,8.4
778,Algeria,Italy,13.56
779,Algeria,Spain,8.58
780,Algeria,United States,7.91
781,Ecuador,Chile,9.05
782,Ecuador,Panama,5.43
783,Ecuador,Mexico,4.14
784,Ecuador,Peru,6.15
785,Ecuador,China,16.77
786,Ecuador,Colombia,3.7
787,Ecuador,United States,43.69
788,"Egypt, Arab Rep.",Germany,7.77
789,"Egypt, Arab Rep.",India,7.17
790,"Egypt, Arab Rep.",Saudi Arabia,7.39
791,"Egypt, Arab Rep.",China,11.3
792,"Egypt, Arab Rep.",Kuwait,4.93
793,"Egypt, Arab Rep.",Italy,9.15
794,"Egypt, Arab Rep.",United States,4.21
795,"Egypt, Arab Rep.",Turkey,5.41
796,Kuwait,Germany,6.67
797,Kuwait,Japan,7.1
798,Kuwait,United Arab Emirates,0.83
799,Kuwait,China,1.03
800,Kuwait,India,0.88
801,Kuwait,Saudi Arabia,0.74
802,Kuwait,United States,9.77
803,Estonia,Germany,10.12
804,Estonia,Sweden,16.42
805,Estonia,Finland,13.61
806,Estonia,China,7.46
807,Estonia,Lithuania,4.85
808,Estonia,Latvia,9.85
809,Estonia,Russian Federation,14.16
810,Latvia,Germany,6.76
811,Latvia,Poland,6.39
812,Latvia,Estonia,11.65
813,Latvia,Lithuania,19.84
814,Latvia,Russian Federation,10.57
815,Ethiopia(excludes Eritrea),China,19.33
816,Ethiopia(excludes Eritrea),Switzerland,6.48
817,Ethiopia(excludes Eritrea),Germany,7.32
818,Ethiopia(excludes Eritrea),India,6.53
819,Ethiopia(excludes Eritrea),Saudi Arabia,6.93
820,Ethiopia(excludes Eritrea),Kuwait,10.18
821,Ethiopia(excludes Eritrea),United States,6.24
822,European Union,China,9.61
823,European Union,Switzerland,8.24
824,European Union,Norway,4.25
825,European Union,Russian Federation,6.02
826,European Union,United States,18.11
827,European Union,Turkey,4.35
828,Fiji,China,5.86
829,Fiji,France,4.17
830,Fiji,Singapore,25.63
831,Fiji,Australia,14.0
832,Fiji,United Kingdom,7.69
833,Fiji,Bunkers,14.81
834,Fiji,New Zealand,13.98
835,Fiji,United States,12.44
836,New Zealand,Germany,4.81
837,New Zealand,Japan,6.66
838,New Zealand,China,19.94
839,New Zealand,"Korea, Rep.",3.52
840,New Zealand,Australia,12.17
841,New Zealand,United States,9.4
842,Georgia,Germany,5.42
843,Georgia,China,8.53
844,Georgia,Armenia,9.81
845,Georgia,Azerbaijan,19.02
846,Georgia,Russian Federation,9.44
847,Georgia,Turkey,7.77
848,Georgia,United States,7.25
849,Georgia,Ukraine,6.38
850,Guinea,India,12.91
851,Guinea,France,5.41
852,Guinea,China,14.01
853,Guinea,United Arab Emirates,20.03
854,Guinea,Netherlands,30.67
855,Guinea,Ghana,21.78
856,Guinea,Spain,6.99
857,Guinea,United States,5.56
858,Guinea,Belgium,3.59
859,"Gambia, The",Cote d'Ivoire,20.16
860,"Gambia, The",China,7.24
861,"Gambia, The",France,5.24
862,"Gambia, The",India,6.47
863,"Gambia, The",Brazil,11.02
864,"Gambia, The",Mali,37.9
865,"Gambia, The",Senegal,15.96
866,"Gambia, The",Guinea,24.71
867,"Gambia, The",Guinea-Bissau,5.18
868,Senegal,Switzerland,9.9
869,Senegal,France,16.45
870,Senegal,India,5.94
871,Senegal,China,7.29
872,Senegal,United Arab Emirates,6.01
873,Senegal,Netherlands,8.26
874,Senegal,Bunkers,8.52
875,Senegal,Mali,17.09
876,Senegal,Nigeria,8.06
877,Grenada,Trinidad and Tobago,4.83
878,Grenada,Barbados,3.66
879,Grenada,Venezuela,6.11
880,Grenada,St. Lucia,4.44
881,Grenada,Curaçao,4.23
882,Grenada,Netherlands,12.46
883,Grenada,United States,21.3
884,Greenland,Denmark,76.93
885,Greenland,Germany,1.75
886,Greenland,Iceland,9.41
887,Greenland,China,2.05
888,Greenland,Portugal,5.13
889,Greenland,Sweden,17.8
890,Greenland,Netherlands,0.66
891,Honduras,Guatemala,5.01
892,Honduras,Germany,7.2
893,Honduras,Mexico,6.68
894,Honduras,El Salvador,4.02
895,Honduras,China,11.28
896,Honduras,Nicaragua,4.67
897,Honduras,United States,44.26
898,Slovenia,Germany,20.04
899,Slovenia,Croatia,4.15
900,Slovenia,China,5.74
901,Slovenia,France,5.09
902,Slovenia,Italy,11.87
903,Slovenia,Austria,8.64
904,Hungary,Germany,27.46
905,Hungary,Romania,5.44
906,Hungary,Poland,5.18
907,Hungary,Slovak Republic,4.89
908,Hungary,Russian Federation,7.0
909,Hungary,Italy,4.59
910,Hungary,Austria,7.27
911,Jordan,United Arab Emirates,4.8
912,Jordan,India,7.76
913,Jordan,Iraq,15.32
914,Jordan,Saudi Arabia,12.39
915,Jordan,China,10.52
916,Jordan,United States,15.78
917,Jordan,Free Zones,9.8
918,Kazakhstan,Germany,5.61
919,Kazakhstan,China,12.33
920,Kazakhstan,Russian Federation,8.04
921,Kazakhstan,France,5.9
922,Kazakhstan,Italy,20.2
923,Kazakhstan,Netherlands,10.98
924,Kazakhstan,United States,4.83
925,Kazakhstan,Ukraine,2.93
926,Kyrgyz Republic,Japan,6.37
927,Kyrgyz Republic,Kazakhstan,25.22
928,Kyrgyz Republic,Switzerland,31.64
929,Kyrgyz Republic,Uzbekistan,9.0
930,Kyrgyz Republic,China,21.13
931,Kyrgyz Republic,United Arab Emirates,7.77
932,Kyrgyz Republic,Russian Federation,6.27
933,Kyrgyz Republic,United States,4.12
934,Cambodia,Thailand,10.8
935,Cambodia,China,5.21
936,Cambodia,Germany,8.45
937,Cambodia,United Kingdom,10.98
938,Cambodia,"Other Asia, nes",6.62
939,Cambodia,"Hong Kong, China",8.58
940,Cambodia,United States,29.22
941,Cambodia,Canada,7.43
942,Cambodia,Vietnam,8.97
943,Kiribati,Japan,12.65
944,Kiribati,"Other Asia, nes",10.09
945,Kiribati,Fiji,15.74
946,Kiribati,Singapore,10.56
947,Kiribati,Australia,23.57
948,Kiribati,New Zealand,8.52
949,Kiribati,Malaysia,36.35
950,Kiribati,East Timor,10.14
951,Lebanon,Germany,6.13
952,Lebanon,France,6.22
953,Lebanon,Iraq,7.73
954,Lebanon,Syrian Arab Republic,7.31
955,Lebanon,Saudi Arabia,11.39
956,Lebanon,China,12.12
957,Lebanon,United Arab Emirates,9.66
958,Lebanon,South Africa,8.97
959,Lebanon,Italy,8.03
960,Lebanon,United States,5.99
961,Sri Lanka,Japan,4.89
962,Sri Lanka,United Arab Emirates,9.12
963,Sri Lanka,India,6.49
964,Sri Lanka,Germany,4.46
965,Sri Lanka,Singapore,6.6
966,Sri Lanka,China,17.74
967,Sri Lanka,United Kingdom,9.9
968,Sri Lanka,Italy,5.44
969,Sri Lanka,United States,24.11
970,Lesotho,Japan,1.48
971,Lesotho,South Africa,80.84
972,Lesotho,Eswatini,0.08
973,Lesotho,India,1.58
974,Lesotho,China,2.89
975,Lesotho,United Kingdom,0.11
976,Lesotho,"Other Asia, nes",7.05
977,Lesotho,United States,30.28
978,Lesotho,Belgium,46.06
979,Eswatini,South Africa,85.06
980,Eswatini,Nigeria,4.46
981,Eswatini,India,1.5
982,Eswatini,China,3.95
983,Eswatini,"Other Asia, nes",1.26
984,Eswatini,Italy,5.44
985,Eswatini,Kenya,3.17
986,Eswatini,Mozambique,3.52
987,Eswatini,United States,1.62
988,Luxembourg,Germany,27.51
989,Luxembourg,France,14.14
990,Luxembourg,United Kingdom,3.72
991,Luxembourg,Netherlands,4.96
992,Luxembourg,United States,6.86
993,Luxembourg,Belgium,23.91
994,Macao,"Other Asia, nes",0.91
995,Macao,"Hong Kong, China",10.27
996,Macao,China,18.36
997,Macao,Switzerland,9.09
998,Macao,France,8.38
999,Macao,Italy,6.87
1000,Macao,United States,2.29
1001,Macao,Singapore,0.85
1002,Moldova,Germany,5.88
1003,Moldova,Romania,15.1
1004,Moldova,Belarus,5.76
1005,Moldova,China,9.05
1006,Moldova,Russian Federation,18.11
1007,Moldova,Italy,10.4
1008,Moldova,Ukraine,10.28
1009,Maldives,United Arab Emirates,23.73
1010,Maldives,Thailand,32.22
1011,Maldives,Germany,6.35
1012,Maldives,Sri Lanka,6.04
1013,Maldives,India,8.56
1014,Maldives,Singapore,17.54
1015,Maldives,Malaysia,7.28
1016,Maldives,France,14.46
1017,Maldives,United States,9.04
1018,North Macedonia,Germany,41.22
1019,North Macedonia,United Kingdom,12.23
1020,North Macedonia,Greece,4.59
1021,North Macedonia,Bulgaria,6.6
1022,North Macedonia,"Serbia, FR(Serbia/Montenegro)",9.9
1023,North Macedonia,Italy,6.25
1024,Myanmar,Japan,10.15
1025,Myanmar,Thailand,32.71
1026,Myanmar,China,35.07
1027,Myanmar,India,7.3
1028,Myanmar,Singapore,23.14
1029,Myanmar,Malaysia,5.96
1030,Mongolia,Japan,7.16
1031,Mongolia,China,87.8
1032,Mongolia,Switzerland,0.49
1033,Mongolia,"Korea, Rep.",6.83
1034,Mongolia,United Kingdom,6.91
1035,Mongolia,Russian Federation,1.07
1036,Mongolia,Italy,0.89
1037,Mongolia,United States,4.23
1038,Montenegro,Bosnia and Herzegovina,9.56
1039,Montenegro,Croatia,9.94
1040,Montenegro,Belarus,9.92
1041,Montenegro,China,7.44
1042,Montenegro,"Serbia, FR(Serbia/Montenegro)",24.01
1043,Montenegro,Greece,8.1
1044,Montenegro,Italy,10.45
1045,Mozambique,South Africa,33.08
1046,Mozambique,United Arab Emirates,5.47
1047,Mozambique,India,8.2
1048,Mozambique,China,8.01
1049,Mozambique,Netherlands,23.52
1050,Mozambique,United Kingdom,4.44
1051,Mozambique,Bahrain,9.27
1052,Mozambique,Singapore,10.05
1053,Mauritania,Andorra,5.86
1054,Mauritania,United Arab Emirates,18.53
1055,Mauritania,China,32.73
1056,Mauritania,Switzerland,17.1
1057,Mauritania,Germany,5.03
1058,Mauritania,France,9.97
1059,Mauritania,Spain,6.61
1060,Mauritania,United States,23.75
1061,Mauritania,Belgium,6.36
1062,Montserrat,United Kingdom,4.11
1063,Montserrat,Japan,2.27
1064,Montserrat,Canada,2.16
1065,Montserrat,St. Kitts and Nevis,22.25
1066,Montserrat,Trinidad and Tobago,9.66
1067,Montserrat,France,23.01
1068,Montserrat,Anguila,5.48
1069,Montserrat,United States,28.97
1070,Malawi,South Africa,18.96
1071,Malawi,United Arab Emirates,5.45
1072,Malawi,Mozambique,9.22
1073,Malawi,China,4.91
1074,Malawi,India,11.77
1075,Malawi,Zimbabwe,6.3
1076,Malawi,Belgium,12.08
1077,Zimbabwe,United Kingdom,3.19
1078,Zimbabwe,Japan,2.52
1079,Zimbabwe,South Africa,42.47
1080,Zimbabwe,Singapore,19.22
1081,Zimbabwe,China,6.21
1082,Zimbabwe,Zambia,2.65
1083,Zimbabwe,Mozambique,14.91
1084,Zimbabwe,Belgium,3.23
1085,Zimbabwe,Special Categories,20.79
1086,New Caledonia,"Other Asia, nes",11.57
1087,New Caledonia,China,19.13
1088,New Caledonia,France,22.27
1089,New Caledonia,Singapore,17.5
1090,New Caledonia,Australia,8.94
1091,New Caledonia,Japan,15.32
1092,New Caledonia,United States,4.72
1093,Nepal,United Arab Emirates,5.5
1094,Nepal,China,3.11
1095,Nepal,India,64.84
1096,Nepal,Germany,3.59
1097,Nepal,United Kingdom,2.28
1098,Nepal,Argentina,1.42
1099,Nepal,United States,8.37
1100,Nepal,Indonesia,2.07
1101,Oman,United Arab Emirates,4.83
1102,Oman,India,2.04
1103,Oman,Saudi Arabia,2.66
1104,Oman,China,4.6
1105,Oman,Pakistan,2.82
1106,Philippines,Japan,8.18
1107,Philippines,"Hong Kong, China",9.05
1108,Philippines,China,13.0
1109,Philippines,"Korea, Rep.",7.73
1110,Philippines,Singapore,6.95
1111,Philippines,United States,14.13
1112,Palau,Japan,12.17
1113,Palau,"Other Asia, nes",2.07
1114,Palau,Singapore,19.68
1115,Palau,Guam,4.93
1116,Palau,United States,38.31
1117,Palau,Philippines,5.4
1118,Paraguay,Chile,6.98
1119,Paraguay,Brazil,30.68
1120,Paraguay,China,25.3
1121,Paraguay,Netherlands,4.46
1122,Paraguay,Argentina,6.78
1123,Paraguay,Russian Federation,10.77
1124,Paraguay,United States,9.51
1125,Occ.Pal.Terr,Germany,2.44
1126,Occ.Pal.Terr,Jordan,7.03
1127,Occ.Pal.Terr,Israel,83.87
1128,Occ.Pal.Terr,China,4.96
1129,Occ.Pal.Terr,United Arab Emirates,1.5
1130,Occ.Pal.Terr,Turkey,5.73
1131,Occ.Pal.Terr,Netherlands,1.21
1132,Occ.Pal.Terr,United States,1.27
1133,French Polynesia,"Hong Kong, China",28.74
1134,French Polynesia,France,25.85
1135,French Polynesia,Singapore,13.36
1136,French Polynesia,China,10.45
1137,French Polynesia,Japan,27.63
1138,French Polynesia,Colombia,4.72
1139,French Polynesia,New Zealand,7.96
1140,French Polynesia,United States,11.86
1141,Rwanda,Kenya,13.02
1142,Rwanda,United Arab Emirates,9.78
1143,Rwanda,Switzerland,12.53
1144,Rwanda,India,11.7
1145,Rwanda,China,16.39
1146,Rwanda,Uganda,10.85
1147,Rwanda,United States,5.03
1148,Rwanda,Austria,8.94
1149,Rwanda,"Congo, Dem. Rep.",30.79
1150,Uganda,Kenya,13.15
1151,Uganda,Japan,5.84
1152,Uganda,Rwanda,10.85
1153,Uganda,United Arab Emirates,6.61
1154,Uganda,India,24.54
1155,Uganda,China,12.18
1156,Uganda,South Sudan,12.39
1157,Uganda,"Congo, Dem. Rep.",8.03
1158,Solomon Islands,Philippines,2.84
1159,Solomon Islands,China,57.54
1160,Solomon Islands,Singapore,24.23
1161,Solomon Islands,Australia,27.58
1162,Solomon Islands,Malaysia,8.37
1163,Solomon Islands,United Kingdom,6.32
1164,Solomon Islands,Italy,5.86
1165,Solomon Islands,New Zealand,6.09
1166,Sierra Leone,United Kingdom,6.39
1167,Sierra Leone,United Arab Emirates,7.88
1168,Sierra Leone,Nigeria,1.47
1169,Sierra Leone,Cote d'Ivoire,1.55
1170,Sierra Leone,China,86.4
1171,Sierra Leone,Benin,35.64
1172,Sierra Leone,Netherlands,2.84
1173,Sierra Leone,Belgium,14.19
1174,Sierra Leone,Guinea,2.98
1175,Sao Tome and Principe,Gabon,2.09
1176,Sao Tome and Principe,Germany,7.19
1177,Sao Tome and Principe,Angola,21.48
1178,Sao Tome and Principe,China,2.35
1179,Sao Tome and Principe,France,13.34
1180,Sao Tome and Principe,Spain,19.91
1181,Sao Tome and Principe,Netherlands,21.19
1182,Sao Tome and Principe,Portugal,61.38
1183,Sao Tome and Principe,United States,2.3
1184,Sao Tome and Principe,Belgium,24.0
1185,Sudan,Ethiopia(excludes Eritrea),2.56
1186,Sudan,United Arab Emirates,25.25
1187,Sudan,China,50.14
1188,Sudan,India,7.96
1189,Sudan,Saudi Arabia,7.55
1190,Sudan,"Egypt, Arab Rep.",5.05
1191,Sudan,Malaysia,7.08
1192,Seychelles,Denmark,1.5
1193,Seychelles,South Africa,5.68
1194,Seychelles,United Arab Emirates,34.76
1195,Seychelles,France,9.59
1196,Seychelles,China,5.15
1197,Seychelles,United Kingdom,20.24
1198,Seychelles,Italy,11.21
1199,Seychelles,Spain,9.4
1200,Tonga,Japan,8.0
1201,Tonga,"Hong Kong, China",17.74
1202,Tonga,Fiji,7.82
1203,Tonga,New Zealand,28.61
1204,Tonga,Singapore,21.13
1205,Tonga,United States,13.14
1206,Tunisia,Germany,10.21
1207,Tunisia,France,16.31
1208,Tunisia,China,7.19
1209,Tunisia,United Kingdom,4.25
1210,Tunisia,Italy,19.12
1211,Tunisia,Algeria,6.34
1212,Uruguay,China,13.31
1213,Uruguay,Brazil,17.59
1214,Uruguay,Argentina,4.8
1215,Uruguay,United States,4.59
1216,Uruguay,Free Zones,17.78
1217,Uruguay,Nigeria,4.54
1218,St. Vincent and the Grenadines,United Kingdom,6.57
1219,St. Vincent and the Grenadines,Dominica,8.75
1220,St. Vincent and the Grenadines,Trinidad and Tobago,15.81
1221,St. Vincent and the Grenadines,China,5.78
1222,St. Vincent and the Grenadines,Barbados,15.51
1223,St. Vincent and the Grenadines,Venezuela,7.26
1224,St. Vincent and the Grenadines,St. Lucia,20.08
1225,St. Vincent and the Grenadines,United States,33.78
1226,St. Vincent and the Grenadines,Antigua and Barbuda,11.11
1227, World,Germany,5.96
1228, World,Japan,4.22
1229, World,"Hong Kong, China",3.84
1230, World,China,8.26
1231, World,"Korea, Rep.",3.23
1232, World,United States,11.72
1233,Samoa,American Samoa,6.29
1234,Samoa,New Zealand,25.0
1235,Samoa,Singapore,24.8
1236,Samoa,China,12.63
1237,Samoa,Australia,7.91
1238,Samoa,United States,3.78
1239,Yemen,Thailand,13.67
1240,Yemen,China,35.62
1241,Yemen,India,6.68
1242,Yemen,Saudi Arabia,20.99
1243,Yemen,United Arab Emirates,4.17
1244,Yemen,Turkey,7.05
1245,Yemen,Malaysia,5.0
1246,Zambia,"Congo, Dem. Rep.",8.26
1247,Zambia,Kenya,7.8
1248,Zambia,South Africa,31.15
1249,Zambia,China,18.47
1250,Zambia,Switzerland,44.68
1251,Zambia,India,4.09
1252,Zambia,Singapore,3.84
