,source,target,2015
0,Aruba,United Kingdom,3.85
1,Aruba,Curaçao,16.82
2,Aruba,Netherlands,9.72
3,Aruba,Colombia,27.41
4,Aruba,Panama,3.56
5,Aruba,United States,7.01
6,United Kingdom,Germany,10.0
7,United Kingdom,China,5.92
8,United Kingdom,Switzerland,7.3
9,United Kingdom,France,6.14
10,United Kingdom,Netherlands,7.54
11,United Kingdom,United States,14.88
12,Netherlands,Germany,23.51
13,Netherlands,United Kingdom,8.71
14,Netherlands,China,8.71
15,Netherlands,France,7.91
16,Netherlands,United States,4.3
17,Netherlands,Belgium,10.19
18,Colombia,Germany,4.2
19,Colombia,Panama,6.71
20,Colombia,China,6.34
21,Colombia,Mexico,7.13
22,Colombia,Brazil,3.86
23,Colombia,Spain,4.43
24,Colombia,Netherlands,4.17
25,Colombia,United States,28.17
26,Panama,Mexico,4.23
27,Panama,Costa Rica,5.75
28,Panama,Singapore,8.79
29,Panama,China,20.88
30,Panama,Colombia,12.37
31,Panama,Free Zones,11.2
32,Panama,United States,21.68
33,Panama,Venezuela,6.2
34,United States,Germany,5.5
35,United States,Japan,5.84
36,United States,Canada,13.05
37,United States,China,7.73
38,United States,Mexico,15.7
39,United States,United Kingdom,3.74
40,Afghanistan,India,33.05
41,Afghanistan,Turkmenistan,8.19
42,Afghanistan,Kazakhstan,5.53
43,Afghanistan,China,13.52
44,Afghanistan,United Arab Emirates,4.28
45,Afghanistan,Pakistan,39.65
46,Afghanistan,Russian Federation,3.24
47,Afghanistan,"Iran, Islamic Rep.",5.1
48,India,United Arab Emirates,11.34
49,India,"Hong Kong, China",4.59
50,India,China,3.62
51,India,Switzerland,5.4
52,India,United Kingdom,3.36
53,India,Saudi Arabia,5.46
54,India,United States,15.25
55,Kazakhstan,Germany,6.5
56,Kazakhstan,China,11.93
57,Kazakhstan,Russian Federation,9.9
58,Kazakhstan,France,5.83
59,Kazakhstan,Italy,17.71
60,Kazakhstan,Netherlands,10.84
61,Kazakhstan,United States,4.86
62,China,Japan,8.51
63,China,"Hong Kong, China",14.54
64,China,Germany,3.04
65,China,"Korea, Rep.",10.39
66,China,China,8.54
67,China,"Other Asia, nes",8.53
68,China,United States,18.03
69,United Arab Emirates,Germany,4.16
70,United Arab Emirates,India,3.52
71,United Arab Emirates,Iraq,2.25
72,United Arab Emirates,Saudi Arabia,2.19
73,United Arab Emirates,China,7.96
74,United Arab Emirates,"Iran, Islamic Rep.",3.6
75,United Arab Emirates,United States,6.74
76,Pakistan,United Arab Emirates,13.04
77,Pakistan,China,8.76
78,Pakistan,Germany,5.19
79,Pakistan,Afghanistan,7.8
80,Pakistan,United Kingdom,7.12
81,Pakistan,Saudi Arabia,6.84
82,Pakistan,United States,16.58
83,Pakistan,Indonesia,4.64
84,Russian Federation,Germany,4.63
85,Russian Federation,China,8.24
86,Russian Federation,Italy,4.71
87,Russian Federation,Netherlands,11.69
88,Russian Federation,United States,6.29
89,Russian Federation,Belarus,4.37
90,"Iran, Islamic Rep.",United Arab Emirates,8.15
91,"Iran, Islamic Rep.","Other Asia, nes",42.87
92,"Iran, Islamic Rep.",China,12.04
93,"Iran, Islamic Rep.","Korea, Rep.",9.19
94,"Iran, Islamic Rep.",Iraq,10.35
95,"Iran, Islamic Rep.",India,5.73
96,"Iran, Islamic Rep.",Afghanistan,4.27
97,"Iran, Islamic Rep.",Turkey,7.42
98,Angola,South Africa,4.68
99,Angola,"Other Asia, nes",4.16
100,Angola,China,42.21
101,Angola,India,7.89
102,Angola,Singapore,9.71
103,Angola,France,4.72
104,Angola,Spain,6.62
105,Angola,Portugal,12.92
106,Angola,United States,7.98
107,South Africa,Germany,6.25
108,South Africa,Japan,3.67
109,South Africa,China,9.24
110,South Africa,India,4.94
111,South Africa,Namibia,5.17
112,South Africa,United States,7.69
113,"Other Asia, nes",Germany,3.76
114,"Other Asia, nes",Japan,16.91
115,"Other Asia, nes","Hong Kong, China",13.58
116,"Other Asia, nes",China,25.4
117,"Other Asia, nes","Korea, Rep.",5.69
118,"Other Asia, nes",United States,12.23
119,"Other Asia, nes",Singapore,6.15
120,Singapore,Japan,6.23
121,Singapore,"Hong Kong, China",11.49
122,Singapore,China,14.37
123,Singapore,Indonesia,8.27
124,Singapore,Malaysia,10.8
125,Singapore,"Other Asia, nes",8.05
126,Singapore,United States,6.49
127,France,Germany,16.02
128,France,China,9.21
129,France,United Kingdom,7.09
130,France,Italy,7.15
131,France,Spain,7.29
132,France,United States,7.33
133,France,Belgium,7.24
134,Spain,Germany,10.85
135,Spain,France,10.94
136,Spain,China,8.61
137,Spain,United Kingdom,7.29
138,Spain,Italy,7.44
139,Spain,Portugal,7.15
140,Spain,United States,4.67
141,Portugal,Germany,11.85
142,Portugal,France,7.4
143,Portugal,Netherlands,5.11
144,Portugal,United Kingdom,6.76
145,Portugal,Spain,33.03
146,Portugal,Italy,5.41
147,Portugal,United States,5.17
148,Albania,Germany,6.67
149,Albania,Greece,3.91
150,Albania,Malta,4.61
151,Albania,China,8.55
152,Albania,"Serbia, FR(Serbia/Montenegro)",9.92
153,Albania,Italy,50.87
154,Albania,Turkey,8.03
155,Albania,Spain,5.18
156,Germany,China,5.98
157,Germany,France,7.01
158,Germany,Netherlands,6.14
159,Germany,United Kingdom,7.4
160,Germany,Italy,5.12
161,Germany,United States,9.53
162,Greece,Germany,7.28
163,Greece,Bulgaria,5.01
164,Greece,China,5.99
165,Greece,Russian Federation,8.0
166,Greece,Iraq,7.04
167,Greece,Italy,11.37
168,Greece,Cyprus,5.55
169,Greece,Turkey,6.71
170,Malta,Germany,9.47
171,Malta,United Kingdom,6.85
172,Malta,"Hong Kong, China",4.86
173,Malta,"Egypt, Arab Rep.",13.22
174,Malta,Netherlands,7.18
175,Malta,France,6.79
176,Malta,Turkey,5.33
177,Malta,Bunkers,15.2
178,Malta,Italy,21.26
179,"Serbia, FR(Serbia/Montenegro)",Germany,12.5
180,"Serbia, FR(Serbia/Montenegro)",Romania,5.57
181,"Serbia, FR(Serbia/Montenegro)",Bosnia and Herzegovina,8.76
182,"Serbia, FR(Serbia/Montenegro)",China,8.46
183,"Serbia, FR(Serbia/Montenegro)",Russian Federation,5.42
184,"Serbia, FR(Serbia/Montenegro)",Italy,16.17
185,"Serbia, FR(Serbia/Montenegro)",Hungary,4.76
186,Italy,Germany,12.31
187,Italy,France,8.68
188,Italy,China,7.62
189,Italy,Netherlands,5.55
190,Italy,United Kingdom,5.42
191,Italy,Spain,5.02
192,Italy,United States,8.73
193,Turkey,Germany,9.6
194,Turkey,Iraq,6.6
195,Turkey,China,11.84
196,Turkey,United Kingdom,7.17
197,Turkey,Russian Federation,9.71
198,Turkey,Italy,4.74
199,Turkey,United States,4.65
200,Andorra,Germany,3.19
201,Andorra,Norway,3.66
202,Andorra,"Hong Kong, China",2.91
203,Andorra,France,15.89
204,Andorra,China,3.82
205,Andorra,Italy,2.89
206,Andorra,Spain,63.95
207,Norway,Germany,17.78
208,Norway,United Kingdom,20.11
209,Norway,Sweden,5.9
210,Norway,China,10.54
211,Norway,France,6.56
212,Norway,Netherlands,10.99
213,Norway,United States,6.45
214,"Hong Kong, China",Vietnam,1.94
215,"Hong Kong, China",Japan,6.3
216,"Hong Kong, China",China,56.31
217,"Hong Kong, China",India,2.6
218,"Hong Kong, China",Singapore,6.18
219,"Hong Kong, China","Other Asia, nes",6.49
220,"Hong Kong, China",United States,8.69
221,Saudi Arabia,Germany,7.04
222,Saudi Arabia,Japan,5.69
223,Saudi Arabia,"Other Asia, nes",47.67
224,Saudi Arabia,China,2.81
225,Saudi Arabia,India,1.58
226,Saudi Arabia,"Korea, Rep.",5.69
227,Saudi Arabia,United Arab Emirates,3.47
228,Saudi Arabia,United States,13.71
229,Argentina,Germany,5.2
230,Argentina,Chile,4.23
231,Argentina,China,9.11
232,Argentina,India,3.53
233,Argentina,Mexico,3.04
234,Argentina,Brazil,17.78
235,Argentina,United States,6.05
236,Chile,Germany,3.81
237,Chile,China,26.11
238,Chile,Brazil,4.91
239,Chile,"Korea, Rep.",6.43
240,Chile,Japan,8.5
241,Chile,Argentina,4.05
242,Chile,United States,13.17
243,Mexico,Germany,3.54
244,Mexico,Japan,4.39
245,Mexico,China,1.28
246,Mexico,"Korea, Rep.",3.7
247,Mexico,Colombia,0.96
248,Mexico,Brazil,0.99
249,Mexico,United States,81.24
250,Mexico,Canada,2.76
251,Brazil,Germany,2.77
252,Brazil,China,18.82
253,Brazil,"Korea, Rep.",3.13
254,Brazil,Argentina,6.85
255,Brazil,Netherlands,4.19
256,Brazil,United States,12.94
257,Armenia,Germany,9.78
258,Armenia,China,11.14
259,Armenia,Iraq,8.81
260,Armenia,Russian Federation,15.23
261,Armenia,Georgia,7.69
262,Armenia,Italy,4.54
263,Armenia,"Iran, Islamic Rep.",6.09
264,Georgia,Bulgaria,9.72
265,Georgia,China,8.04
266,Georgia,Armenia,8.17
267,Georgia,Azerbaijan,10.93
268,Georgia,Russian Federation,7.39
269,Georgia,Turkey,8.47
270,Georgia,Ukraine,6.24
271,Antigua and Barbuda,United Kingdom,26.1
272,Antigua and Barbuda,Trinidad and Tobago,3.64
273,Antigua and Barbuda,China,4.41
274,Antigua and Barbuda,Grenada,4.32
275,Antigua and Barbuda,Spain,6.48
276,Antigua and Barbuda,United States,30.06
277,Antigua and Barbuda,Special Categories,15.87
278,Trinidad and Tobago,Gabon,12.16
279,Trinidad and Tobago,Chile,3.56
280,Trinidad and Tobago,Peru,3.87
281,Trinidad and Tobago,China,7.14
282,Trinidad and Tobago,Colombia,4.04
283,Trinidad and Tobago,Argentina,6.71
284,Trinidad and Tobago,Russian Federation,4.91
285,Trinidad and Tobago,United States,41.74
286,Grenada,United Kingdom,3.88
287,Grenada,Trinidad and Tobago,7.79
288,Grenada,China,2.98
289,Grenada,France,4.22
290,Grenada,Curaçao,4.99
291,Grenada,Netherlands,8.49
292,Grenada,United States,16.88
293,Australia,Japan,7.39
294,Australia,Thailand,5.1
295,Australia,China,32.49
296,Australia,India,4.23
297,Australia,"Korea, Rep.",5.44
298,Australia,United States,5.31
299,Japan,United Arab Emirates,3.76
300,Japan,"Other Asia, nes",5.92
301,Japan,"Hong Kong, China",5.6
302,Japan,China,17.49
303,Japan,"Korea, Rep.",4.29
304,Japan,Australia,5.56
305,Japan,United States,20.23
306,Thailand,Japan,15.41
307,Thailand,United Arab Emirates,4.03
308,Thailand,"Hong Kong, China",5.52
309,Thailand,China,11.07
310,Thailand,Malaysia,4.75
311,Thailand,United States,11.24
312,"Korea, Rep.",Germany,4.8
313,"Korea, Rep.",Vietnam,5.27
314,"Korea, Rep.",Japan,10.51
315,"Korea, Rep.","Hong Kong, China",5.77
316,"Korea, Rep.",China,26.03
317,"Korea, Rep.",Saudi Arabia,4.48
318,"Korea, Rep.",United States,13.31
319,Austria,Germany,29.5
320,Austria,Switzerland,5.76
321,Austria,China,5.92
322,Austria,France,4.37
323,Austria,Italy,6.11
324,Austria,Czech Republic,4.18
325,Austria,United States,6.64
326,Switzerland,Germany,14.2
327,Switzerland,United Kingdom,12.82
328,Switzerland,"Hong Kong, China",8.68
329,Switzerland,China,6.95
330,Switzerland,India,7.39
331,Switzerland,France,6.6
332,Switzerland,Italy,7.74
333,Switzerland,United States,10.55
334,Czech Republic,Germany,32.17
335,Czech Republic,Poland,5.87
336,Czech Republic,Slovak Republic,9.0
337,Czech Republic,China,13.5
338,Czech Republic,United Kingdom,5.33
339,Czech Republic,France,5.12
340,Czech Republic,Italy,4.07
341,Azerbaijan,Germany,9.68
342,Azerbaijan,Russian Federation,15.58
343,Azerbaijan,France,6.83
344,Azerbaijan,Italy,17.83
345,Azerbaijan,Turkey,11.68
346,Azerbaijan,Israel,6.34
347,Azerbaijan,United States,9.18
348,Israel,Germany,6.13
349,Israel,"Hong Kong, China",8.29
350,Israel,China,5.08
351,Israel,Switzerland,7.13
352,Israel,United Kingdom,6.23
353,Israel,United States,28.29
354,Burundi,Kenya,11.8
355,Burundi,Tanzania,7.85
356,Burundi,Switzerland,19.79
357,Burundi,India,11.98
358,Burundi,China,12.58
359,Burundi,United Arab Emirates,12.74
360,Burundi,Saudi Arabia,6.34
361,Burundi,"Congo, Dem. Rep.",24.85
362,Burundi,Singapore,4.66
363,Kenya,Japan,5.59
364,Kenya,United Arab Emirates,5.74
365,Kenya,Uganda,11.8
366,Kenya,India,16.01
367,Kenya,China,20.34
368,Kenya,Pakistan,6.07
369,Kenya,United Kingdom,7.0
370,Kenya,Netherlands,7.24
371,Kenya,United States,7.01
372,Tanzania,South Africa,3.48
373,Tanzania,United Arab Emirates,5.7
374,Tanzania,China,9.61
375,Tanzania,India,19.63
376,Tanzania,Oman,4.27
377,Tanzania,Saudi Arabia,40.64
378,Tanzania,Kenya,13.56
379,Belgium,Germany,15.17
380,Belgium,United Kingdom,7.91
381,Belgium,France,11.21
382,Belgium,Netherlands,12.09
383,Belgium,United States,5.8
384,Benin,Vietnam,7.46
385,Benin,Thailand,7.57
386,Benin,India,13.11
387,Benin,France,11.61
388,Benin,Togo,8.65
389,Benin,China,10.86
390,Benin,Malaysia,8.79
391,Benin,Niger,9.54
392,Benin,Singapore,7.85
393,Vietnam,Japan,8.55
394,Vietnam,Thailand,4.99
395,Vietnam,"Hong Kong, China",4.3
396,Vietnam,China,10.23
397,Vietnam,"Korea, Rep.",16.64
398,Vietnam,"Other Asia, nes",6.6
399,Vietnam,United States,20.66
400,Togo,Japan,3.89
401,Togo,South Africa,4.52
402,Togo,India,8.3
403,Togo,France,8.66
404,Togo,Burkina Faso,13.73
405,Togo,China,19.74
406,Togo,Ghana,6.89
407,Togo,Benin,12.61
408,Togo,Niger,8.29
409,Malaysia,Japan,7.82
410,Malaysia,Thailand,5.7
411,Malaysia,China,13.02
412,Malaysia,Singapore,11.97
413,Malaysia,United States,9.45
414,Niger,Nigeria,3.72
415,Niger,Switzerland,5.3
416,Niger,France,31.67
417,Niger,India,3.8
418,Niger,Burkina Faso,5.52
419,Niger,China,23.0
420,Niger,United States,18.01
421,Burkina Faso,Cote d'Ivoire,8.35
422,Burkina Faso,India,10.1
423,Burkina Faso,Switzerland,49.68
424,Burkina Faso,France,8.86
425,Burkina Faso,China,12.06
426,Burkina Faso,Netherlands,7.83
427,Burkina Faso,South Africa,3.83
428,Burkina Faso,United States,6.65
429,Burkina Faso,Singapore,9.84
430,Cote d'Ivoire,Liberia,4.22
431,Cote d'Ivoire,Germany,5.74
432,Cote d'Ivoire,"Korea, Rep.",7.63
433,Cote d'Ivoire,France,12.47
434,Cote d'Ivoire,China,11.63
435,Cote d'Ivoire,Netherlands,11.36
436,Cote d'Ivoire,United States,7.66
437,Cote d'Ivoire,Belgium,6.18
438,Cote d'Ivoire,Nigeria,13.86
439,Bangladesh,Germany,14.73
440,Bangladesh,India,12.24
441,Bangladesh,Singapore,9.19
442,Bangladesh,China,21.53
443,Bangladesh,United Kingdom,11.03
444,Bangladesh,France,5.53
445,Bangladesh,Spain,5.82
446,Bangladesh,"Hong Kong, China",5.46
447,Bangladesh,United States,19.35
448,Bangladesh,Indonesia,4.59
449,Indonesia,Japan,9.29
450,Indonesia,China,10.01
451,Indonesia,India,7.8
452,Indonesia,"Korea, Rep.",5.91
453,Indonesia,Singapore,12.63
454,Indonesia,Malaysia,5.98
455,Indonesia,United States,10.82
456,Bulgaria,Germany,12.45
457,Bulgaria,Romania,6.77
458,Bulgaria,Greece,6.5
459,Bulgaria,Russian Federation,11.96
460,Bulgaria,Italy,9.19
461,Bulgaria,Turkey,8.64
462,Romania,Germany,19.75
463,Romania,Poland,4.84
464,Romania,France,5.59
465,Romania,United Kingdom,4.36
466,Romania,Italy,12.43
467,Romania,Hungary,7.95
468,Bahrain,Japan,6.85
469,Bahrain,United Arab Emirates,6.89
470,Bahrain,Saudi Arabia,66.92
471,Bahrain,China,9.63
472,Bahrain,"Egypt, Arab Rep.",2.24
473,Bahrain,Kuwait,2.9
474,Bahrain,United States,4.84
475,"Egypt, Arab Rep.",Germany,7.77
476,"Egypt, Arab Rep.",Saudi Arabia,9.22
477,"Egypt, Arab Rep.",China,13.14
478,"Egypt, Arab Rep.",United Arab Emirates,5.06
479,"Egypt, Arab Rep.",Russian Federation,4.53
480,"Egypt, Arab Rep.",Italy,7.35
481,"Egypt, Arab Rep.",Turkey,5.79
482,"Egypt, Arab Rep.",United States,5.61
483,Kuwait,Germany,5.7
484,Kuwait,Japan,6.93
485,Kuwait,United Arab Emirates,1.22
486,Kuwait,China,1.49
487,Kuwait,India,1.4
488,Kuwait,Saudi Arabia,1.49
489,Kuwait,United States,9.23
490,"Bahamas, The",Japan,1.13
491,"Bahamas, The",Finland,3.18
492,"Bahamas, The",France,1.01
493,"Bahamas, The",Dominica,1.49
494,"Bahamas, The",United Kingdom,1.38
495,"Bahamas, The",United States,83.06
496,"Bahamas, The",Canada,1.23
497,Finland,Germany,13.57
498,Finland,Sweden,10.14
499,Finland,China,7.26
500,Finland,Netherlands,6.41
501,Finland,Russian Federation,5.77
502,Finland,United States,6.71
503,Canada,Germany,3.24
504,Canada,Japan,2.76
505,Canada,China,3.86
506,Canada,Mexico,1.26
507,Canada,United Kingdom,3.05
508,Canada,United States,76.72
509,Bosnia and Herzegovina,Germany,15.7
510,Bosnia and Herzegovina,Croatia,10.55
511,Bosnia and Herzegovina,Slovenia,8.33
512,Bosnia and Herzegovina,China,6.89
513,Bosnia and Herzegovina,"Serbia, FR(Serbia/Montenegro)",8.53
514,Bosnia and Herzegovina,Italy,13.52
515,Croatia,Germany,11.31
516,Croatia,Bosnia and Herzegovina,9.72
517,Croatia,Slovenia,10.66
518,Croatia,Italy,13.37
519,Croatia,Hungary,7.76
520,Croatia,Austria,9.14
521,Slovenia,Germany,20.64
522,Slovenia,Croatia,4.77
523,Slovenia,China,6.45
524,Slovenia,France,4.94
525,Slovenia,Italy,11.23
526,Slovenia,Austria,8.6
527,Belarus,Germany,4.03
528,Belarus,Poland,3.58
529,Belarus,China,7.66
530,Belarus,United Kingdom,10.99
531,Belarus,Russian Federation,38.64
532,Belarus,Netherlands,4.31
533,Belarus,Ukraine,3.13
534,Poland,Germany,26.88
535,Poland,Czech Republic,6.52
536,Poland,China,11.8
537,Poland,Netherlands,3.78
538,Poland,United Kingdom,6.81
539,Poland,Russian Federation,7.57
540,Poland,France,5.57
541,Poland,Italy,4.8
542,Ukraine,Germany,10.6
543,Ukraine,Poland,6.19
544,Ukraine,China,6.29
545,Ukraine,"Egypt, Arab Rep.",5.45
546,Ukraine,Russian Federation,12.66
547,Ukraine,Italy,5.19
548,Ukraine,Turkey,7.27
549,Ukraine,Belarus,6.53
550,Belize,Mexico,3.89
551,Belize,China,10.13
552,Belize,United Kingdom,26.09
553,Belize,Curaçao,8.96
554,Belize,Guatemala,7.27
555,Belize,Ireland,4.57
556,Belize,United States,38.92
557,Belize,Trinidad and Tobago,4.29
558,Guatemala,Mexico,4.03
559,Guatemala,El Salvador,5.12
560,Guatemala,China,10.59
561,Guatemala,Nicaragua,5.2
562,Guatemala,Panama,3.44
563,Guatemala,Honduras,8.46
564,Guatemala,United States,34.98
565,Ireland,Germany,6.65
566,Ireland,United Kingdom,13.84
567,Ireland,Switzerland,5.42
568,Ireland,France,12.38
569,Ireland,China,6.13
570,Ireland,United States,23.9
571,Ireland,Belgium,12.94
572,Bermuda,Denmark,0.83
573,Bermuda,United Kingdom,12.06
574,Bermuda,Canada,14.74
575,Bermuda,Switzerland,3.07
576,Bermuda,China,2.66
577,Bermuda,"Bahamas, The",1.49
578,Bermuda,United States,80.79
579,Denmark,Germany,16.48
580,Denmark,Sweden,11.03
581,Denmark,Norway,6.34
582,Denmark,China,7.47
583,Denmark,Netherlands,8.02
584,Denmark,United Kingdom,5.79
585,Denmark,Special Categories,11.09
586,Bolivia,China,5.25
587,Bolivia,Brazil,27.47
588,Bolivia,Argentina,16.78
589,Bolivia,Colombia,6.14
590,Bolivia,Peru,6.16
591,Bolivia,United States,12.36
592,Peru,China,21.95
593,Peru,Switzerland,7.95
594,Peru,Mexico,4.54
595,Peru,Brazil,5.08
596,Peru,Japan,3.32
597,Peru,Colombia,3.4
598,Peru,United States,15.09
599,Peru,Canada,7.15
600,Barbados,Guyana,5.32
601,Barbados,United Kingdom,4.22
602,Barbados,Trinidad and Tobago,8.25
603,Barbados,St. Lucia,2.52
604,Barbados,Jamaica,4.61
605,Barbados,China,5.65
606,Barbados,United States,32.62
607,Guyana,Trinidad and Tobago,23.25
608,Guyana,Suriname,5.2
609,Guyana,Jamaica,3.72
610,Guyana,China,7.65
611,Guyana,Venezuela,4.34
612,Guyana,United Kingdom,6.16
613,Guyana,United States,25.56
614,Guyana,Canada,25.71
615,St. Lucia,United Kingdom,15.77
616,St. Lucia,Trinidad and Tobago,7.57
617,St. Lucia,Barbados,3.11
618,St. Lucia,United States,47.54
619,Jamaica,Japan,3.55
620,Jamaica,Iceland,7.84
621,Jamaica,Trinidad and Tobago,9.5
622,Jamaica,China,8.19
623,Jamaica,Venezuela,7.08
624,Jamaica,Russian Federation,6.95
625,Jamaica,Netherlands,8.74
626,Jamaica,United States,36.99
627,Jamaica,Canada,14.45
628,Brunei,"Other Asia, nes",6.87
629,Brunei,Thailand,8.64
630,Brunei,India,9.06
631,Brunei,"Korea, Rep.",9.06
632,Brunei,Singapore,14.0
633,Brunei,China,10.43
634,Brunei,Malaysia,21.13
635,Brunei,Japan,36.35
636,Brunei,United States,10.27
637,Botswana,South Africa,65.34
638,Botswana,Canada,6.33
639,Botswana,India,12.42
640,Botswana,China,1.33
641,Botswana,Namibia,14.55
642,Botswana,Belgium,2.62
643,Namibia,Botswana,22.31
644,Namibia,South Africa,63.66
645,Namibia,Switzerland,15.29
646,Namibia,Angola,4.47
647,Namibia,China,6.41
648,Namibia,"Bahamas, The",2.17
649,Namibia,Spain,4.48
650,Central African Republic,Zambia,9.57
651,Central African Republic,China,6.85
652,Central African Republic,Chad,11.47
653,Central African Republic,Cameroon,8.84
654,Central African Republic,Germany,3.64
655,Central African Republic,France,21.07
656,Central African Republic,"Egypt, Arab Rep.",8.41
657,Central African Republic,United States,12.24
658,Zambia,"Congo, Dem. Rep.",7.88
659,Zambia,South Africa,32.68
660,Zambia,Mauritius,7.25
661,Zambia,China,14.5
662,Zambia,Switzerland,42.81
663,Zambia,Kuwait,5.35
664,Zambia,Singapore,7.98
665,Cameroon,Thailand,4.05
666,Cameroon,China,12.49
667,Cameroon,India,15.61
668,Cameroon,France,10.27
669,Cameroon,Togo,3.89
670,Cameroon,Portugal,7.06
671,Cameroon,Spain,5.24
672,Cameroon,Netherlands,16.28
673,Cameroon,Nigeria,12.12
674,Nigeria,India,17.34
675,Nigeria,China,23.28
676,Nigeria,Netherlands,11.84
677,Nigeria,South Africa,5.46
678,Nigeria,Brazil,6.59
679,Nigeria,Spain,9.47
680,Nigeria,United States,8.74
681,Nigeria,Belgium,7.47
682,"Congo, Rep.",China,15.97
683,"Congo, Rep.",Angola,10.35
684,"Congo, Rep.","Korea, Rep.",6.43
685,"Congo, Rep.",France,6.26
686,"Congo, Rep.",Singapore,13.39
687,"Congo, Rep.",Togo,10.95
688,"Congo, Rep.",Heard Island and McDonald Isla,8.5
689,"Congo, Rep.",Spain,10.59
690,"Congo, Rep.",United States,7.4
691,Comoros,United Arab Emirates,22.86
692,Comoros,India,15.42
693,Comoros,Germany,11.97
694,Comoros,France,20.14
695,Comoros,China,6.86
696,Comoros,Netherlands,8.34
697,Comoros,Mauritius,17.19
698,Comoros,Pakistan,19.12
699,Mauritius,South Africa,6.46
700,Mauritius,France,7.15
701,Mauritius,India,18.13
702,Mauritius,China,18.23
703,Mauritius,United Arab Emirates,12.36
704,Mauritius,United Kingdom,13.1
705,Mauritius,United States,10.63
706,Mauritius,Vietnam,4.62
707,Cape Verde,Morocco,2.77
708,Cape Verde,Brazil,3.8
709,Cape Verde,China,5.55
710,Cape Verde,Netherlands,11.6
711,Cape Verde,Portugal,43.52
712,Cape Verde,Spain,7.29
713,Cape Verde,El Salvador,2.54
714,Cape Verde,Turkey,3.64
715,Morocco,Germany,5.8
716,Morocco,India,3.92
717,Morocco,France,12.4
718,Morocco,China,8.24
719,Morocco,Italy,4.37
720,Morocco,Spain,14.41
721,Morocco,United States,3.53
722,El Salvador,Guatemala,13.61
723,El Salvador,Honduras,5.21
724,El Salvador,Mexico,7.31
725,El Salvador,Costa Rica,4.52
726,El Salvador,China,13.57
727,El Salvador,Nicaragua,6.69
728,El Salvador,United States,46.85
729,Costa Rica,Japan,2.7
730,Costa Rica,Panama,5.83
731,Costa Rica,Guatemala,5.47
732,Costa Rica,Mexico,7.44
733,Costa Rica,China,12.56
734,Costa Rica,Nicaragua,5.46
735,Costa Rica,Netherlands,4.59
736,Costa Rica,United States,40.76
737,Nicaragua,Mexico,11.12
738,Nicaragua,China,14.41
739,Nicaragua,Guatemala,6.95
740,Nicaragua,Honduras,3.73
741,Nicaragua,El Salvador,5.56
742,Nicaragua,United States,53.71
743,Nicaragua,Venezuela,6.22
744,Nicaragua,Costa Rica,8.17
745,Cayman Islands,Jamaica,1.23
746,Cayman Islands,South Africa,1.3
747,Cayman Islands,Denmark,1.96
748,Cayman Islands,"Bahamas, The",2.93
749,Cayman Islands,United States,85.37
750,Cyprus,Germany,6.81
751,Cyprus,United Kingdom,8.4
752,Cyprus,Marshall Islands,6.59
753,Cyprus,Cayman Islands,5.49
754,Cyprus,Greece,6.61
755,Cyprus,China,5.35
756,Cyprus,Bunkers,6.98
757,Cyprus,Italy,6.64
758,Cyprus,Ireland,5.43
759,Slovak Republic,Germany,22.35
760,Slovak Republic,Czech Republic,11.06
761,Slovak Republic,"Korea, Rep.",6.55
762,Slovak Republic,China,8.85
763,Slovak Republic,Poland,8.29
764,Slovak Republic,Austria,6.02
765,Slovak Republic,Hungary,6.11
766,Sweden,Denmark,6.79
767,Sweden,Germany,9.98
768,Sweden,Norway,10.08
769,Sweden,China,5.95
770,Sweden,Netherlands,8.04
771,Sweden,United Kingdom,7.04
772,Sweden,United States,7.26
773,Dominican Republic,India,6.03
774,Dominican Republic,Mexico,4.52
775,Dominican Republic,Brazil,3.24
776,Dominican Republic,China,13.7
777,Dominican Republic,Haiti,14.43
778,Dominican Republic,United States,49.52
779,Dominican Republic,Spain,3.09
780,Dominican Republic,Canada,7.46
781,Algeria,Germany,6.62
782,Algeria,France,10.5
783,Algeria,China,15.94
784,Algeria,United Kingdom,6.98
785,Algeria,Italy,15.13
786,Algeria,Spain,7.63
787,Algeria,United States,6.35
788,Ecuador,Vietnam,4.28
789,Ecuador,Chile,6.21
790,Ecuador,"Korea, Rep.",3.89
791,Ecuador,Brazil,3.41
792,Ecuador,Peru,5.1
793,Ecuador,China,19.05
794,Ecuador,Colombia,4.28
795,Ecuador,United States,39.42
796,Estonia,Germany,9.69
797,Estonia,Sweden,17.33
798,Estonia,Finland,14.47
799,Estonia,Lithuania,5.4
800,Estonia,China,8.03
801,Estonia,Latvia,9.55
802,Estonia,Russian Federation,9.68
803,Lithuania,Germany,7.85
804,Lithuania,Poland,9.72
805,Lithuania,Estonia,5.26
806,Lithuania,Netherlands,5.14
807,Lithuania,Latvia,8.26
808,Lithuania,Russian Federation,13.69
809,Latvia,Germany,6.27
810,Latvia,Poland,5.86
811,Latvia,Estonia,11.47
812,Latvia,Lithuania,20.31
813,Latvia,Russian Federation,7.97
814,Ethiopia(excludes Eritrea),Japan,4.44
815,Ethiopia(excludes Eritrea),China,15.18
816,Ethiopia(excludes Eritrea),Switzerland,7.13
817,Ethiopia(excludes Eritrea),Germany,7.91
818,Ethiopia(excludes Eritrea),India,6.82
819,Ethiopia(excludes Eritrea),Saudi Arabia,8.23
820,Ethiopia(excludes Eritrea),Kuwait,7.51
821,Ethiopia(excludes Eritrea),United States,9.77
822,European Union,China,9.46
823,European Union,Switzerland,8.42
824,European Union,Russian Federation,4.1
825,European Union,Turkey,4.38
826,European Union,United States,20.58
827,Fiji,"Korea, Rep.",6.08
828,Fiji,Singapore,17.93
829,Fiji,China,14.63
830,Fiji,Australia,16.11
831,Fiji,Japan,6.59
832,Fiji,Bunkers,5.74
833,Fiji,New Zealand,15.11
834,Fiji,United States,16.56
835,New Zealand,Germany,4.68
836,New Zealand,Japan,6.54
837,New Zealand,China,17.58
838,New Zealand,Australia,11.85
839,New Zealand,United Kingdom,3.41
840,New Zealand,United States,11.76
841,Ghana,United Kingdom,5.42
842,Ghana,China,8.09
843,Ghana,India,17.1
844,Ghana,Switzerland,9.86
845,Ghana,New Zealand,5.81
846,Ghana,Netherlands,8.01
847,Ghana,United States,8.15
848,Ghana,Belgium,5.11
849,Guinea,India,16.37
850,Guinea,Germany,7.29
851,Guinea,France,6.68
852,Guinea,China,14.93
853,Guinea,United Arab Emirates,9.92
854,Guinea,Netherlands,13.43
855,Guinea,Ghana,22.02
856,Guinea,Spain,8.63
857,Guinea,Belgium,8.11
858,"Gambia, The",Vietnam,4.43
859,"Gambia, The",United Kingdom,4.77
860,"Gambia, The",Cote d'Ivoire,17.84
861,"Gambia, The",Brazil,9.52
862,"Gambia, The",China,6.91
863,"Gambia, The",France,4.62
864,"Gambia, The",Mali,46.17
865,"Gambia, The",Senegal,15.32
866,"Gambia, The",Guinea,22.41
867,Senegal,Cote d'Ivoire,4.68
868,Senegal,India,5.36
869,Senegal,Switzerland,8.62
870,Senegal,France,16.39
871,Senegal,China,9.73
872,Senegal,Bunkers,6.6
873,Senegal,Mali,16.97
874,Senegal,Spain,5.17
875,Senegal,Nigeria,8.09
876,Greenland,Denmark,79.13
877,Greenland,Canada,4.7
878,Greenland,Iceland,2.92
879,Greenland,China,2.38
880,Greenland,Portugal,7.02
881,Greenland,Sweden,15.64
882,Iceland,Germany,7.45
883,Iceland,Denmark,7.1
884,Iceland,Norway,10.14
885,Iceland,China,7.84
886,Iceland,United Kingdom,11.61
887,Iceland,France,5.71
888,Iceland,Spain,11.55
889,Iceland,Netherlands,26.05
890,Iceland,United States,7.86
891,Honduras,Guatemala,5.42
892,Honduras,Germany,7.99
893,Honduras,Mexico,7.34
894,Honduras,El Salvador,4.38
895,Honduras,China,15.38
896,Honduras,Nicaragua,4.72
897,Honduras,United States,44.16
898,Suriname,Trinidad and Tobago,6.37
899,Suriname,China,5.45
900,Suriname,United Arab Emirates,22.92
901,Suriname,Netherlands,1.33
902,Suriname,United States,1.36
903,Suriname,Belgium,8.28
904,Hungary,Germany,27.26
905,Hungary,Romania,5.34
906,Hungary,Poland,5.52
907,Hungary,Slovak Republic,4.98
908,Hungary,China,5.26
909,Hungary,Italy,4.65
910,Hungary,Austria,6.61
911,Jordan,Germany,4.61
912,Jordan,United Arab Emirates,4.12
913,Jordan,India,7.54
914,Jordan,Iraq,9.57
915,Jordan,Saudi Arabia,14.84
916,Jordan,China,12.9
917,Jordan,United States,18.46
918,Jordan,Free Zones,10.76
919,Uganda,Kenya,18.84
920,Uganda,Japan,6.27
921,Uganda,Rwanda,10.48
922,Uganda,United Arab Emirates,7.34
923,Uganda,India,20.87
924,Uganda,China,15.83
925,Uganda,South Sudan,11.69
926,Uganda,"Congo, Dem. Rep.",6.73
927,Kyrgyz Republic,Kazakhstan,15.8
928,Kyrgyz Republic,Switzerland,39.0
929,Kyrgyz Republic,Uzbekistan,6.59
930,Kyrgyz Republic,China,25.3
931,Kyrgyz Republic,United Arab Emirates,6.87
932,Kyrgyz Republic,Russian Federation,10.91
933,Kyrgyz Republic,Turkey,4.04
934,Kyrgyz Republic,United States,3.0
935,Cambodia,Thailand,14.64
936,Cambodia,Germany,8.76
937,Cambodia,China,36.8
938,Cambodia,Japan,6.69
939,Cambodia,United Kingdom,10.17
940,Cambodia,"Other Asia, nes",5.9
941,Cambodia,"Hong Kong, China",6.7
942,Cambodia,United States,25.01
943,Cambodia,Canada,6.45
944,Cambodia,Vietnam,8.69
945,Kiribati,China,8.17
946,Kiribati,Fiji,21.12
947,Kiribati,Singapore,7.72
948,Kiribati,Japan,14.68
949,Kiribati,Australia,20.03
950,Kiribati,New Zealand,11.09
951,Kiribati,United States,17.11
952,Kiribati,Malaysia,23.1
953,St. Kitts and Nevis,United Kingdom,5.24
954,St. Kitts and Nevis,Japan,3.06
955,St. Kitts and Nevis,Canada,2.59
956,St. Kitts and Nevis,Dominica,3.61
957,St. Kitts and Nevis,Trinidad and Tobago,5.85
958,St. Kitts and Nevis,St. Lucia,3.89
959,St. Kitts and Nevis,United States,65.9
960,St. Kitts and Nevis,Antigua and Barbuda,4.98
961,Lebanon,Germany,6.57
962,Lebanon,France,5.86
963,Lebanon,Iraq,7.61
964,Lebanon,Syrian Arab Republic,7.1
965,Lebanon,Saudi Arabia,12.08
966,Lebanon,China,11.16
967,Lebanon,United Arab Emirates,10.59
968,Lebanon,South Africa,6.59
969,Lebanon,Italy,6.9
970,Lebanon,United States,6.93
971,Sri Lanka,Japan,7.32
972,Sri Lanka,United Arab Emirates,5.66
973,Sri Lanka,India,6.8
974,Sri Lanka,Germany,4.58
975,Sri Lanka,Singapore,4.87
976,Sri Lanka,China,19.65
977,Sri Lanka,United Kingdom,9.85
978,Sri Lanka,Italy,4.16
979,Sri Lanka,United States,26.83
980,Lesotho,Japan,1.66
981,Lesotho,South Africa,74.69
982,Lesotho,India,2.15
983,Lesotho,China,5.18
984,Lesotho,"Other Asia, nes",8.25
985,Lesotho,United States,29.04
986,Lesotho,Canada,0.44
987,Lesotho,Belgium,30.46
988,Luxembourg,Germany,27.15
989,Luxembourg,France,11.9
990,Luxembourg,Italy,3.87
991,Luxembourg,Netherlands,5.3
992,Luxembourg,United States,9.15
993,Luxembourg,Belgium,22.67
994,Macao,Japan,0.46
995,Macao,"Hong Kong, China",80.35
996,Macao,China,12.63
997,Macao,"Other Asia, nes",0.46
998,Macao,Malaysia,0.48
999,Macao,United States,0.97
1000,Macao,Special Categories,36.27
1001,Moldova,Germany,8.06
1002,Moldova,Romania,13.92
1003,Moldova,Belarus,6.69
1004,Moldova,China,9.19
1005,Moldova,United Kingdom,7.02
1006,Moldova,Russian Federation,12.24
1007,Moldova,Italy,10.02
1008,Moldova,Ukraine,9.31
1009,Madagascar,United Arab Emirates,6.4
1010,Madagascar,China,6.61
1011,Madagascar,Germany,5.82
1012,Madagascar,France,6.18
1013,Madagascar,Netherlands,6.74
1014,Madagascar,United States,10.84
1015,Madagascar,Bahrain,6.88
1016,Maldives,United Arab Emirates,16.72
1017,Maldives,Thailand,25.43
1018,Maldives,Germany,6.95
1019,Maldives,Sri Lanka,12.0
1020,Maldives,India,11.95
1021,Maldives,Singapore,17.14
1022,Maldives,China,7.77
1023,Maldives,Malaysia,7.48
1024,Maldives,France,10.5
1025,Maldives,United States,10.18
1026,North Macedonia,Germany,44.01
1027,North Macedonia,United Kingdom,9.66
1028,North Macedonia,Greece,3.67
1029,North Macedonia,Bulgaria,6.0
1030,North Macedonia,China,6.13
1031,North Macedonia,"Serbia, FR(Serbia/Montenegro)",8.88
1032,North Macedonia,Italy,4.11
1033,Myanmar,Japan,9.07
1034,Myanmar,Thailand,29.27
1035,Myanmar,China,39.47
1036,Myanmar,India,8.38
1037,Myanmar,Singapore,21.64
1038,Myanmar,Indonesia,3.48
1039,Mongolia,Germany,3.28
1040,Mongolia,Japan,7.23
1041,Mongolia,China,83.47
1042,Mongolia,Switzerland,2.34
1043,Mongolia,"Korea, Rep.",6.81
1044,Mongolia,United Kingdom,7.23
1045,Mongolia,Russian Federation,1.65
1046,Montenegro,Germany,6.32
1047,Montenegro,Bosnia and Herzegovina,9.26
1048,Montenegro,China,10.3
1049,Montenegro,"Serbia, FR(Serbia/Montenegro)",22.14
1050,Montenegro,Italy,12.63
1051,Montenegro,Turkey,6.74
1052,Mozambique,South Africa,30.1
1053,Mozambique,India,10.12
1054,Mozambique,China,12.48
1055,Mozambique,Netherlands,29.48
1056,Mozambique,Italy,3.1
1057,Mozambique,Portugal,5.77
1058,Mozambique,Bahrain,5.2
1059,Mozambique,Singapore,4.5
1060,Mauritania,United Arab Emirates,12.1
1061,Mauritania,China,31.65
1062,Mauritania,Switzerland,16.19
1063,Mauritania,Morocco,13.43
1064,Mauritania,France,5.32
1065,Mauritania,Japan,5.6
1066,Mauritania,Italy,8.22
1067,Mauritania,Spain,9.25
1068,Mauritania,United States,23.49
1069,Mauritania,Belgium,9.12
1070,Montserrat,United Kingdom,10.17
1071,Montserrat,St. Kitts and Nevis,17.32
1072,Montserrat,India,3.32
1073,Montserrat,Trinidad and Tobago,9.19
1074,Montserrat,France,36.62
1075,Montserrat,United States,9.79
1076,Montserrat,Belgium,3.62
1077,Montserrat,Antigua and Barbuda,12.71
1078,Montserrat,British Virgin Islands,8.54
1079,Malawi,Zambia,4.95
1080,Malawi,South Africa,18.11
1081,Malawi,United Arab Emirates,11.04
1082,Malawi,China,5.8
1083,Malawi,India,10.27
1084,Malawi,Zimbabwe,9.34
1085,Malawi,Mozambique,8.59
1086,Malawi,Belgium,10.58
1087,Zimbabwe,Zambia,2.69
1088,Zimbabwe,South Africa,38.38
1089,Zimbabwe,India,3.94
1090,Zimbabwe,Singapore,22.11
1091,Zimbabwe,China,7.66
1092,Zimbabwe,United Arab Emirates,4.34
1093,Zimbabwe,Mozambique,12.01
1094,Zimbabwe,Special Categories,16.96
1095,New Caledonia,"Other Asia, nes",9.73
1096,New Caledonia,China,35.72
1097,New Caledonia,"Korea, Rep.",6.22
1098,New Caledonia,France,25.69
1099,New Caledonia,Singapore,8.22
1100,New Caledonia,Malaysia,6.7
1101,New Caledonia,Japan,15.95
1102,New Caledonia,Belgium,4.19
1103,Nepal,United Arab Emirates,4.03
1104,Nepal,Switzerland,1.69
1105,Nepal,India,63.48
1106,Nepal,Germany,4.05
1107,Nepal,China,13.91
1108,Nepal,United Kingdom,3.13
1109,Nepal,United States,10.66
1110,Nepal,Indonesia,1.79
1111,Nepal,Turkey,1.91
1112,Oman,Japan,7.79
1113,Oman,United Arab Emirates,11.67
1114,Oman,China,3.73
1115,Oman,India,2.4
1116,Oman,Saudi Arabia,5.02
1117,Oman,United States,7.62
1118,Philippines,Japan,9.64
1119,Philippines,"Hong Kong, China",10.57
1120,Philippines,China,10.9
1121,Philippines,Singapore,6.96
1122,Philippines,"Other Asia, nes",7.81
1123,Philippines,United States,15.02
1124,Palau,Japan,11.57
1125,Palau,"Other Asia, nes",2.07
1126,Palau,"Korea, Rep.",6.15
1127,Palau,Singapore,14.82
1128,Palau,Guam,19.89
1129,Palau,United States,33.95
1130,Paraguay,Chile,7.1
1131,Paraguay,Brazil,31.49
1132,Paraguay,China,23.49
1133,Paraguay,Netherlands,4.34
1134,Paraguay,Argentina,6.86
1135,Paraguay,Russian Federation,9.14
1136,Paraguay,Italy,3.7
1137,Paraguay,United States,9.21
1138,Occ.Pal.Terr,Germany,2.84
1139,Occ.Pal.Terr,Jordan,6.28
1140,Occ.Pal.Terr,Israel,83.9
1141,Occ.Pal.Terr,Saudi Arabia,1.54
1142,Occ.Pal.Terr,China,7.04
1143,Occ.Pal.Terr,United Arab Emirates,1.95
1144,Occ.Pal.Terr,Kuwait,1.32
1145,Occ.Pal.Terr,Turkey,7.25
1146,French Polynesia,Denmark,6.34
1147,French Polynesia,"Hong Kong, China",24.46
1148,French Polynesia,France,25.56
1149,French Polynesia,Singapore,8.55
1150,French Polynesia,China,13.23
1151,French Polynesia,Japan,26.1
1152,French Polynesia,New Zealand,7.53
1153,French Polynesia,United States,18.05
1154,Qatar,Germany,7.37
1155,Qatar,Japan,6.48
1156,Qatar,United Arab Emirates,5.33
1157,Qatar,China,6.85
1158,Qatar,India,11.93
1159,Qatar,"Korea, Rep.",17.65
1160,Qatar,United States,10.81
1161,Rwanda,Kenya,17.54
1162,Rwanda,United Arab Emirates,4.69
1163,Rwanda,Switzerland,9.52
1164,Rwanda,India,12.23
1165,Rwanda,China,16.78
1166,Rwanda,Uganda,8.92
1167,Rwanda,United States,4.01
1168,Rwanda,"Congo, Dem. Rep.",32.57
1169,Solomon Islands,Japan,7.12
1170,Solomon Islands,Philippines,4.1
1171,Solomon Islands,China,57.99
1172,Solomon Islands,India,7.2
1173,Solomon Islands,Singapore,17.13
1174,Solomon Islands,Malaysia,10.71
1175,Solomon Islands,United Kingdom,7.36
1176,Solomon Islands,Italy,6.9
1177,Solomon Islands,Australia,28.87
1178,Sierra Leone,United Kingdom,14.77
1179,Sierra Leone,United Arab Emirates,12.52
1180,Sierra Leone,Lebanon,4.63
1181,Sierra Leone,Switzerland,2.47
1182,Sierra Leone,China,11.55
1183,Sierra Leone,Benin,5.18
1184,Sierra Leone,Netherlands,16.94
1185,Sierra Leone,Senegal,22.9
1186,Sierra Leone,Guinea,5.7
1187,Sierra Leone,Belgium,56.06
1188,Sao Tome and Principe,Japan,2.24
1189,Sao Tome and Principe,Angola,21.03
1190,Sao Tome and Principe,China,3.23
1191,Sao Tome and Principe,France,5.2
1192,Sao Tome and Principe,Portugal,58.58
1193,Sao Tome and Principe,Spain,2.05
1194,Sao Tome and Principe,Netherlands,36.1
1195,Sao Tome and Principe,Belgium,24.55
1196,Sudan,Jordan,8.59
1197,Sudan,United Arab Emirates,14.42
1198,Sudan,China,56.43
1199,Sudan,India,3.65
1200,Sudan,Saudi Arabia,14.38
1201,Sudan,"Egypt, Arab Rep.",6.49
1202,Eswatini,South Africa,79.2
1203,Eswatini,Nigeria,4.64
1204,Eswatini,India,4.06
1205,Eswatini,China,4.13
1206,Eswatini,"Other Asia, nes",1.07
1207,Eswatini,Portugal,4.09
1208,Eswatini,Kenya,3.93
1209,Eswatini,Mozambique,3.94
1210,Eswatini,United States,1.96
1211,Seychelles,South Africa,6.95
1212,Seychelles,United Arab Emirates,30.2
1213,Seychelles,Mauritius,7.22
1214,Seychelles,France,7.97
1215,Seychelles,United Kingdom,17.71
1216,Seychelles,Italy,7.54
1217,Seychelles,Spain,8.24
1218,Tunisia,Germany,10.49
1219,Tunisia,France,17.79
1220,Tunisia,China,8.37
1221,Tunisia,Italy,18.45
1222,Tunisia,Spain,4.19
1223,Uruguay,China,13.92
1224,Uruguay,Brazil,14.79
1225,Uruguay,Argentina,4.96
1226,Uruguay,United States,6.87
1227,Uruguay,Free Zones,19.42
1228,Uruguay,Nigeria,4.48
1229,St. Vincent and the Grenadines,United Kingdom,7.11
1230,St. Vincent and the Grenadines,Dominica,8.98
1231,St. Vincent and the Grenadines,Trinidad and Tobago,17.57
1232,St. Vincent and the Grenadines,China,5.45
1233,St. Vincent and the Grenadines,Barbados,2.79
1234,St. Vincent and the Grenadines,St. Lucia,16.7
1235,St. Vincent and the Grenadines,United States,37.96
1236,St. Vincent and the Grenadines,Antigua and Barbuda,13.85
1237, World,Germany,5.96
1238, World,Japan,4.4
1239, World,"Hong Kong, China",4.04
1240, World,China,8.36
1241, World,"Korea, Rep.",3.4
1242, World,United Kingdom,3.73
1243, World,United States,12.94
1244,Samoa,"Other Asia, nes",4.24
1245,Samoa,American Samoa,18.34
1246,Samoa,New Zealand,25.97
1247,Samoa,Singapore,15.54
1248,Samoa,China,14.84
1249,Samoa,Australia,9.82
1250,Samoa,United States,5.34
1251,Yemen,United Arab Emirates,11.47
1252,Yemen,India,5.68
1253,Yemen,Saudi Arabia,32.16
1254,Yemen,China,10.78
1255,Yemen,Oman,17.01
1256,Yemen,Japan,5.46
1257,Yemen,Turkey,6.88
1258,Yemen,Somalia,6.61
