,source,target,2016
0,Aruba,United Kingdom,1.94
1,Aruba,Curaçao,5.79
2,Aruba,Netherlands,8.52
3,Aruba,Colombia,23.81
4,Aruba,Panama,1.64
5,Aruba,United States,43.76
6,Aruba,Venezuela,10.12
7,United Kingdom,Germany,10.64
8,United Kingdom,France,5.65
9,United Kingdom,China,9.36
10,United Kingdom,Netherlands,6.19
11,United Kingdom,Ireland,5.57
12,United Kingdom,United States,14.96
13,Netherlands,Germany,22.92
14,Netherlands,United Kingdom,9.16
15,Netherlands,China,8.82
16,Netherlands,France,8.11
17,Netherlands,United States,4.17
18,Netherlands,Belgium,10.14
19,Colombia,Germany,3.81
20,Colombia,Panama,6.16
21,Colombia,Mexico,7.61
22,Colombia,Brazil,4.72
23,Colombia,China,19.25
24,Colombia,Spain,3.73
25,Colombia,Netherlands,3.89
26,Colombia,United States,32.88
27,Colombia,Ecuador,3.86
28,Panama,Mexico,5.26
29,Panama,Costa Rica,6.8
30,Panama,Singapore,8.42
31,Panama,China,18.95
32,Panama,Colombia,9.76
33,Panama,Free Zones,11.59
34,Panama,United States,21.09
35,Panama,Venezuela,5.5
36,United States,Germany,5.17
37,United States,Japan,6.01
38,United States,Canada,12.59
39,United States,China,7.97
40,United States,Mexico,15.87
41,United States,United Kingdom,3.8
42,Afghanistan,India,38.57
43,Afghanistan,Iraq,1.88
44,Afghanistan,Kazakhstan,9.51
45,Afghanistan,China,16.72
46,Afghanistan,Pakistan,47.5
47,Afghanistan,Uzbekistan,6.11
48,Afghanistan,"Iran, Islamic Rep.",3.16
49,Afghanistan,Turkey,2.04
50,India,United Arab Emirates,11.54
51,India,"Hong Kong, China",5.07
52,India,China,3.42
53,India,Switzerland,4.16
54,India,United Kingdom,3.29
55,India,Saudi Arabia,5.18
56,India,United States,16.13
57,Kazakhstan,Germany,5.73
58,Kazakhstan,China,11.46
59,Kazakhstan,Switzerland,7.31
60,Kazakhstan,Russian Federation,9.54
61,Kazakhstan,Italy,20.33
62,Kazakhstan,Netherlands,8.85
63,Kazakhstan,United States,5.07
64,China,Japan,9.17
65,China,"Hong Kong, China",13.69
66,China,Germany,3.11
67,China,"Korea, Rep.",10.01
68,China,China,8.06
69,China,"Other Asia, nes",8.74
70,China,United States,18.39
71,Pakistan,Japan,4.17
72,Pakistan,United Arab Emirates,13.2
73,Pakistan,China,7.75
74,Pakistan,Germany,5.78
75,Pakistan,Afghanistan,6.67
76,Pakistan,United Kingdom,7.59
77,Pakistan,United States,16.7
78,Pakistan,Indonesia,4.44
79,"Iran, Islamic Rep.",Germany,5.93
80,"Iran, Islamic Rep.",United Arab Emirates,8.92
81,"Iran, Islamic Rep.","Other Asia, nes",39.02
82,"Iran, Islamic Rep.",China,10.07
83,"Iran, Islamic Rep.","Korea, Rep.",8.1
84,"Iran, Islamic Rep.",Iraq,7.37
85,"Iran, Islamic Rep.",Turkey,6.38
86,Turkey,Germany,10.16
87,Turkey,Iraq,5.69
88,Turkey,China,12.29
89,Turkey,United Kingdom,8.01
90,Turkey,Russian Federation,7.65
91,Turkey,Italy,5.26
92,Turkey,United States,4.87
93,Angola,South Africa,4.73
94,Angola,"Other Asia, nes",4.05
95,Angola,China,49.62
96,Angola,India,6.95
97,Angola,Brazil,4.66
98,Angola,Portugal,13.26
99,Angola,United States,5.44
100,South Africa,Botswana,4.92
101,South Africa,Germany,7.03
102,South Africa,China,9.11
103,South Africa,India,4.15
104,South Africa,Saudi Arabia,3.79
105,South Africa,United States,7.23
106,"Other Asia, nes",Germany,3.74
107,"Other Asia, nes",Japan,17.61
108,"Other Asia, nes","Hong Kong, China",13.69
109,"Other Asia, nes",China,26.33
110,"Other Asia, nes","Korea, Rep.",6.34
111,"Other Asia, nes",United States,11.98
112,"Other Asia, nes",Singapore,5.77
113,Brazil,Germany,2.71
114,Brazil,China,19.57
115,Brazil,"Korea, Rep.",3.92
116,Brazil,Argentina,7.47
117,Brazil,Netherlands,3.87
118,Brazil,United States,12.98
119,Portugal,Germany,11.67
120,Portugal,France,7.7
121,Portugal,Netherlands,5.1
122,Portugal,United Kingdom,7.07
123,Portugal,Spain,33.12
124,Portugal,Italy,5.51
125,Portugal,United States,4.93
126,Albania,Germany,3.4
127,Albania,Greece,4.58
128,Albania,Malta,3.29
129,Albania,China,8.77
130,Albania,"Serbia, FR(Serbia/Montenegro)",8.75
131,Albania,Italy,54.58
132,Albania,Turkey,7.88
133,Germany,China,6.32
134,Germany,France,6.86
135,Germany,Netherlands,6.19
136,Germany,United Kingdom,7.09
137,Germany,Italy,5.39
138,Germany,United States,8.87
139,Greece,Germany,7.66
140,Greece,Bulgaria,4.97
141,Greece,China,6.71
142,Greece,Russian Federation,6.55
143,Greece,Iraq,5.5
144,Greece,Italy,11.21
145,Greece,Cyprus,6.05
146,Greece,Turkey,5.38
147,Malta,Germany,10.67
148,Malta,United Kingdom,5.35
149,Malta,Canada,8.96
150,Malta,"Egypt, Arab Rep.",8.31
151,Malta,France,6.3
152,Malta,Bunkers,10.67
153,Malta,Cayman Islands,10.16
154,Malta,Italy,19.19
155,Malta,United States,20.32
156,"Serbia, FR(Serbia/Montenegro)",Germany,13.06
157,"Serbia, FR(Serbia/Montenegro)",Romania,5.7
158,"Serbia, FR(Serbia/Montenegro)",Bosnia and Herzegovina,8.28
159,"Serbia, FR(Serbia/Montenegro)",China,8.34
160,"Serbia, FR(Serbia/Montenegro)",Russian Federation,5.35
161,"Serbia, FR(Serbia/Montenegro)",Italy,14.6
162,"Serbia, FR(Serbia/Montenegro)",Hungary,4.59
163,Italy,Germany,12.63
164,Italy,France,8.91
165,Italy,China,7.44
166,Italy,Netherlands,5.49
167,Italy,United Kingdom,5.37
168,Italy,Spain,5.39
169,Italy,United States,8.84
170,Andorra,Germany,2.43
171,Andorra,Norway,5.35
172,Andorra,"Hong Kong, China",2.49
173,Andorra,France,15.69
174,Andorra,China,3.47
175,Andorra,Spain,64.44
176,Andorra,Italy,2.26
177,Norway,Germany,14.25
178,Norway,Sweden,6.42
179,Norway,Denmark,5.58
180,Norway,China,11.0
181,Norway,United Kingdom,20.7
182,Norway,France,6.84
183,Norway,Netherlands,10.63
184,Norway,United States,6.42
185,"Hong Kong, China",Japan,6.13
186,"Hong Kong, China",China,55.27
187,"Hong Kong, China",India,2.98
188,"Hong Kong, China",Singapore,6.48
189,"Hong Kong, China",United Kingdom,2.17
190,"Hong Kong, China","Other Asia, nes",6.91
191,"Hong Kong, China",United States,8.14
192,France,Germany,16.13
193,France,China,9.1
194,France,United Kingdom,7.05
195,France,Italy,7.31
196,France,Spain,7.5
197,France,United States,7.39
198,France,Belgium,6.78
199,Spain,Germany,11.42
200,Spain,France,11.3
201,Spain,China,8.71
202,Spain,United Kingdom,7.83
203,Spain,Italy,7.9
204,Spain,Portugal,7.03
205,Spain,United States,4.73
206,United Arab Emirates,Germany,4.65
207,United Arab Emirates,India,3.81
208,United Arab Emirates,Switzerland,2.52
209,United Arab Emirates,Iraq,1.82
210,United Arab Emirates,China,8.28
211,United Arab Emirates,"Iran, Islamic Rep.",2.99
212,United Arab Emirates,United States,7.6
213,Switzerland,Germany,14.31
214,Switzerland,United Kingdom,10.73
215,Switzerland,"Hong Kong, China",6.14
216,Switzerland,China,8.98
217,Switzerland,France,6.06
218,Switzerland,Italy,7.33
219,Switzerland,United States,12.15
220,Argentina,Germany,5.46
221,Argentina,Vietnam,4.4
222,Argentina,Chile,3.98
223,Argentina,China,7.66
224,Argentina,Mexico,3.19
225,Argentina,Brazil,15.62
226,Argentina,United States,7.76
227,Vietnam,Japan,8.63
228,Vietnam,Thailand,5.06
229,Vietnam,"Hong Kong, China",3.45
230,Vietnam,China,12.43
231,Vietnam,"Korea, Rep.",18.4
232,Vietnam,"Other Asia, nes",6.42
233,Vietnam,United States,21.79
234,Chile,Germany,3.85
235,Chile,China,28.55
236,Chile,Brazil,4.87
237,Chile,"Korea, Rep.",6.92
238,Chile,Japan,8.53
239,Chile,Argentina,4.3
240,Chile,United States,13.94
241,Mexico,Germany,1.1
242,Mexico,Japan,4.59
243,Mexico,China,1.44
244,Mexico,"Korea, Rep.",3.52
245,Mexico,United States,81.0
246,Mexico,Canada,2.78
247,Armenia,Germany,7.47
248,Armenia,Iraq,7.77
249,Armenia,Bulgaria,9.04
250,Armenia,China,11.29
251,Armenia,Russian Federation,20.63
252,Armenia,Turkey,5.25
253,Armenia,Georgia,7.81
254,Armenia,"Iran, Islamic Rep.",5.12
255,Bulgaria,Germany,13.33
256,Bulgaria,Romania,6.93
257,Bulgaria,Greece,6.84
258,Bulgaria,Russian Federation,8.93
259,Bulgaria,Italy,9.0
260,Bulgaria,Turkey,7.83
261,Russian Federation,Germany,7.11
262,Russian Federation,China,9.93
263,Russian Federation,France,4.46
264,Russian Federation,Belarus,4.92
265,Russian Federation,Netherlands,10.54
266,Russian Federation,Turkey,4.56
267,Russian Federation,United States,5.85
268,Georgia,Germany,5.89
269,Georgia,China,8.23
270,Georgia,Bulgaria,7.59
271,Georgia,Armenia,7.21
272,Georgia,Russian Federation,9.76
273,Georgia,Turkey,8.19
274,Georgia,Azerbaijan,6.71
275,Antigua and Barbuda,United Kingdom,52.49
276,Antigua and Barbuda,Japan,4.67
277,Antigua and Barbuda,China,4.14
278,Antigua and Barbuda,Barbados,3.2
279,Antigua and Barbuda,Spain,12.84
280,Antigua and Barbuda,United States,16.19
281,Antigua and Barbuda,Special Categories,14.51
282,Antigua and Barbuda,Canada,3.93
283,Japan,"Other Asia, nes",6.09
284,Japan,"Hong Kong, China",5.21
285,Japan,China,17.65
286,Japan,"Korea, Rep.",4.12
287,Japan,Australia,5.01
288,Japan,United States,20.25
289,Barbados,Guyana,4.5
290,Barbados,United Kingdom,4.81
291,Barbados,Japan,2.67
292,Barbados,China,4.27
293,Barbados,Trinidad and Tobago,7.73
294,Barbados,United States,34.44
295,Canada,Germany,3.23
296,Canada,Japan,2.96
297,Canada,China,4.07
298,Canada,Mexico,1.48
299,Canada,United Kingdom,3.32
300,Canada,United States,76.23
301,Australia,Germany,5.32
302,Australia,Japan,7.71
303,Australia,Thailand,5.74
304,Australia,China,31.64
305,Australia,India,4.18
306,Australia,"Korea, Rep.",6.73
307,Australia,United States,4.62
308,Thailand,Japan,15.8
309,Thailand,"Hong Kong, China",5.33
310,Thailand,China,11.05
311,Thailand,"Korea, Rep.",3.75
312,Thailand,Australia,4.79
313,Thailand,Malaysia,5.56
314,Thailand,United States,11.4
315,"Korea, Rep.",Germany,4.66
316,"Korea, Rep.",Vietnam,6.59
317,"Korea, Rep.",Japan,11.69
318,"Korea, Rep.","Hong Kong, China",6.62
319,"Korea, Rep.",China,25.12
320,"Korea, Rep.","Other Asia, nes",4.04
321,"Korea, Rep.",United States,13.47
322,Austria,Germany,30.07
323,Austria,Switzerland,5.78
324,Austria,China,5.85
325,Austria,France,3.98
326,Austria,Italy,6.21
327,Austria,Czech Republic,4.32
328,Austria,United States,6.46
329,Czech Republic,Germany,32.39
330,Czech Republic,Poland,5.77
331,Czech Republic,Slovak Republic,8.36
332,Czech Republic,China,12.4
333,Czech Republic,United Kingdom,5.26
334,Czech Republic,France,5.18
335,Czech Republic,Italy,4.33
336,Azerbaijan,United Kingdom,5.84
337,Azerbaijan,"Other Asia, nes",6.88
338,Azerbaijan,China,8.31
339,Azerbaijan,Russian Federation,19.37
340,Azerbaijan,France,4.68
341,Azerbaijan,Italy,32.39
342,Azerbaijan,Turkey,8.86
343,Azerbaijan,Israel,4.96
344,Azerbaijan,United States,5.57
345,Israel,Germany,6.18
346,Israel,"Hong Kong, China",7.32
347,Israel,China,5.49
348,Israel,Switzerland,6.52
349,Israel,United Kingdom,6.45
350,Israel,United States,29.05
351,Israel,Belgium,5.95
352,Burundi,Kenya,11.73
353,Burundi,Tanzania,8.25
354,Burundi,Switzerland,17.87
355,Burundi,Germany,6.03
356,Burundi,India,14.14
357,Burundi,China,16.57
358,Burundi,United Arab Emirates,13.05
359,Burundi,Uganda,7.23
360,Burundi,"Congo, Dem. Rep.",22.32
361,Kenya,Japan,5.76
362,Kenya,United Arab Emirates,6.39
363,Kenya,Uganda,10.75
364,Kenya,India,14.35
365,Kenya,China,23.57
366,Kenya,Pakistan,6.96
367,Kenya,United Kingdom,6.5
368,Kenya,Saudi Arabia,4.84
369,Kenya,Netherlands,7.52
370,Kenya,United States,7.5
371,Tanzania,Japan,4.71
372,Tanzania,South Africa,6.0
373,Tanzania,United Arab Emirates,7.52
374,Tanzania,China,7.47
375,Tanzania,India,14.82
376,Tanzania,Switzerland,16.19
377,Tanzania,Kenya,6.62
378,Uganda,Kenya,16.28
379,Uganda,Rwanda,7.79
380,Uganda,United Arab Emirates,15.0
381,Uganda,India,17.28
382,Uganda,China,18.35
383,Uganda,Saudi Arabia,5.16
384,Uganda,South Sudan,9.65
385,Uganda,"Congo, Dem. Rep.",7.13
386,Belgium,Germany,15.91
387,Belgium,United Kingdom,7.6
388,Belgium,France,10.84
389,Belgium,Netherlands,11.11
390,Belgium,United States,6.66
391,Benin,Thailand,12.62
392,Benin,Nigeria,6.61
393,Benin,China,6.66
394,Benin,India,15.4
395,Benin,France,10.54
396,Benin,Togo,7.17
397,Benin,Malaysia,13.17
398,Benin,Bangladesh,10.23
399,Nigeria,India,18.05
400,Nigeria,China,19.67
401,Nigeria,Netherlands,7.83
402,Nigeria,France,6.28
403,Nigeria,Spain,9.21
404,Nigeria,United States,12.09
405,Nigeria,Belgium,12.13
406,Togo,Japan,4.31
407,Togo,Cote d'Ivoire,7.87
408,Togo,Ghana,3.46
409,Togo,France,8.52
410,Togo,Burkina Faso,14.25
411,Togo,China,29.66
412,Togo,Netherlands,4.26
413,Togo,Benin,15.7
414,Togo,Mali,6.93
415,Togo,Niger,9.43
416,Malaysia,Japan,8.16
417,Malaysia,Thailand,5.61
418,Malaysia,China,12.54
419,Malaysia,Singapore,10.37
420,Malaysia,United States,10.22
421,Burkina Faso,Cote d'Ivoire,8.59
422,Burkina Faso,India,5.16
423,Burkina Faso,Switzerland,59.35
424,Burkina Faso,France,8.06
425,Burkina Faso,China,14.45
426,Burkina Faso,South Africa,3.61
427,Burkina Faso,United States,7.98
428,Burkina Faso,Singapore,9.13
429,Cote d'Ivoire,Vietnam,5.11
430,Cote d'Ivoire,France,13.26
431,Cote d'Ivoire,India,4.4
432,Cote d'Ivoire,China,17.41
433,Cote d'Ivoire,Netherlands,11.63
434,Cote d'Ivoire,United States,8.9
435,Cote d'Ivoire,Belgium,6.2
436,Cote d'Ivoire,Nigeria,11.39
437,Singapore,Japan,7.29
438,Singapore,"Hong Kong, China",12.8
439,Singapore,China,13.12
440,Singapore,Indonesia,7.87
441,Singapore,Malaysia,10.54
442,Singapore,"Other Asia, nes",7.98
443,Singapore,United States,6.73
444,Romania,Germany,21.51
445,Romania,Poland,5.14
446,Romania,France,5.54
447,Romania,United Kingdom,4.33
448,Romania,Italy,11.6
449,Romania,Hungary,7.51
450,Bahrain,Japan,6.07
451,Bahrain,United Arab Emirates,6.24
452,Bahrain,Qatar,5.15
453,Bahrain,Saudi Arabia,21.41
454,Bahrain,China,9.69
455,Bahrain,United States,8.3
456,Qatar,Germany,9.25
457,Qatar,Japan,6.66
458,Qatar,United Arab Emirates,6.56
459,Qatar,China,7.83
460,Qatar,India,12.88
461,Qatar,"Korea, Rep.",15.66
462,Qatar,United States,14.35
463,Saudi Arabia,Germany,6.43
464,Saudi Arabia,United Arab Emirates,3.73
465,Saudi Arabia,"Other Asia, nes",48.37
466,Saudi Arabia,China,2.7
467,Saudi Arabia,India,1.58
468,Saudi Arabia,United States,13.08
469,"Bahamas, The",Japan,1.75
470,"Bahamas, The",China,0.85
471,"Bahamas, The",Argentina,0.73
472,"Bahamas, The",United Kingdom,3.34
473,"Bahamas, The",France,6.86
474,"Bahamas, The",Turks and Caicos Isl.,1.82
475,"Bahamas, The",Panama,1.16
476,"Bahamas, The",United States,83.01
477,Bosnia and Herzegovina,Germany,15.68
478,Bosnia and Herzegovina,Croatia,10.01
479,Bosnia and Herzegovina,Slovenia,8.57
480,Bosnia and Herzegovina,China,6.76
481,Bosnia and Herzegovina,"Serbia, FR(Serbia/Montenegro)",8.67
482,Bosnia and Herzegovina,Italy,12.01
483,Croatia,Germany,11.78
484,Croatia,Bosnia and Herzegovina,9.16
485,Croatia,Slovenia,10.92
486,Croatia,Italy,13.66
487,Croatia,Hungary,7.11
488,Croatia,Austria,7.97
489,Slovenia,Germany,20.65
490,Slovenia,Croatia,4.96
491,Slovenia,China,6.52
492,Slovenia,France,4.72
493,Slovenia,Italy,10.94
494,Slovenia,Austria,8.11
495,Belarus,Germany,3.98
496,Belarus,Poland,4.28
497,Belarus,China,7.67
498,Belarus,United Kingdom,4.58
499,Belarus,Russian Federation,46.32
500,Belarus,Netherlands,3.94
501,Belarus,Ukraine,3.54
502,Poland,Germany,27.0
503,Poland,Czech Republic,6.49
504,Poland,France,3.9
505,Poland,China,12.44
506,Poland,United Kingdom,6.61
507,Poland,Russian Federation,6.12
508,Poland,Italy,4.8
509,Ukraine,Germany,11.0
510,Ukraine,Poland,6.05
511,Ukraine,China,11.94
512,Ukraine,"Egypt, Arab Rep.",6.23
513,Ukraine,Russian Federation,9.88
514,Ukraine,Italy,5.31
515,Ukraine,Turkey,5.64
516,Ukraine,Belarus,7.08
517,Belize,Mexico,10.85
518,Belize,Jamaica,5.64
519,Belize,China,11.72
520,Belize,United Kingdom,28.37
521,Belize,Curaçao,7.42
522,Belize,Guatemala,7.03
523,Belize,Netherlands,4.68
524,Belize,Ireland,4.58
525,Belize,United States,33.19
526,Jamaica,Japan,6.3
527,Jamaica,Mexico,4.12
528,Jamaica,Trinidad and Tobago,7.27
529,Jamaica,China,6.53
530,Jamaica,United Kingdom,4.15
531,Jamaica,Russian Federation,5.87
532,Jamaica,Netherlands,10.35
533,Jamaica,United States,41.47
534,Jamaica,Canada,12.09
535,Guatemala,Mexico,4.33
536,Guatemala,El Salvador,5.31
537,Guatemala,China,10.88
538,Guatemala,Nicaragua,5.37
539,Guatemala,Honduras,8.63
540,Guatemala,United States,34.5
541,Guatemala,Costa Rica,3.51
542,Ireland,Germany,6.73
543,Ireland,United Kingdom,12.65
544,Ireland,Switzerland,5.3
545,Ireland,France,13.41
546,Ireland,China,5.57
547,Ireland,United States,26.74
548,Ireland,Belgium,12.25
549,Bermuda,United Kingdom,5.16
550,Bermuda,Canada,11.3
551,Bermuda,India,0.84
552,Bermuda,China,2.46
553,Bermuda,Italy,1.01
554,Bermuda,United States,89.98
555,Bolivia,China,6.62
556,Bolivia,Brazil,18.99
557,Bolivia,Argentina,11.44
558,Bolivia,Colombia,8.04
559,Bolivia,Peru,6.89
560,Bolivia,United States,13.89
561,Peru,China,23.39
562,Peru,Switzerland,7.08
563,Peru,Mexico,4.64
564,Peru,"Korea, Rep.",3.57
565,Peru,Brazil,5.89
566,Peru,United States,17.42
567,Peru,Canada,4.64
568,Guyana,Japan,3.12
569,Guyana,Panama,3.4
570,Guyana,Trinidad and Tobago,11.35
571,Guyana,Suriname,5.49
572,Guyana,China,7.34
573,Guyana,United Kingdom,3.86
574,Guyana,United States,20.63
575,Guyana,Canada,30.59
576,Trinidad and Tobago,Gabon,8.3
577,Trinidad and Tobago,Chile,5.75
578,Trinidad and Tobago,Brazil,4.67
579,Trinidad and Tobago,China,7.41
580,Trinidad and Tobago,Russian Federation,11.71
581,Trinidad and Tobago,Netherlands,3.24
582,Trinidad and Tobago,United States,41.66
583,Trinidad and Tobago,Singapore,3.91
584,Brunei,Japan,4.29
585,Brunei,Thailand,8.95
586,Brunei,India,9.35
587,Brunei,"Korea, Rep.",14.26
588,Brunei,Singapore,19.15
589,Brunei,China,13.04
590,Brunei,Malaysia,21.06
591,Brunei,United States,11.56
592,Botswana,South Africa,64.56
593,Botswana,Canada,5.63
594,Botswana,India,15.13
595,Botswana,United Arab Emirates,9.68
596,Botswana,Namibia,10.51
597,Botswana,Belgium,2.56
598,Namibia,Botswana,14.05
599,Namibia,Zambia,6.29
600,Namibia,South Africa,57.18
601,Namibia,Switzerland,18.78
602,Namibia,China,2.93
603,Central African Republic,Japan,11.26
604,Central African Republic,Burundi,14.25
605,Central African Republic,China,10.17
606,Central African Republic,Cameroon,8.44
607,Central African Republic,Germany,3.71
608,Central African Republic,France,21.14
609,Central African Republic,Italy,7.06
610,Central African Republic,United States,9.88
611,Cameroon,Germany,4.03
612,Cameroon,Thailand,4.54
613,Cameroon,China,7.07
614,Cameroon,France,12.02
615,Cameroon,Italy,7.81
616,Cameroon,Netherlands,21.35
617,Cameroon,Belgium,9.32
618,Cameroon,Nigeria,4.55
619,"Congo, Rep.",China,11.66
620,"Congo, Rep.",Angola,10.66
621,"Congo, Rep.","Korea, Rep.",16.91
622,"Congo, Rep.",Norway,7.17
623,"Congo, Rep.",Gabon,8.32
624,"Congo, Rep.",Heard Island and McDonald Isla,12.99
625,"Congo, Rep.",Spain,28.45
626,"Congo, Rep.",Panama,7.51
627,"Congo, Rep.",United States,9.47
628,Ecuador,Vietnam,6.64
629,Ecuador,Chile,6.85
630,Ecuador,Brazil,4.22
631,Ecuador,Peru,3.85
632,Ecuador,China,19.09
633,Ecuador,Colombia,4.82
634,Ecuador,United States,32.36
635,Comoros,Vietnam,7.97
636,Comoros,United Arab Emirates,7.35
637,Comoros,India,28.46
638,Comoros,France,18.69
639,Comoros,China,8.21
640,Comoros,Mauritius,9.32
641,Comoros,Pakistan,15.85
642,Mauritius,Japan,3.1
643,Mauritius,South Africa,7.49
644,Mauritius,France,7.85
645,Mauritius,India,16.5
646,Mauritius,China,17.71
647,Mauritius,Madagascar,7.3
648,Mauritius,United Kingdom,12.01
649,Mauritius,United States,11.19
650,Cape Verde,Brazil,3.44
651,Cape Verde,China,4.79
652,Cape Verde,Netherlands,6.38
653,Cape Verde,Italy,1.23
654,Cape Verde,Portugal,46.51
655,Cape Verde,Spain,11.27
656,Cape Verde,United States,1.12
657,Cape Verde,Turkey,4.16
658,Costa Rica,Panama,5.66
659,Costa Rica,Mexico,6.96
660,Costa Rica,China,13.59
661,Costa Rica,Nicaragua,5.22
662,Costa Rica,Guatemala,2.72
663,Costa Rica,Netherlands,5.81
664,Costa Rica,United States,40.96
665,Costa Rica,Belgium,5.37
666,Nicaragua,Mexico,13.75
667,Nicaragua,Costa Rica,6.49
668,Nicaragua,China,15.37
669,Nicaragua,Guatemala,6.29
670,Nicaragua,Honduras,3.27
671,Nicaragua,El Salvador,5.7
672,Nicaragua,United States,55.07
673,Cyprus,Germany,16.64
674,Cyprus,United Kingdom,11.88
675,Cyprus,Sweden,6.93
676,Cyprus,Greece,10.12
677,Cyprus,China,7.69
678,Cyprus,Liberia,5.7
679,Cyprus,Bunkers,7.38
680,Cyprus,Italy,5.68
681,Sweden,Denmark,6.95
682,Sweden,Germany,10.25
683,Sweden,Norway,10.12
684,Sweden,Finland,6.75
685,Sweden,China,5.6
686,Sweden,Netherlands,8.13
687,Sweden,United States,7.03
688,Slovak Republic,Germany,21.89
689,Slovak Republic,Czech Republic,10.62
690,Slovak Republic,"Korea, Rep.",5.83
691,Slovak Republic,China,8.47
692,Slovak Republic,Poland,7.65
693,Slovak Republic,France,6.06
694,Slovak Republic,Hungary,5.99
695,Denmark,Germany,14.96
696,Denmark,Sweden,11.17
697,Denmark,Norway,6.22
698,Denmark,China,7.62
699,Denmark,Netherlands,7.93
700,Denmark,United Kingdom,5.94
701,Denmark,Special Categories,11.72
702,Dominican Republic,India,6.05
703,Dominican Republic,Mexico,5.56
704,Dominican Republic,Brazil,4.4
705,Dominican Republic,China,13.26
706,Dominican Republic,Haiti,11.73
707,Dominican Republic,United States,48.5
708,Dominican Republic,Spain,3.4
709,Dominican Republic,Canada,7.86
710,Algeria,Germany,6.42
711,Algeria,France,10.14
712,Algeria,China,17.86
713,Algeria,Brazil,5.39
714,Algeria,Italy,17.37
715,Algeria,Spain,7.57
716,Algeria,United States,12.89
717,"Egypt, Arab Rep.",Germany,8.57
718,"Egypt, Arab Rep.",Saudi Arabia,7.81
719,"Egypt, Arab Rep.",China,12.73
720,"Egypt, Arab Rep.",United Arab Emirates,12.53
721,"Egypt, Arab Rep.",Italy,6.5
722,"Egypt, Arab Rep.",Turkey,6.24
723,"Egypt, Arab Rep.",United States,4.99
724,Estonia,Germany,10.52
725,Estonia,Sweden,16.88
726,Estonia,Finland,15.11
727,Estonia,Lithuania,5.65
728,Estonia,China,8.29
729,Estonia,Latvia,8.65
730,Estonia,Russian Federation,9.33
731,Finland,Germany,12.85
732,Finland,Sweden,10.61
733,Finland,China,7.37
734,Finland,Netherlands,6.51
735,Finland,Russian Federation,5.64
736,Finland,United States,7.24
737,Lithuania,Germany,7.68
738,Lithuania,Poland,9.1
739,Lithuania,Estonia,5.3
740,Lithuania,Latvia,8.03
741,Lithuania,Russian Federation,13.47
742,Lithuania,Italy,5.46
743,Latvia,Germany,7.06
744,Latvia,Sweden,5.93
745,Latvia,Poland,10.59
746,Latvia,Estonia,11.89
747,Latvia,Lithuania,19.21
748,Latvia,Russian Federation,7.57
749,Ethiopia(excludes Eritrea),China,17.57
750,Ethiopia(excludes Eritrea),Switzerland,5.65
751,Ethiopia(excludes Eritrea),Germany,6.56
752,Ethiopia(excludes Eritrea),India,7.66
753,Ethiopia(excludes Eritrea),Saudi Arabia,7.69
754,Ethiopia(excludes Eritrea),Kuwait,5.19
755,Ethiopia(excludes Eritrea),Italy,4.42
756,Ethiopia(excludes Eritrea),United States,8.92
757,Kuwait,Germany,6.31
758,Kuwait,Japan,6.53
759,Kuwait,United Arab Emirates,1.18
760,Kuwait,China,1.08
761,Kuwait,India,1.59
762,Kuwait,Saudi Arabia,1.51
763,Kuwait,United States,9.57
764,European Union,China,9.66
765,European Union,Switzerland,8.17
766,European Union,Russian Federation,4.12
767,European Union,Turkey,4.43
768,European Union,United States,20.7
769,Fiji,Japan,6.88
770,Fiji,China,5.11
771,Fiji,New Zealand,17.47
772,Fiji,Singapore,15.45
773,Fiji,Australia,17.42
774,Fiji,Bunkers,7.98
775,Fiji,United States,18.33
776,New Zealand,Germany,4.85
777,New Zealand,Japan,7.09
778,New Zealand,China,19.46
779,New Zealand,"Korea, Rep.",3.08
780,New Zealand,Australia,12.58
781,New Zealand,United States,10.93
782,Ghana,Vietnam,5.15
783,Ghana,United Kingdom,9.74
784,Ghana,China,8.84
785,Ghana,India,14.62
786,Ghana,Switzerland,17.54
787,Ghana,United Arab Emirates,13.4
788,Ghana,United States,7.76
789,Ghana,Belgium,5.08
790,Guinea,United Arab Emirates,27.57
791,Guinea,India,9.07
792,Guinea,Switzerland,7.68
793,Guinea,France,7.02
794,Guinea,China,16.81
795,Guinea,Netherlands,12.81
796,Guinea,Ghana,15.34
797,"Gambia, The",Vietnam,31.82
798,"Gambia, The",Cote d'Ivoire,17.22
799,"Gambia, The",China,5.32
800,"Gambia, The",India,6.45
801,"Gambia, The",Brazil,11.81
802,"Gambia, The",Malaysia,4.53
803,"Gambia, The",Senegal,22.95
804,"Gambia, The",Spain,11.15
805,"Gambia, The",Guinea-Bissau,24.16
806,Senegal,Cote d'Ivoire,5.11
807,Senegal,China,4.82
808,Senegal,India,7.88
809,Senegal,Switzerland,10.17
810,Senegal,France,15.9
811,Senegal,Netherlands,5.29
812,Senegal,Mali,17.47
813,Senegal,Nigeria,7.75
814,Grenada,Japan,3.23
815,Grenada,Trinidad and Tobago,8.1
816,Grenada,Barbados,14.96
817,Grenada,Mexico,4.92
818,Grenada,Curaçao,4.74
819,Grenada,United States,19.11
820,Grenada,Belgium,7.45
821,Greenland,Denmark,78.01
822,Greenland,Poland,3.92
823,Greenland,Canada,2.57
824,Greenland,Estonia,2.7
825,Greenland,Iceland,3.08
826,Greenland,Turkey,7.9
827,Greenland,Portugal,7.53
828,Greenland,Sweden,8.5
829,Iceland,Germany,6.94
830,Iceland,Norway,8.97
831,Iceland,China,7.35
832,Iceland,Netherlands,25.5
833,Iceland,United Kingdom,11.3
834,Iceland,Spain,10.38
835,Iceland,United States,7.78
836,El Salvador,Guatemala,13.72
837,El Salvador,Honduras,5.06
838,El Salvador,Mexico,7.52
839,El Salvador,Costa Rica,4.58
840,El Salvador,China,14.27
841,El Salvador,Nicaragua,7.18
842,El Salvador,United States,47.46
843,Honduras,Guatemala,5.38
844,Honduras,Germany,7.56
845,Honduras,Mexico,7.74
846,Honduras,El Salvador,4.95
847,Honduras,China,14.49
848,Honduras,Netherlands,5.61
849,Honduras,United States,43.81
850,Suriname,Switzerland,29.87
851,Suriname,Trinidad and Tobago,11.13
852,Suriname,China,5.12
853,Suriname,United Arab Emirates,33.01
854,Suriname,Netherlands,1.18
855,Suriname,United States,19.77
856,Suriname,Belgium,8.04
857,Hungary,Germany,27.47
858,Hungary,Romania,5.0
859,Hungary,Poland,5.54
860,Hungary,Slovak Republic,4.91
861,Hungary,China,5.28
862,Hungary,France,4.78
863,Hungary,Austria,6.41
864,Indonesia,Japan,9.57
865,Indonesia,Thailand,6.39
866,Indonesia,China,11.62
867,Indonesia,India,6.99
868,Indonesia,Singapore,10.72
869,Indonesia,United States,11.19
870,Jordan,Germany,4.59
871,Jordan,United Arab Emirates,4.57
872,Jordan,India,6.52
873,Jordan,Iraq,6.63
874,Jordan,Saudi Arabia,13.23
875,Jordan,China,14.01
876,Jordan,United States,20.75
877,Jordan,Free Zones,11.35
878,Kyrgyz Republic,Kazakhstan,10.62
879,Kyrgyz Republic,Switzerland,45.54
880,Kyrgyz Republic,Uzbekistan,8.79
881,Kyrgyz Republic,China,38.11
882,Kyrgyz Republic,Russian Federation,10.2
883,Kyrgyz Republic,Turkey,6.32
884,Kyrgyz Republic,United States,4.0
885,Cambodia,Thailand,15.44
886,Cambodia,Germany,8.98
887,Cambodia,Singapore,4.56
888,Cambodia,China,36.79
889,Cambodia,Japan,8.21
890,Cambodia,United Kingdom,9.47
891,Cambodia,"Other Asia, nes",5.67
892,Cambodia,United States,21.32
893,Cambodia,Canada,6.5
894,Cambodia,Vietnam,11.45
895,Kiribati,Japan,12.75
896,Kiribati,"Other Asia, nes",10.09
897,Kiribati,Fiji,15.77
898,Kiribati,Singapore,10.97
899,Kiribati,Australia,23.17
900,Kiribati,New Zealand,8.65
901,Kiribati,Malaysia,36.35
902,Kiribati,East Timor,10.14
903,St. Kitts and Nevis,United Kingdom,2.09
904,St. Kitts and Nevis,Japan,3.96
905,St. Kitts and Nevis,Trinidad and Tobago,7.28
906,St. Kitts and Nevis,Barbados,1.71
907,St. Kitts and Nevis,St. Lucia,4.2
908,St. Kitts and Nevis,United States,69.26
909,St. Kitts and Nevis,Antigua and Barbuda,3.21
910,St. Lucia,United Kingdom,7.51
911,St. Lucia,Japan,3.16
912,St. Lucia,Trinidad and Tobago,8.43
913,St. Lucia,Barbados,5.55
914,St. Lucia,United States,43.18
915,Lebanon,Germany,6.21
916,Lebanon,Iraq,5.43
917,Lebanon,Syrian Arab Republic,6.68
918,Lebanon,Saudi Arabia,8.96
919,Lebanon,China,11.2
920,Lebanon,United Arab Emirates,8.02
921,Lebanon,Greece,5.74
922,Lebanon,South Africa,21.11
923,Lebanon,Italy,7.53
924,Lebanon,United States,6.33
925,Libya,United Arab Emirates,8.32
926,Libya,China,8.41
927,Libya,"Korea, Rep.",6.86
928,Libya,France,6.53
929,Libya,Italy,34.9
930,Libya,Turkey,8.67
931,Libya,Spain,11.06
932,Sri Lanka,Japan,4.87
933,Sri Lanka,United Arab Emirates,5.47
934,Sri Lanka,India,7.14
935,Sri Lanka,Germany,4.83
936,Sri Lanka,Singapore,5.28
937,Sri Lanka,China,21.9
938,Sri Lanka,United Kingdom,9.91
939,Sri Lanka,Italy,4.07
940,Sri Lanka,United States,26.65
941,Lesotho,Japan,1.24
942,Lesotho,South Africa,76.58
943,Lesotho,Eswatini,1.33
944,Lesotho,Germany,0.46
945,Lesotho,India,2.89
946,Lesotho,China,4.85
947,Lesotho,"Other Asia, nes",6.72
948,Lesotho,United States,45.14
949,Lesotho,Canada,0.72
950,Eswatini,South Africa,78.16
951,Eswatini,Nigeria,4.62
952,Eswatini,India,2.48
953,Eswatini,Singapore,1.58
954,Eswatini,China,4.32
955,Eswatini,United Kingdom,2.71
956,Eswatini,Kenya,3.66
957,Eswatini,Mozambique,3.46
958,Eswatini,United States,1.3
959,Luxembourg,Germany,26.91
960,Luxembourg,France,11.52
961,Luxembourg,Italy,3.89
962,Luxembourg,Netherlands,5.67
963,Luxembourg,United States,6.63
964,Luxembourg,Belgium,22.9
965,Macao,"Other Asia, nes",0.29
966,Macao,"Hong Kong, China",8.88
967,Macao,China,6.84
968,Macao,Switzerland,7.87
969,Macao,France,8.0
970,Macao,Japan,1.94
971,Macao,Italy,7.88
972,Morocco,Germany,5.88
973,Morocco,India,3.32
974,Morocco,France,13.22
975,Morocco,China,9.12
976,Morocco,Italy,4.65
977,Morocco,Spain,15.72
978,Morocco,United States,3.48
979,Moldova,Germany,6.19
980,Moldova,Romania,13.72
981,Moldova,China,9.79
982,Moldova,United Kingdom,5.59
983,Moldova,Russian Federation,11.4
984,Moldova,Italy,9.67
985,Moldova,Ukraine,9.55
986,Madagascar,United Arab Emirates,5.63
987,Madagascar,China,6.39
988,Madagascar,Germany,8.4
989,Madagascar,France,6.94
990,Madagascar,India,6.53
991,Madagascar,Japan,5.1
992,Madagascar,Saudi Arabia,5.04
993,Madagascar,United States,12.95
994,Maldives,United Arab Emirates,15.68
995,Maldives,Thailand,34.42
996,Maldives,Germany,8.73
997,Maldives,Sri Lanka,10.19
998,Maldives,India,12.95
999,Maldives,Singapore,14.35
1000,Maldives,China,13.42
1001,Maldives,France,8.79
1002,Maldives,United States,8.86
1003,North Macedonia,Germany,47.0
1004,North Macedonia,United Kingdom,10.76
1005,North Macedonia,Bulgaria,5.15
1006,North Macedonia,China,6.23
1007,North Macedonia,"Serbia, FR(Serbia/Montenegro)",8.86
1008,North Macedonia,Greece,7.36
1009,North Macedonia,Italy,3.66
1010,North Macedonia,Belgium,3.96
1011,Mali,Germany,4.41
1012,Mali,Cote d'Ivoire,9.83
1013,Mali,Switzerland,15.04
1014,Mali,France,8.62
1015,Mali,Burkina Faso,3.86
1016,Mali,China,15.62
1017,Mali,United Arab Emirates,7.61
1018,Mali,South Africa,46.96
1019,Mali,Senegal,19.41
1020,Myanmar,Japan,7.99
1021,Myanmar,Thailand,19.2
1022,Myanmar,China,40.84
1023,Myanmar,India,8.89
1024,Myanmar,Singapore,14.45
1025,Mongolia,Japan,9.9
1026,Mongolia,China,78.98
1027,Mongolia,Germany,0.88
1028,Mongolia,"Korea, Rep.",5.93
1029,Mongolia,United Kingdom,16.01
1030,Mongolia,Russian Federation,1.13
1031,Mongolia,Italy,0.68
1032,Mongolia,United States,4.17
1033,Montenegro,Germany,10.55
1034,Montenegro,Bosnia and Herzegovina,8.3
1035,Montenegro,China,5.9
1036,Montenegro,"Serbia, FR(Serbia/Montenegro)",25.56
1037,Montenegro,Italy,7.43
1038,Montenegro,Hungary,10.88
1039,Mozambique,South Africa,29.98
1040,Mozambique,United Arab Emirates,7.16
1041,Mozambique,China,4.26
1042,Mozambique,India,20.16
1043,Mozambique,Singapore,8.05
1044,Mozambique,Netherlands,20.93
1045,Mauritania,United Arab Emirates,11.89
1046,Mauritania,China,36.94
1047,Mauritania,Switzerland,13.54
1048,Mauritania,Netherlands,7.08
1049,Mauritania,Japan,7.56
1050,Mauritania,Russian Federation,4.83
1051,Mauritania,Spain,8.9
1052,Mauritania,United States,13.44
1053,Mauritania,Belgium,9.16
1054,Montserrat,United Kingdom,5.9
1055,Montserrat,Japan,3.9
1056,Montserrat,St. Kitts and Nevis,9.91
1057,Montserrat,India,3.06
1058,Montserrat,Trinidad and Tobago,5.9
1059,Montserrat,France,46.45
1060,Montserrat,Anguila,17.84
1061,Montserrat,United States,60.33
1062,Montserrat,Antigua and Barbuda,7.48
1063,Montserrat,British Virgin Islands,10.6
1064,Malawi,Zambia,8.63
1065,Malawi,South Africa,17.71
1066,Malawi,United Arab Emirates,8.86
1067,Malawi,China,5.45
1068,Malawi,India,11.55
1069,Malawi,United States,5.63
1070,Malawi,Mozambique,7.72
1071,Malawi,Belgium,16.91
1072,Zambia,"Congo, Dem. Rep.",6.61
1073,Zambia,South Africa,33.07
1074,Zambia,Mauritius,4.88
1075,Zambia,China,18.96
1076,Zambia,Switzerland,38.91
1077,Zambia,Kuwait,7.57
1078,Zambia,Singapore,5.75
1079,Niger,Thailand,11.6
1080,Niger,Nigeria,5.83
1081,Niger,France,28.34
1082,Niger,China,16.17
1083,Niger,Mali,5.63
1084,Niger,Malaysia,11.12
1085,Niger,United States,7.77
1086,Nepal,Thailand,1.24
1087,Nepal,United Arab Emirates,2.37
1088,Nepal,India,54.14
1089,Nepal,Germany,4.04
1090,Nepal,China,14.05
1091,Nepal,United States,12.14
1092,Nepal,Indonesia,1.25
1093,Nepal,Turkey,3.77
1094,Nepal,Singapore,5.01
1095,Oman,Japan,6.94
1096,Oman,United Arab Emirates,7.0
1097,Oman,India,3.84
1098,Oman,Iraq,6.97
1099,Oman,China,13.42
1100,Oman,Pakistan,4.1
1101,Oman,United States,7.65
1102,Philippines,Japan,11.87
1103,Philippines,Thailand,7.83
1104,Philippines,"Hong Kong, China",11.69
1105,Philippines,China,11.0
1106,Philippines,"Korea, Rep.",6.54
1107,Philippines,United States,15.4
1108,Philippines,Singapore,6.57
1109,Palau,Japan,13.01
1110,Palau,"Other Asia, nes",1.9
1111,Palau,"Korea, Rep.",7.24
1112,Palau,Singapore,11.38
1113,Palau,China,5.21
1114,Palau,Guam,3.88
1115,Palau,United States,8.8
1116,Paraguay,Chile,6.11
1117,Paraguay,Brazil,35.42
1118,Paraguay,China,27.13
1119,Paraguay,Netherlands,4.31
1120,Paraguay,Argentina,10.01
1121,Paraguay,Russian Federation,7.71
1122,Paraguay,Italy,3.64
1123,Paraguay,United States,8.19
1124,Occ.Pal.Terr,Germany,3.47
1125,Occ.Pal.Terr,Jordan,5.56
1126,Occ.Pal.Terr,Israel,83.2
1127,Occ.Pal.Terr,Saudi Arabia,1.98
1128,Occ.Pal.Terr,China,7.13
1129,Occ.Pal.Terr,United Arab Emirates,2.51
1130,Occ.Pal.Terr,Kuwait,1.18
1131,Occ.Pal.Terr,Turkey,8.89
1132,French Polynesia,"Hong Kong, China",16.67
1133,French Polynesia,"Korea, Rep.",5.86
1134,French Polynesia,France,29.48
1135,French Polynesia,China,10.87
1136,French Polynesia,Japan,13.32
1137,French Polynesia,Netherlands,19.29
1138,French Polynesia,New Zealand,7.5
1139,French Polynesia,United States,9.21
1140,Rwanda,Kenya,15.98
1141,Rwanda,Burundi,5.01
1142,Rwanda,United Arab Emirates,10.94
1143,Rwanda,Switzerland,10.02
1144,Rwanda,India,12.14
1145,Rwanda,China,17.5
1146,Rwanda,Uganda,7.14
1147,Rwanda,"Congo, Dem. Rep.",33.12
1148,Solomon Islands,Japan,6.69
1149,Solomon Islands,Philippines,3.71
1150,Solomon Islands,China,62.5
1151,Solomon Islands,India,3.94
1152,Solomon Islands,Singapore,15.53
1153,Solomon Islands,Malaysia,10.51
1154,Solomon Islands,United Kingdom,4.42
1155,Solomon Islands,Italy,6.98
1156,Solomon Islands,Australia,20.38
1157,Sierra Leone,United Arab Emirates,7.27
1158,Sierra Leone,Cote d'Ivoire,34.69
1159,Sierra Leone,China,7.18
1160,Sierra Leone,India,7.84
1161,Sierra Leone,Netherlands,3.65
1162,Sierra Leone,Senegal,6.22
1163,Sierra Leone,United States,31.01
1164,Sierra Leone,Belgium,19.34
1165,Sao Tome and Principe,Japan,2.36
1166,Sao Tome and Principe,Angola,1.11
1167,Sao Tome and Principe,Germany,4.06
1168,Sao Tome and Principe,China,5.37
1169,Sao Tome and Principe,Portugal,59.1
1170,Sao Tome and Principe,Netherlands,2.4
1171,Sao Tome and Principe,Spain,2.11
1172,Sao Tome and Principe,Free Zones,89.99
1173,Sudan,United Arab Emirates,31.92
1174,Sudan,China,12.59
1175,Sudan,India,6.62
1176,Sudan,Saudi Arabia,13.33
1177,Sudan,"Egypt, Arab Rep.",5.97
1178,Sudan,Russian Federation,18.34
1179,Sudan,Italy,7.81
1180,Seychelles,South Africa,5.83
1181,Seychelles,United Arab Emirates,26.35
1182,Seychelles,Germany,3.92
1183,Seychelles,France,5.77
1184,Seychelles,United Kingdom,15.37
1185,Seychelles,Italy,10.57
1186,Seychelles,Cayman Islands,33.41
1187,Seychelles,Spain,5.57
1188,Tajikistan,Kazakhstan,21.67
1189,Tajikistan,Switzerland,11.04
1190,Tajikistan,Turkmenistan,3.04
1191,Tajikistan,Afghanistan,8.34
1192,Tajikistan,China,27.75
1193,Tajikistan,Russian Federation,5.63
1194,Tajikistan,Turkey,22.32
1195,Tunisia,Germany,10.54
1196,Tunisia,France,15.44
1197,Tunisia,China,9.34
1198,Tunisia,Algeria,4.89
1199,Tunisia,Italy,17.41
1200,Tunisia,Turkey,4.4
1201,Uruguay,Germany,4.74
1202,Uruguay,China,12.8
1203,Uruguay,Brazil,17.2
1204,Uruguay,Argentina,5.23
1205,Uruguay,United States,6.48
1206,Uruguay,Free Zones,18.87
1207,St. Vincent and the Grenadines,United Kingdom,6.31
1208,St. Vincent and the Grenadines,Japan,3.6
1209,St. Vincent and the Grenadines,Dominica,8.21
1210,St. Vincent and the Grenadines,Trinidad and Tobago,15.72
1211,St. Vincent and the Grenadines,China,5.64
1212,St. Vincent and the Grenadines,Barbados,17.3
1213,St. Vincent and the Grenadines,St. Lucia,17.44
1214,St. Vincent and the Grenadines,United States,40.86
1215,St. Vincent and the Grenadines,Antigua and Barbuda,14.66
1216, World,Germany,6.17
1217, World,Japan,4.61
1218, World,"Hong Kong, China",3.85
1219, World,China,8.54
1220, World,"Korea, Rep.",3.35
1221, World,United Kingdom,3.95
1222, World,United States,13.0
1223,Samoa,"Other Asia, nes",5.27
1224,Samoa,American Samoa,25.78
1225,Samoa,New Zealand,23.92
1226,Samoa,Singapore,14.61
1227,Samoa,China,14.07
1228,Samoa,Australia,10.33
1229,Samoa,United States,6.68
1230,Zimbabwe,Zambia,2.16
1231,Zimbabwe,South Africa,40.82
1232,Zimbabwe,India,3.13
1233,Zimbabwe,Singapore,20.96
1234,Zimbabwe,China,7.02
1235,Zimbabwe,United Arab Emirates,3.49
1236,Zimbabwe,Mozambique,8.03
1237,Zimbabwe,Special Categories,14.61
