,source,target,2017
0,Aruba,Netherlands,9.71
1,Aruba,Colombia,19.98
2,Aruba,Panama,2.77
3,Aruba,United States,21.27
4,Aruba,Venezuela,13.39
5,Netherlands,Germany,22.86
6,Netherlands,United Kingdom,8.39
7,Netherlands,China,8.83
8,Netherlands,France,8.06
9,Netherlands,United States,4.23
10,Netherlands,Belgium,10.32
11,Colombia,Germany,4.07
12,Colombia,Panama,6.84
13,Colombia,China,5.29
14,Colombia,Mexico,4.07
15,Colombia,Brazil,4.96
16,Colombia,Netherlands,4.08
17,Colombia,United States,29.16
18,Panama,Mexico,4.3
19,Panama,Costa Rica,6.64
20,Panama,Singapore,6.93
21,Panama,China,19.87
22,Panama,Colombia,8.6
23,Panama,Free Zones,12.72
24,Panama,United States,20.3
25,Panama,Dominican Republic,4.74
26,United States,Germany,4.99
27,United States,Japan,5.81
28,United States,Canada,12.71
29,United States,China,8.4
30,United States,Mexico,15.75
31,United States,United Kingdom,3.64
32,Afghanistan,India,42.81
33,Afghanistan,Iraq,1.75
34,Afghanistan,Kazakhstan,11.12
35,Afghanistan,China,15.13
36,Afghanistan,Pakistan,42.94
37,Afghanistan,Uzbekistan,7.19
38,Afghanistan,"Iran, Islamic Rep.",2.18
39,Afghanistan,Turkey,2.65
40,India,United Arab Emirates,9.73
41,India,"Hong Kong, China",5.1
42,India,China,4.24
43,India,Switzerland,4.6
44,India,Saudi Arabia,4.75
45,India,United States,15.63
46,India,Singapore,3.93
47,Kazakhstan,Germany,5.02
48,Kazakhstan,China,11.95
49,Kazakhstan,Switzerland,6.39
50,Kazakhstan,Russian Federation,9.56
51,Kazakhstan,Italy,17.87
52,Kazakhstan,Netherlands,9.79
53,Kazakhstan,United States,4.24
54,China,Vietnam,3.16
55,China,Japan,8.99
56,China,"Hong Kong, China",12.34
57,China,"Korea, Rep.",9.63
58,China,China,7.18
59,China,"Other Asia, nes",8.46
60,China,United States,19.01
61,Pakistan,United Arab Emirates,13.1
62,Pakistan,China,6.89
63,Pakistan,Germany,5.88
64,Pakistan,Afghanistan,6.35
65,Pakistan,United Kingdom,7.47
66,Pakistan,Saudi Arabia,4.75
67,Pakistan,United States,16.27
68,Pakistan,Indonesia,4.5
69,"Iran, Islamic Rep.",Germany,5.95
70,"Iran, Islamic Rep.",United Arab Emirates,6.33
71,"Iran, Islamic Rep.","Other Asia, nes",42.35
72,"Iran, Islamic Rep.",China,8.56
73,"Iran, Islamic Rep.","Korea, Rep.",7.13
74,"Iran, Islamic Rep.",Iraq,6.07
75,"Iran, Islamic Rep.",Turkey,6.17
76,Turkey,Germany,9.94
77,Turkey,Iraq,6.15
78,Turkey,China,9.95
79,Turkey,United Arab Emirates,5.63
80,Turkey,United Kingdom,6.04
81,Turkey,Russian Federation,8.42
82,Turkey,Italy,5.08
83,Turkey,United States,5.63
84,Angola,South Africa,5.11
85,Angola,"Other Asia, nes",3.98
86,Angola,China,55.83
87,Angola,India,8.28
88,Angola,Brazil,5.63
89,Angola,Portugal,16.57
90,Angola,Canada,3.09
91,Angola,United States,6.79
92,South Africa,Germany,6.59
93,South Africa,China,9.83
94,South Africa,India,4.71
95,South Africa,Japan,4.72
96,South Africa,Saudi Arabia,4.63
97,South Africa,United States,7.5
98,"Other Asia, nes",Germany,3.55
99,"Other Asia, nes",Japan,16.18
100,"Other Asia, nes","Hong Kong, China",12.99
101,"Other Asia, nes",China,28.04
102,"Other Asia, nes","Korea, Rep.",6.52
103,"Other Asia, nes",United States,11.66
104,"Other Asia, nes",Singapore,5.56
105,Brazil,Germany,5.89
106,Brazil,China,22.09
107,Brazil,"Korea, Rep.",3.31
108,Brazil,Japan,2.45
109,Brazil,Argentina,8.2
110,Brazil,Netherlands,3.45
111,Brazil,United States,12.63
112,Portugal,Germany,11.38
113,Portugal,France,7.33
114,Portugal,Netherlands,5.37
115,Portugal,United Kingdom,6.63
116,Portugal,Spain,32.29
117,Portugal,Italy,5.41
118,Portugal,United States,5.17
119,Canada,Germany,3.2
120,Canada,Japan,3.12
121,Canada,China,4.33
122,Canada,Mexico,1.44
123,Canada,United Kingdom,3.25
124,Canada,United States,75.84
125,Albania,Germany,3.98
126,Albania,Greece,4.25
127,Albania,China,7.9
128,Albania,"Serbia, FR(Serbia/Montenegro)",9.43
129,Albania,Italy,53.5
130,Albania,Turkey,8.11
131,Albania,Spain,5.49
132,Germany,China,6.83
133,Germany,France,6.18
134,Germany,Netherlands,6.11
135,Germany,United Kingdom,6.6
136,Germany,Italy,5.12
137,Germany,United States,8.86
138,Greece,Germany,7.08
139,Greece,"Korea, Rep.",6.46
140,Greece,Bulgaria,4.73
141,Greece,Russian Federation,7.03
142,Greece,Iraq,6.42
143,Greece,Italy,10.64
144,Greece,Cyprus,6.06
145,Greece,Turkey,6.86
146,"Serbia, FR(Serbia/Montenegro)",Germany,12.57
147,"Serbia, FR(Serbia/Montenegro)",Montenegro,4.82
148,"Serbia, FR(Serbia/Montenegro)",Bosnia and Herzegovina,8.03
149,"Serbia, FR(Serbia/Montenegro)",China,8.22
150,"Serbia, FR(Serbia/Montenegro)",Russian Federation,5.87
151,"Serbia, FR(Serbia/Montenegro)",Italy,13.19
152,"Serbia, FR(Serbia/Montenegro)",Hungary,4.84
153,Italy,Germany,12.48
154,Italy,France,8.74
155,Italy,China,7.09
156,Italy,Netherlands,5.66
157,Italy,United Kingdom,5.16
158,Italy,Spain,5.33
159,Italy,United States,9.0
160,Spain,Germany,11.09
161,Spain,France,11.04
162,Spain,China,8.54
163,Spain,United Kingdom,6.79
164,Spain,Italy,8.02
165,Spain,Portugal,7.26
166,Spain,United States,4.49
167,Andorra,Germany,3.43
168,Andorra,Norway,5.55
169,Andorra,France,13.92
170,Andorra,China,3.68
171,Andorra,United Arab Emirates,1.87
172,Andorra,Italy,1.91
173,Andorra,Spain,64.1
174,Norway,Germany,15.52
175,Norway,Sweden,6.61
176,Norway,"Korea, Rep.",6.77
177,Norway,China,9.83
178,Norway,United Kingdom,21.11
179,Norway,France,6.44
180,Norway,Netherlands,9.94
181,Norway,United States,6.8
182,France,Germany,14.83
183,France,China,9.04
184,France,Italy,7.59
185,France,Spain,7.68
186,France,United States,7.34
187,France,Belgium,6.73
188,United Arab Emirates,Germany,4.47
189,United Arab Emirates,Japan,5.32
190,United Arab Emirates,India,4.6
191,United Arab Emirates,Iraq,3.41
192,United Arab Emirates,Saudi Arabia,4.63
193,United Arab Emirates,China,18.22
194,United Arab Emirates,"Iran, Islamic Rep.",4.52
195,United Arab Emirates,United States,8.9
196,Japan,"Other Asia, nes",5.82
197,Japan,"Hong Kong, China",5.08
198,Japan,China,19.02
199,Japan,"Korea, Rep.",4.18
200,Japan,Saudi Arabia,4.13
201,Japan,Australia,5.79
202,Japan,United States,19.35
203,Saudi Arabia,Germany,5.85
204,Saudi Arabia,United Arab Emirates,3.64
205,Saudi Arabia,China,2.8
206,Saudi Arabia,India,1.29
207,Saudi Arabia,France,4.33
208,Saudi Arabia,United States,13.53
209,Saudi Arabia,Singapore,1.39
210,Argentina,Germany,4.83
211,Argentina,Vietnam,3.89
212,Argentina,Chile,4.49
213,Argentina,China,7.41
214,Argentina,Mexico,3.11
215,Argentina,Brazil,15.94
216,Argentina,United States,7.74
217,Vietnam,Japan,7.93
218,Vietnam,Thailand,5.02
219,Vietnam,"Hong Kong, China",3.52
220,Vietnam,China,16.45
221,Vietnam,"Korea, Rep.",22.02
222,Vietnam,"Other Asia, nes",5.96
223,Vietnam,United States,19.31
224,Chile,Germany,4.01
225,Chile,China,27.38
226,Chile,Brazil,4.96
227,Chile,"Korea, Rep.",6.16
228,Chile,Japan,9.22
229,Chile,Argentina,4.5
230,Chile,United States,14.59
231,Mexico,Germany,1.7
232,Mexico,Japan,4.33
233,Mexico,China,1.63
234,Mexico,"Korea, Rep.",3.75
235,Mexico,Spain,1.03
236,Mexico,United States,79.93
237,Mexico,Canada,2.77
238,Armenia,Germany,5.92
239,Armenia,Switzerland,11.49
240,Armenia,Bulgaria,13.13
241,Armenia,China,11.96
242,Armenia,Russian Federation,25.2
243,Armenia,Turkey,5.69
244,Armenia,Georgia,6.76
245,Armenia,"Iran, Islamic Rep.",4.48
246,Switzerland,Germany,15.14
247,Switzerland,United Kingdom,7.25
248,Switzerland,China,8.18
249,Switzerland,India,6.65
250,Switzerland,France,6.5
251,Switzerland,Italy,7.53
252,Switzerland,United States,12.25
253,Bulgaria,Germany,12.86
254,Bulgaria,Romania,7.05
255,Bulgaria,Greece,6.16
256,Bulgaria,Russian Federation,10.24
257,Bulgaria,Italy,7.93
258,Bulgaria,Turkey,8.89
259,Russian Federation,Germany,6.91
260,Russian Federation,China,10.99
261,Russian Federation,Belarus,5.12
262,Russian Federation,Italy,4.49
263,Russian Federation,Netherlands,10.08
264,Russian Federation,Turkey,5.02
265,Russian Federation,United States,5.49
266,Georgia,Germany,5.64
267,Georgia,China,7.35
268,Georgia,Armenia,7.78
269,Georgia,Azerbaijan,9.99
270,Georgia,Russian Federation,14.49
271,Georgia,Turkey,7.89
272,Antigua and Barbuda,United Kingdom,20.87
273,Antigua and Barbuda,Japan,3.71
274,Antigua and Barbuda,China,4.29
275,Antigua and Barbuda,Bermuda,13.89
276,Antigua and Barbuda,Spain,22.27
277,Antigua and Barbuda,United States,13.54
278,United Kingdom,Germany,10.56
279,United Kingdom,France,5.69
280,United Kingdom,China,9.34
281,United Kingdom,Netherlands,6.24
282,United Kingdom,Ireland,5.69
283,United Kingdom,United States,13.38
284,Bermuda,United Kingdom,4.36
285,Bermuda,Norway,3.8
286,Bermuda,Canada,9.48
287,Bermuda,China,2.55
288,Bermuda,"Bahamas, The",1.76
289,Bermuda,Italy,2.5
290,Bermuda,United States,81.18
291,Australia,Japan,7.23
292,Australia,China,29.7
293,Australia,India,4.71
294,Australia,"Korea, Rep.",6.96
295,Australia,United States,10.34
296,"Korea, Rep.",Germany,4.13
297,"Korea, Rep.",Vietnam,8.32
298,"Korea, Rep.",Japan,11.52
299,"Korea, Rep.","Hong Kong, China",6.81
300,"Korea, Rep.",China,24.78
301,"Korea, Rep.",Saudi Arabia,4.09
302,"Korea, Rep.",United States,12.0
303,Austria,Germany,29.71
304,Austria,Switzerland,5.22
305,Austria,China,5.72
306,Austria,France,4.85
307,Austria,Italy,6.25
308,Austria,Czech Republic,4.3
309,Austria,United States,6.6
310,Czech Republic,Germany,32.6
311,Czech Republic,Poland,5.99
312,Czech Republic,Slovak Republic,7.64
313,Czech Republic,China,12.58
314,Czech Republic,United Kingdom,4.95
315,Czech Republic,France,5.09
316,Czech Republic,Italy,4.23
317,Azerbaijan,China,9.75
318,Azerbaijan,Russian Federation,3.84
319,Azerbaijan,Italy,34.97
320,Azerbaijan,Turkey,9.11
321,Azerbaijan,Israel,4.17
322,Azerbaijan,Canada,3.88
323,Azerbaijan,United States,8.22
324,Azerbaijan,Ukraine,5.25
325,Israel,Germany,6.83
326,Israel,United Kingdom,8.45
327,Israel,"Hong Kong, China",6.9
328,Israel,China,5.41
329,Israel,Switzerland,7.96
330,Israel,United States,27.89
331,Ukraine,Germany,10.52
332,Ukraine,Poland,6.28
333,Ukraine,India,5.08
334,Ukraine,China,11.41
335,Ukraine,Russian Federation,9.08
336,Ukraine,Italy,5.7
337,Ukraine,Turkey,5.79
338,Ukraine,Belarus,6.48
339,Burundi,United Arab Emirates,25.61
340,Burundi,Tanzania,7.56
341,Burundi,Switzerland,5.91
342,Burundi,Germany,5.91
343,Burundi,India,13.99
344,Burundi,China,13.79
345,Burundi,Pakistan,9.24
346,Burundi,Saudi Arabia,9.41
347,Burundi,"Congo, Dem. Rep.",17.84
348,Tanzania,Vietnam,7.53
349,Tanzania,South Africa,5.35
350,Tanzania,United Arab Emirates,7.68
351,Tanzania,India,23.53
352,Tanzania,Switzerland,6.28
353,Tanzania,China,19.37
354,Tanzania,Saudi Arabia,6.04
355,Tanzania,Kenya,6.98
356,Belgium,Germany,16.53
357,Belgium,United Kingdom,7.18
358,Belgium,France,10.69
359,Belgium,Netherlands,11.53
360,Belgium,United States,5.67
361,Benin,Vietnam,13.88
362,Benin,Thailand,13.67
363,Benin,Nigeria,10.01
364,Benin,India,10.46
365,Benin,France,6.83
366,Benin,China,8.4
367,Benin,Netherlands,6.89
368,Benin,Malaysia,11.41
369,Benin,Bangladesh,12.57
370,Thailand,Vietnam,4.9
371,Thailand,Japan,14.47
372,Thailand,"Hong Kong, China",5.2
373,Thailand,China,12.47
374,Thailand,Malaysia,5.23
375,Thailand,"Other Asia, nes",3.68
376,Thailand,United States,11.26
377,Nigeria,India,17.85
378,Nigeria,China,18.7
379,Nigeria,Netherlands,8.47
380,Nigeria,France,7.67
381,Nigeria,Spain,9.9
382,Nigeria,United States,12.76
383,Nigeria,Belgium,12.86
384,Malaysia,Japan,7.59
385,Malaysia,Thailand,5.4
386,Malaysia,China,13.47
387,Malaysia,Singapore,11.09
388,Malaysia,"Other Asia, nes",6.55
389,Malaysia,United States,9.51
390,Burkina Faso,Cote d'Ivoire,10.3
391,Burkina Faso,India,9.95
392,Burkina Faso,Switzerland,59.19
393,Burkina Faso,France,8.45
394,Burkina Faso,China,14.46
395,Burkina Faso,Netherlands,6.69
396,Burkina Faso,United States,7.0
397,Burkina Faso,Singapore,9.07
398,Cote d'Ivoire,Vietnam,6.41
399,Cote d'Ivoire,Germany,4.9
400,Cote d'Ivoire,France,11.05
401,Cote d'Ivoire,India,4.72
402,Cote d'Ivoire,China,13.48
403,Cote d'Ivoire,Netherlands,11.98
404,Cote d'Ivoire,United States,9.53
405,Cote d'Ivoire,Spain,9.05
406,Cote d'Ivoire,Nigeria,9.22
407,Singapore,Japan,6.25
408,Singapore,"Hong Kong, China",12.33
409,Singapore,China,14.48
410,Singapore,Indonesia,7.49
411,Singapore,Malaysia,10.6
412,Singapore,"Other Asia, nes",8.28
413,Singapore,United States,6.48
414,Romania,Germany,22.96
415,Romania,Poland,5.46
416,Romania,France,5.3
417,Romania,United Kingdom,4.09
418,Romania,Italy,11.24
419,Romania,Hungary,7.48
420,Bahrain,Japan,4.64
421,Bahrain,United Arab Emirates,6.65
422,Bahrain,Saudi Arabia,14.83
423,Bahrain,China,9.51
424,Bahrain,Oman,3.92
425,Bahrain,United States,7.58
426,Oman,United Arab Emirates,6.85
427,Oman,India,2.84
428,Oman,Qatar,4.07
429,Oman,Saudi Arabia,3.99
430,Oman,China,5.91
431,"Bahamas, The",Japan,1.56
432,"Bahamas, The",China,0.89
433,"Bahamas, The",United Kingdom,1.98
434,"Bahamas, The",France,6.58
435,"Bahamas, The",Turks and Caicos Isl.,2.43
436,"Bahamas, The",Panama,0.92
437,"Bahamas, The",Netherlands,1.46
438,"Bahamas, The",United States,79.44
439,Bosnia and Herzegovina,Germany,14.43
440,Bosnia and Herzegovina,Croatia,10.06
441,Bosnia and Herzegovina,Slovenia,8.8
442,Bosnia and Herzegovina,China,6.52
443,Bosnia and Herzegovina,"Serbia, FR(Serbia/Montenegro)",11.29
444,Bosnia and Herzegovina,Italy,10.94
445,Croatia,Germany,12.33
446,Croatia,Bosnia and Herzegovina,9.77
447,Croatia,Slovenia,10.71
448,Croatia,Italy,13.61
449,Croatia,Hungary,7.56
450,Croatia,Austria,7.55
451,Slovenia,Germany,20.19
452,Slovenia,Croatia,4.45
453,Slovenia,China,6.31
454,Slovenia,France,5.62
455,Slovenia,Italy,11.51
456,Slovenia,Austria,7.96
457,Belarus,Germany,3.77
458,Belarus,Poland,3.9
459,Belarus,China,7.88
460,Belarus,United Kingdom,8.15
461,Belarus,Russian Federation,43.9
462,Belarus,Netherlands,3.77
463,Belarus,Ukraine,3.54
464,Poland,Germany,27.21
465,Poland,Czech Republic,6.35
466,Poland,France,3.85
467,Poland,China,12.15
468,Poland,United Kingdom,6.36
469,Poland,Russian Federation,6.77
470,Poland,Italy,4.91
471,Belize,Mexico,11.16
472,Belize,Jamaica,5.39
473,Belize,China,11.24
474,Belize,Barbados,4.73
475,Belize,United Kingdom,27.65
476,Belize,Italy,5.11
477,Belize,Curaçao,8.09
478,Belize,Guatemala,6.95
479,Belize,United States,26.3
480,Jamaica,Japan,6.29
481,Jamaica,Iceland,3.88
482,Jamaica,Trinidad and Tobago,5.14
483,Jamaica,China,6.27
484,Jamaica,United Kingdom,3.93
485,Jamaica,Netherlands,12.0
486,Jamaica,Colombia,4.86
487,Jamaica,United States,41.06
488,Jamaica,Canada,9.59
489,Barbados,Guyana,4.93
490,Barbados,United Kingdom,4.0
491,Barbados,Japan,2.84
492,Barbados,Trinidad and Tobago,7.52
493,Barbados,Jamaica,5.86
494,Barbados,China,5.78
495,Barbados,United States,25.84
496,Guatemala,Mexico,4.64
497,Guatemala,El Salvador,5.29
498,Guatemala,China,10.72
499,Guatemala,Nicaragua,5.11
500,Guatemala,Honduras,8.78
501,Guatemala,United States,34.49
502,Guatemala,Costa Rica,3.32
503,Bolivia,Brazil,17.43
504,Bolivia,"Korea, Rep.",7.52
505,Bolivia,China,21.99
506,Bolivia,Japan,7.07
507,Bolivia,Argentina,15.27
508,Bolivia,Peru,6.52
509,Bolivia,United States,7.8
510,Peru,Ecuador,3.95
511,Peru,China,26.28
512,Peru,India,4.44
513,Peru,Switzerland,5.31
514,Peru,Mexico,4.46
515,Peru,Brazil,6.17
516,Peru,"Korea, Rep.",4.83
517,Peru,United States,15.69
518,Guyana,Japan,2.85
519,Guyana,Panama,8.8
520,Guyana,Trinidad and Tobago,11.41
521,Guyana,Suriname,6.1
522,Guyana,China,8.92
523,Guyana,United Kingdom,7.11
524,Guyana,United States,15.95
525,Guyana,Canada,22.88
526,Trinidad and Tobago,Gabon,5.77
527,Trinidad and Tobago,Chile,3.77
528,Trinidad and Tobago,Guyana,3.53
529,Trinidad and Tobago,Brazil,7.94
530,Trinidad and Tobago,Jamaica,3.65
531,Trinidad and Tobago,China,9.02
532,Trinidad and Tobago,Russian Federation,7.42
533,Trinidad and Tobago,France,2.64
534,Trinidad and Tobago,United States,42.12
535,Brunei,Germany,5.57
536,Brunei,Thailand,10.98
537,Brunei,India,9.78
538,Brunei,"Korea, Rep.",14.17
539,Brunei,Singapore,18.45
540,Brunei,China,20.81
541,Brunei,Malaysia,11.23
542,Brunei,Japan,29.27
543,Brunei,United States,9.47
544,Botswana,South Africa,64.48
545,Botswana,United Arab Emirates,16.42
546,Botswana,Canada,8.75
547,Botswana,India,19.53
548,Botswana,Namibia,6.64
549,Botswana,Belgium,22.61
550,Botswana,Singapore,8.11
551,Namibia,Botswana,12.22
552,Namibia,Zambia,4.74
553,Namibia,South Africa,55.12
554,Namibia,Bulgaria,6.51
555,Namibia,China,4.83
556,Namibia,Switzerland,9.5
557,Central African Republic,Japan,6.07
558,Central African Republic,China,6.96
559,Central African Republic,Chad,4.55
560,Central African Republic,France,26.13
561,Central African Republic,Pakistan,3.94
562,Central African Republic,Benin,9.9
563,Central African Republic,Cameroon,12.15
564,Central African Republic,Belgium,8.14
565,Cameroon,Thailand,5.74
566,Cameroon,China,12.09
567,Cameroon,France,9.8
568,Cameroon,Togo,5.11
569,Cameroon,Italy,13.88
570,Cameroon,Spain,9.04
571,Cameroon,Netherlands,9.58
572,Cameroon,Nigeria,4.91
573,"Hong Kong, China",Japan,6.06
574,"Hong Kong, China",Thailand,2.43
575,"Hong Kong, China",China,54.16
576,"Hong Kong, China",India,3.83
577,"Hong Kong, China","Korea, Rep.",5.51
578,"Hong Kong, China",Singapore,6.4
579,"Hong Kong, China","Other Asia, nes",7.2
580,"Hong Kong, China",United States,7.71
581,Togo,Japan,5.14
582,Togo,Nigeria,6.75
583,Togo,Cote d'Ivoire,7.67
584,Togo,Ghana,4.11
585,Togo,France,10.92
586,Togo,Burkina Faso,15.48
587,Togo,China,20.85
588,Togo,Netherlands,4.26
589,Togo,Benin,12.37
590,Togo,Niger,8.84
591,"Congo, Rep.",China,36.28
592,"Congo, Rep.",Angola,6.3
593,"Congo, Rep.",Cameroon,5.14
594,"Congo, Rep.",France,7.87
595,"Congo, Rep.",Heard Island and McDonald Isla,10.19
596,"Congo, Rep.",Spain,11.2
597,"Congo, Rep.",Namibia,8.75
598,"Congo, Rep.",Belgium,8.06
599,Comoros,United Arab Emirates,6.56
600,Comoros,India,31.74
601,Comoros,Germany,8.21
602,Comoros,France,17.43
603,Comoros,China,9.2
604,Comoros,Madagascar,7.82
605,Comoros,Pakistan,15.87
606,Madagascar,South Africa,5.26
607,Madagascar,United Arab Emirates,7.42
608,Madagascar,China,6.21
609,Madagascar,Germany,6.97
610,Madagascar,France,6.4
611,Madagascar,India,7.47
612,Madagascar,Netherlands,4.81
613,Madagascar,United States,18.44
614,Cape Verde,Angola,0.5
615,Cape Verde,China,5.4
616,Cape Verde,Netherlands,4.59
617,Cape Verde,Italy,0.37
618,Cape Verde,Portugal,42.93
619,Cape Verde,Spain,12.6
620,Cape Verde,United States,2.33
621,Costa Rica,Panama,5.41
622,Costa Rica,Mexico,7.05
623,Costa Rica,China,13.1
624,Costa Rica,Nicaragua,5.07
625,Costa Rica,Guatemala,2.65
626,Costa Rica,Netherlands,5.61
627,Costa Rica,United States,40.86
628,Costa Rica,Belgium,6.45
629,Nicaragua,Honduras,6.68
630,Nicaragua,Mexico,6.57
631,Nicaragua,Costa Rica,6.34
632,Nicaragua,China,15.22
633,Nicaragua,El Salvador,5.6
634,Nicaragua,United States,58.64
635,Cyprus,Germany,6.92
636,Cyprus,Norway,6.5
637,Cyprus,Greece,7.72
638,Cyprus,"Korea, Rep.",6.86
639,Cyprus,Libya,8.98
640,Cyprus,China,7.15
641,Cyprus,United Kingdom,5.67
642,Cyprus,Bunkers,8.2
643,Cyprus,Italy,7.38
644,Libya,United Arab Emirates,8.32
645,Libya,China,8.41
646,Libya,France,6.53
647,Libya,Italy,34.9
648,Libya,Turkey,9.52
649,Libya,Spain,6.6
650,Slovak Republic,Germany,20.66
651,Slovak Republic,Czech Republic,10.43
652,Slovak Republic,"Korea, Rep.",5.75
653,Slovak Republic,China,7.45
654,Slovak Republic,Poland,7.74
655,Slovak Republic,France,6.29
656,Slovak Republic,Hungary,6.57
657,Denmark,Germany,14.25
658,Denmark,Sweden,10.65
659,Denmark,Norway,5.82
660,Denmark,China,7.33
661,Denmark,Netherlands,7.67
662,Denmark,United Kingdom,7.43
663,Denmark,Special Categories,15.1
664,Sweden,Denmark,6.82
665,Sweden,Germany,10.67
666,Sweden,Norway,10.08
667,Sweden,Finland,6.87
668,Sweden,China,5.46
669,Sweden,Netherlands,8.84
670,Sweden,United States,6.58
671,Dominican Republic,India,5.64
672,Dominican Republic,Mexico,4.6
673,Dominican Republic,Brazil,3.4
674,Dominican Republic,China,14.26
675,Dominican Republic,Haiti,11.8
676,Dominican Republic,United States,50.28
677,Dominican Republic,Spain,3.27
678,Dominican Republic,Canada,7.71
679,Algeria,Germany,7.0
680,Algeria,France,9.33
681,Algeria,China,18.06
682,Algeria,Brazil,6.05
683,Algeria,Italy,16.0
684,Algeria,Spain,6.8
685,Algeria,United States,9.85
686,Ecuador,Vietnam,7.66
687,Ecuador,Chile,6.47
688,Ecuador,Panama,4.93
689,Ecuador,Brazil,4.42
690,Ecuador,Peru,6.79
691,Ecuador,China,18.56
692,Ecuador,Colombia,8.08
693,Ecuador,United States,31.26
694,"Egypt, Arab Rep.",Germany,6.79
695,"Egypt, Arab Rep.",Saudi Arabia,5.95
696,"Egypt, Arab Rep.",China,12.15
697,"Egypt, Arab Rep.",United Arab Emirates,10.44
698,"Egypt, Arab Rep.",Italy,8.36
699,"Egypt, Arab Rep.",United States,5.2
700,"Egypt, Arab Rep.",Turkey,7.31
701,Estonia,Germany,6.86
702,Estonia,Sweden,12.74
703,Estonia,Finland,15.25
704,Estonia,Lithuania,6.09
705,Estonia,China,8.5
706,Estonia,Latvia,8.61
707,Estonia,Russian Federation,10.23
708,Finland,Germany,13.97
709,Finland,Sweden,10.19
710,Finland,China,7.31
711,Finland,Netherlands,6.66
712,Finland,Russian Federation,5.64
713,Finland,United States,6.49
714,Lithuania,Germany,7.24
715,Lithuania,Poland,8.06
716,Lithuania,Latvia,7.06
717,Lithuania,Russian Federation,15.16
718,Lithuania,Italy,5.15
719,Lithuania,United States,5.28
720,Latvia,Germany,7.2
721,Latvia,Sweden,6.06
722,Latvia,Poland,8.98
723,Latvia,Estonia,11.56
724,Latvia,Lithuania,17.53
725,Latvia,Russian Federation,9.01
726,Ethiopia(excludes Eritrea),China,12.51
727,Ethiopia(excludes Eritrea),Germany,5.86
728,Ethiopia(excludes Eritrea),India,7.19
729,Ethiopia(excludes Eritrea),Saudi Arabia,7.92
730,Ethiopia(excludes Eritrea),United Arab Emirates,5.43
731,Ethiopia(excludes Eritrea),Kuwait,5.64
732,Ethiopia(excludes Eritrea),Italy,4.72
733,Ethiopia(excludes Eritrea),United States,9.57
734,Kuwait,Germany,5.93
735,Kuwait,United Arab Emirates,1.07
736,Kuwait,India,1.38
737,Kuwait,Iraq,1.26
738,Kuwait,Saudi Arabia,1.2
739,Kuwait,China,16.38
740,Kuwait,United States,10.25
741,European Union,China,10.42
742,European Union,Switzerland,7.99
743,European Union,Russian Federation,4.55
744,European Union,Turkey,4.49
745,European Union,United States,19.75
746,Fiji,"Korea, Rep.",3.97
747,Fiji,New Zealand,17.27
748,Fiji,Singapore,19.15
749,Fiji,China,15.85
750,Fiji,Australia,16.6
751,Fiji,Bunkers,6.12
752,Fiji,United States,17.77
753,New Zealand,Germany,5.34
754,New Zealand,Japan,7.38
755,New Zealand,China,22.29
756,New Zealand,"Korea, Rep.",2.79
757,New Zealand,Australia,12.24
758,New Zealand,United States,9.94
759,Ireland,Germany,7.69
760,Ireland,United Kingdom,13.29
761,Ireland,Switzerland,5.06
762,Ireland,France,15.86
763,Ireland,China,5.34
764,Ireland,United States,27.11
765,Ireland,Belgium,10.86
766,Ghana,United Kingdom,8.64
767,Ghana,China,16.59
768,Ghana,India,18.73
769,Ghana,Switzerland,11.56
770,Ghana,South Africa,6.34
771,Ghana,Netherlands,6.16
772,Ghana,Spain,5.93
773,Ghana,United States,9.44
774,Ghana,Belgium,5.65
775,"Gambia, The",Vietnam,7.35
776,"Gambia, The",Cote d'Ivoire,14.7
777,"Gambia, The",China,8.21
778,"Gambia, The",India,8.19
779,"Gambia, The",Brazil,7.41
780,"Gambia, The",Mali,43.52
781,"Gambia, The",Senegal,21.79
782,"Gambia, The",Spain,6.44
783,"Gambia, The",Guinea-Bissau,14.85
784,Mali,Germany,3.6
785,Mali,Cote d'Ivoire,9.67
786,Mali,Switzerland,21.43
787,Mali,France,7.88
788,Mali,Burkina Faso,6.13
789,Mali,China,15.22
790,Mali,South Africa,41.01
791,Mali,Senegal,20.52
792,Mali,Bangladesh,5.84
793,Senegal,Cote d'Ivoire,4.67
794,Senegal,India,4.99
795,Senegal,Switzerland,10.08
796,Senegal,France,14.71
797,Senegal,China,9.73
798,Senegal,Netherlands,5.58
799,Senegal,Bunkers,5.08
800,Senegal,Mali,19.83
801,Senegal,Nigeria,7.92
802,Grenada,United Kingdom,4.27
803,Grenada,St. Vincent and the Grenadines,4.26
804,Grenada,Trinidad and Tobago,6.81
805,Grenada,Barbados,6.3
806,Grenada,Curaçao,4.18
807,Grenada,United States,18.02
808,Grenada,Belgium,9.44
809,St. Vincent and the Grenadines,United Kingdom,7.38
810,St. Vincent and the Grenadines,Dominica,13.71
811,St. Vincent and the Grenadines,Trinidad and Tobago,11.5
812,St. Vincent and the Grenadines,China,5.81
813,St. Vincent and the Grenadines,Barbados,18.5
814,St. Vincent and the Grenadines,St. Lucia,16.24
815,St. Vincent and the Grenadines,Italy,4.43
816,St. Vincent and the Grenadines,United States,37.87
817,St. Vincent and the Grenadines,Antigua and Barbuda,12.73
818,Greenland,Denmark,79.94
819,Greenland,Norway,0.89
820,Greenland,Poland,6.34
821,Greenland,France,2.39
822,Greenland,Iceland,5.24
823,Greenland,China,2.13
824,Greenland,Sweden,15.31
825,Greenland,Ireland,2.0
826,Iceland,Germany,7.59
827,Iceland,Norway,9.1
828,Iceland,China,6.93
829,Iceland,Netherlands,25.36
830,Iceland,United Kingdom,9.35
831,Iceland,Spain,13.41
832,Iceland,United States,6.98
833,El Salvador,Guatemala,13.75
834,El Salvador,Honduras,5.52
835,El Salvador,Mexico,8.3
836,El Salvador,Costa Rica,4.55
837,El Salvador,China,13.66
838,El Salvador,Nicaragua,7.48
839,El Salvador,United States,44.94
840,Honduras,Germany,7.92
841,Honduras,Mexico,7.43
842,Honduras,El Salvador,4.49
843,Honduras,China,15.05
844,Honduras,Guatemala,8.63
845,Honduras,Netherlands,5.88
846,Honduras,United States,40.24
847,Honduras,Belgium,7.01
848,Suriname,Guyana,5.56
849,Suriname,Japan,2.81
850,Suriname,"Hong Kong, China",15.71
851,Suriname,Switzerland,52.63
852,Suriname,Trinidad and Tobago,9.71
853,Suriname,China,8.56
854,Suriname,United Arab Emirates,5.17
855,Suriname,Netherlands,13.82
856,Suriname,United States,31.78
857,Suriname,Belgium,7.55
858,Hungary,Germany,27.35
859,Hungary,Romania,5.17
860,Hungary,Poland,5.6
861,Hungary,Slovak Republic,4.74
862,Hungary,China,5.07
863,Hungary,Italy,5.11
864,Hungary,Austria,6.17
865,Indonesia,Japan,9.71
866,Indonesia,Thailand,5.91
867,Indonesia,China,13.67
868,Indonesia,India,8.34
869,Indonesia,Singapore,10.76
870,Indonesia,Malaysia,5.64
871,Indonesia,United States,10.55
872,Jordan,Germany,4.41
873,Jordan,United Arab Emirates,4.87
874,Jordan,India,6.95
875,Jordan,Iraq,7.26
876,Jordan,Saudi Arabia,11.32
877,Jordan,China,13.55
878,Jordan,United States,21.46
879,Jordan,Free Zones,12.49
880,Kenya,Japan,4.73
881,Kenya,United Arab Emirates,8.02
882,Kenya,Uganda,10.4
883,Kenya,India,9.88
884,Kenya,China,22.64
885,Kenya,Pakistan,10.78
886,Kenya,United Kingdom,6.49
887,Kenya,Saudi Arabia,6.64
888,Kenya,Netherlands,7.39
889,Kenya,United States,7.96
890,Uganda,Kenya,19.02
891,Uganda,Japan,6.61
892,Uganda,Rwanda,6.26
893,Uganda,United Arab Emirates,15.33
894,Uganda,India,13.16
895,Uganda,China,17.62
896,Uganda,South Sudan,10.34
897,Uganda,"Congo, Dem. Rep.",6.53
898,Kyrgyz Republic,Kazakhstan,15.15
899,Kyrgyz Republic,Switzerland,27.84
900,Kyrgyz Republic,Uzbekistan,8.32
901,Kyrgyz Republic,China,33.29
902,Kyrgyz Republic,United Kingdom,10.88
903,Kyrgyz Republic,Russian Federation,15.09
904,Kyrgyz Republic,Turkey,5.01
905,Cambodia,Thailand,16.48
906,Cambodia,China,6.68
907,Cambodia,Germany,8.91
908,Cambodia,Singapore,4.27
909,Cambodia,Japan,7.54
910,Cambodia,United Kingdom,8.99
911,Cambodia,"Other Asia, nes",4.97
912,Cambodia,United States,21.35
913,Cambodia,Vietnam,11.78
914,Kiribati,Japan,8.55
915,Kiribati,Fiji,17.57
916,Kiribati,China,9.33
917,Kiribati,Australia,19.2
918,Kiribati,New Zealand,9.68
919,Kiribati,United States,12.64
920,Kiribati,Malaysia,42.93
921,St. Kitts and Nevis,Japan,2.66
922,St. Kitts and Nevis,Canada,2.68
923,St. Kitts and Nevis,Trinidad and Tobago,6.53
924,St. Kitts and Nevis,China,2.56
925,St. Kitts and Nevis,St. Lucia,6.82
926,St. Kitts and Nevis,United States,68.68
927,St. Kitts and Nevis,Antigua and Barbuda,2.81
928,St. Lucia,United Kingdom,7.92
929,St. Lucia,Trinidad and Tobago,7.95
930,St. Lucia,Barbados,2.82
931,St. Lucia,Japan,5.18
932,St. Lucia,United States,32.25
933,Lebanon,Germany,4.44
934,Lebanon,Angola,5.29
935,Lebanon,Qatar,3.19
936,Lebanon,China,10.96
937,Lebanon,"Congo, Rep.",51.56
938,Lebanon,South Africa,3.61
939,Lebanon,Syrian Arab Republic,29.57
940,Lebanon,Italy,10.79
941,Lebanon,Austria,27.11
942,Lebanon,United States,4.7
943,Qatar,Germany,6.94
944,Qatar,Japan,5.29
945,Qatar,United Arab Emirates,5.53
946,Qatar,China,10.73
947,Qatar,India,12.27
948,Qatar,"Korea, Rep.",15.84
949,Qatar,United States,16.44
950,Qatar,Singapore,9.34
951,Sri Lanka,Japan,4.87
952,Sri Lanka,United Arab Emirates,7.34
953,Sri Lanka,India,6.72
954,Sri Lanka,Germany,4.66
955,Sri Lanka,Singapore,6.06
956,Sri Lanka,China,19.65
957,Sri Lanka,United Kingdom,8.88
958,Sri Lanka,Italy,4.53
959,Sri Lanka,United States,24.87
960,Lesotho,Japan,1.63
961,Lesotho,South Africa,70.74
962,Lesotho,Eswatini,1.7
963,Lesotho,Germany,0.88
964,Lesotho,India,2.54
965,Lesotho,China,14.84
966,Lesotho,"Other Asia, nes",5.29
967,Lesotho,United States,45.46
968,Lesotho,Canada,0.8
969,Eswatini,South Africa,78.3
970,Eswatini,Nigeria,4.68
971,Eswatini,Tanzania,1.96
972,Eswatini,India,2.24
973,Eswatini,Singapore,1.19
974,Eswatini,China,6.51
975,Eswatini,Kenya,5.87
976,Eswatini,Mozambique,3.32
977,Eswatini,United States,1.29
978,Luxembourg,Germany,32.7
979,Luxembourg,France,11.88
980,Luxembourg,Italy,4.72
981,Luxembourg,Netherlands,6.76
982,Luxembourg,United States,5.2
983,Luxembourg,Belgium,24.23
984,Macao,"Hong Kong, China",8.94
985,Macao,China,20.79
986,Macao,Switzerland,7.37
987,Macao,France,7.44
988,Macao,Japan,2.07
989,Macao,Italy,9.31
990,Macao,Singapore,0.35
991,Morocco,Germany,6.05
992,Morocco,France,11.88
993,Morocco,China,9.05
994,Morocco,Brazil,2.95
995,Morocco,Italy,4.61
996,Morocco,Spain,16.88
997,Morocco,United States,3.94
998,Moldova,Germany,6.85
999,Moldova,Romania,14.38
1000,Moldova,China,10.46
1001,Moldova,United Kingdom,5.61
1002,Moldova,Russian Federation,10.5
1003,Moldova,Italy,9.73
1004,Moldova,Ukraine,10.58
1005,Maldives,United Arab Emirates,18.56
1006,Maldives,Thailand,48.62
1007,Maldives,Germany,7.2
1008,Maldives,India,12.02
1009,Maldives,Singapore,13.49
1010,Maldives,China,11.89
1011,Maldives,Malaysia,7.37
1012,Maldives,United Kingdom,5.72
1013,Maldives,France,6.97
1014,Maldives,United States,6.97
1015,North Macedonia,Germany,0.34
1016,North Macedonia,United Kingdom,10.1
1017,North Macedonia,China,0.18
1018,North Macedonia,Greece,0.77
1019,North Macedonia,Bulgaria,0.22
1020,North Macedonia,"Serbia, FR(Serbia/Montenegro)",7.64
1021,Malta,Germany,11.12
1022,Malta,United Kingdom,6.81
1023,Malta,France,4.89
1024,Malta,Libya,6.44
1025,Malta,Italy,11.11
1026,Malta,Bunkers,21.67
1027,Malta,Spain,4.68
1028,Myanmar,Japan,5.48
1029,Myanmar,Thailand,19.44
1030,Myanmar,China,38.89
1031,Myanmar,India,5.1
1032,Myanmar,Singapore,15.22
1033,Myanmar,Malaysia,5.19
1034,Mongolia,Japan,8.37
1035,Mongolia,"Other Asia, nes",0.42
1036,Mongolia,China,84.97
1037,Mongolia,"Korea, Rep.",4.56
1038,Mongolia,United Kingdom,10.65
1039,Mongolia,Russian Federation,1.09
1040,Mongolia,Italy,0.7
1041,Mongolia,United States,4.81
1042,Montenegro,Germany,8.51
1043,Montenegro,Bosnia and Herzegovina,12.7
1044,Montenegro,"Hong Kong, China",8.53
1045,Montenegro,China,9.61
1046,Montenegro,"Serbia, FR(Serbia/Montenegro)",17.77
1047,Montenegro,Italy,7.32
1048,Montenegro,Hungary,8.53
1049,Mozambique,South Africa,28.91
1050,Mozambique,United Arab Emirates,9.32
1051,Mozambique,China,5.35
1052,Mozambique,India,34.37
1053,Mozambique,Netherlands,10.01
1054,Mozambique,Italy,5.73
1055,Mauritania,United Arab Emirates,8.91
1056,Mauritania,China,35.1
1057,Mauritania,Switzerland,15.4
1058,Mauritania,"Korea, Rep.",18.08
1059,Mauritania,Norway,7.84
1060,Mauritania,Netherlands,6.14
1061,Mauritania,Japan,7.16
1062,Mauritania,Italy,5.08
1063,Mauritania,Spain,11.61
1064,Mauritania,Belgium,6.51
1065,Montserrat,United Kingdom,6.62
1066,Montserrat,Japan,3.8
1067,Montserrat,St. Kitts and Nevis,6.89
1068,Montserrat,Trinidad and Tobago,5.06
1069,Montserrat,France,34.78
1070,Montserrat,United States,11.27
1071,Montserrat,Antigua and Barbuda,21.71
1072,Montserrat,British Virgin Islands,7.44
1073,Mauritius,Japan,3.34
1074,Mauritius,South Africa,8.51
1075,Mauritius,France,8.02
1076,Mauritius,India,16.38
1077,Mauritius,China,16.4
1078,Mauritius,United Kingdom,11.87
1079,Mauritius,Italy,6.88
1080,Mauritius,United States,11.2
1081,Malawi,United Kingdom,5.3
1082,Malawi,South Africa,17.74
1083,Malawi,United Arab Emirates,6.78
1084,Malawi,China,4.95
1085,Malawi,Germany,5.99
1086,Malawi,India,10.95
1087,Malawi,"Egypt, Arab Rep.",5.84
1088,Malawi,Belgium,23.12
1089,Zambia,"Congo, Dem. Rep.",6.74
1090,Zambia,South Africa,30.8
1091,Zambia,United Arab Emirates,5.95
1092,Zambia,China,16.6
1093,Zambia,Switzerland,44.37
1094,Zambia,Kuwait,5.8
1095,Zambia,Singapore,6.19
1096,Niger,Thailand,10.42
1097,Niger,Nigeria,6.52
1098,Niger,Switzerland,2.58
1099,Niger,France,11.8
1100,Niger,China,13.02
1101,Niger,Benin,32.89
1102,Niger,Mali,5.19
1103,Niger,United States,13.9
1104,Nepal,United Arab Emirates,1.74
1105,Nepal,India,56.72
1106,Nepal,Germany,3.93
1107,Nepal,France,1.55
1108,Nepal,China,12.63
1109,Nepal,United Kingdom,3.42
1110,Nepal,United States,11.15
1111,Nepal,Turkey,6.42
1112,Philippines,Japan,11.58
1113,Philippines,Thailand,6.93
1114,Philippines,"Hong Kong, China",13.13
1115,Philippines,China,11.67
1116,Philippines,"Korea, Rep.",8.66
1117,Philippines,United States,14.07
1118,Palau,Japan,12.54
1119,Palau,"Korea, Rep.",7.31
1120,Palau,Singapore,15.27
1121,Palau,China,7.25
1122,Palau,Australia,8.32
1123,Palau,Guam,14.52
1124,Palau,United States,8.41
1125,Paraguay,Chile,7.25
1126,Paraguay,Brazil,31.97
1127,Paraguay,China,30.92
1128,Paraguay,Netherlands,3.84
1129,Paraguay,Argentina,13.1
1130,Paraguay,Russian Federation,6.91
1131,Paraguay,Turkey,3.33
1132,Paraguay,United States,8.3
1133,Occ.Pal.Terr,Germany,3.67
1134,Occ.Pal.Terr,Jordan,7.25
1135,Occ.Pal.Terr,Israel,82.51
1136,Occ.Pal.Terr,Saudi Arabia,1.43
1137,Occ.Pal.Terr,China,7.32
1138,Occ.Pal.Terr,United Arab Emirates,2.51
1139,Occ.Pal.Terr,Turkey,9.89
1140,Occ.Pal.Terr,United States,1.3
1141,French Polynesia,"Hong Kong, China",26.72
1142,French Polynesia,"Korea, Rep.",7.32
1143,French Polynesia,France,28.41
1144,French Polynesia,China,10.93
1145,French Polynesia,Japan,17.88
1146,French Polynesia,Ireland,5.62
1147,French Polynesia,New Zealand,7.15
1148,French Polynesia,United States,12.45
1149,Rwanda,Kenya,5.77
1150,Rwanda,United Arab Emirates,10.76
1151,Rwanda,"Hong Kong, China",10.04
1152,Rwanda,Thailand,5.61
1153,Rwanda,Switzerland,9.17
1154,Rwanda,India,10.33
1155,Rwanda,China,16.73
1156,Rwanda,Uganda,7.64
1157,Rwanda,Belgium,4.34
1158,Rwanda,"Congo, Dem. Rep.",29.73
1159,Solomon Islands,Philippines,3.52
1160,Solomon Islands,China,65.2
1161,Solomon Islands,India,3.64
1162,Solomon Islands,Switzerland,3.87
1163,Solomon Islands,Singapore,13.8
1164,Solomon Islands,Malaysia,12.73
1165,Solomon Islands,Italy,7.74
1166,Solomon Islands,Australia,19.92
1167,Solomon Islands,New Zealand,13.17
1168,Sierra Leone,United Arab Emirates,5.16
1169,Sierra Leone,Cote d'Ivoire,12.19
1170,Sierra Leone,China,13.02
1171,Sierra Leone,India,7.82
1172,Sierra Leone,United Kingdom,8.25
1173,Sierra Leone,Turkey,7.18
1174,Sierra Leone,Ghana,11.7
1175,Sierra Leone,Netherlands,23.03
1176,Sierra Leone,Belgium,6.43
1177,Sao Tome and Principe,Germany,5.73
1178,Sao Tome and Principe,Angola,19.8
1179,Sao Tome and Principe,China,5.04
1180,Sao Tome and Principe,France,16.08
1181,Sao Tome and Principe,Spain,16.63
1182,Sao Tome and Principe,Netherlands,29.6
1183,Sao Tome and Principe,Portugal,54.46
1184,Sao Tome and Principe,United States,1.83
1185,Sao Tome and Principe,Belgium,13.85
1186,Sao Tome and Principe,Nigeria,2.12
1187,Sudan,Ethiopia(excludes Eritrea),3.56
1188,Sudan,Japan,5.59
1189,Sudan,United Arab Emirates,40.24
1190,Sudan,China,17.32
1191,Sudan,India,6.86
1192,Sudan,Saudi Arabia,14.16
1193,Sudan,"Egypt, Arab Rep.",10.09
1194,Seychelles,United Arab Emirates,6.69
1195,Seychelles,Maldives,15.89
1196,Seychelles,Cayman Islands,46.32
1197,Seychelles,France,3.44
1198,Seychelles,Spain,3.95
1199,Seychelles,British Virgin Islands,17.28
1200,Tajikistan,Germany,3.83
1201,Tajikistan,Kazakhstan,32.97
1202,Tajikistan,"Other Asia, nes",5.02
1203,Tajikistan,Uzbekistan,5.8
1204,Tajikistan,Afghanistan,9.97
1205,Tajikistan,China,20.05
1206,Tajikistan,Russian Federation,32.58
1207,Tajikistan,Turkey,23.71
1208,East Timor,China,8.49
1209,East Timor,Germany,13.65
1210,East Timor,Singapore,13.09
1211,East Timor,Australia,5.94
1212,East Timor,Indonesia,31.88
1213,East Timor,"Hong Kong, China",10.11
1214,East Timor,United States,22.3
1215,East Timor,Vietnam,6.61
1216,Tunisia,Germany,11.59
1217,Tunisia,France,15.06
1218,Tunisia,China,8.98
1219,Tunisia,Italy,16.47
1220,Tunisia,Turkey,4.54
1221,Tunisia,Spain,3.79
1222,Uruguay,China,18.78
1223,Uruguay,Mexico,2.6
1224,Uruguay,Brazil,16.46
1225,Uruguay,Argentina,5.54
1226,Uruguay,United States,5.81
1227,Uruguay,Free Zones,16.42
1228, World,Germany,6.16
1229, World,Japan,4.47
1230, World,"Hong Kong, China",3.64
1231, World,China,9.07
1232, World,"Korea, Rep.",3.49
1233, World,United Kingdom,3.6
1234, World,United States,12.73
1235,Samoa,American Samoa,26.62
1236,Samoa,New Zealand,26.41
1237,Samoa,Singapore,16.56
1238,Samoa,China,9.06
1239,Samoa,Australia,10.5
1240,Samoa,United States,5.66
1241,Samoa,Tokelau,8.16
1242,Zimbabwe,Zambia,1.68
1243,Zimbabwe,Japan,2.48
1244,Zimbabwe,South Africa,40.58
1245,Zimbabwe,Singapore,22.26
1246,Zimbabwe,China,8.73
1247,Zimbabwe,United Arab Emirates,6.41
1248,Zimbabwe,Mozambique,10.48
