,source,target,2018
0,Aruba,Curaçao,13.74
1,Aruba,China,2.79
2,Aruba,Netherlands,12.69
3,Aruba,Colombia,21.46
4,Aruba,Panama,2.67
5,Aruba,United States,29.11
6,China,Vietnam,3.37
7,China,Japan,8.47
8,China,"Hong Kong, China",12.13
9,China,"Korea, Rep.",9.59
10,China,China,6.85
11,China,"Other Asia, nes",8.32
12,China,United States,19.28
13,Netherlands,Germany,22.69
14,Netherlands,United Kingdom,8.06
15,Netherlands,China,8.88
16,Netherlands,France,7.84
17,Netherlands,United States,4.63
18,Netherlands,Belgium,10.0
19,Colombia,Germany,4.24
20,Colombia,Panama,7.34
21,Colombia,China,9.7
22,Colombia,Mexico,7.71
23,Colombia,Brazil,5.52
24,Colombia,United States,27.07
25,Colombia,Turkey,4.04
26,Colombia,Ecuador,4.43
27,Panama,Mexico,3.88
28,Panama,Costa Rica,6.47
29,Panama,Singapore,7.36
30,Panama,China,19.81
31,Panama,Colombia,8.09
32,Panama,Free Zones,13.7
33,Panama,United States,22.26
34,Panama,Dominican Republic,4.66
35,United States,Germany,4.91
36,United States,Japan,5.59
37,United States,Canada,12.47
38,United States,China,7.21
39,United States,Mexico,15.94
40,United States,United Kingdom,3.98
41,Afghanistan,China,3.21
42,Afghanistan,India,40.64
43,Afghanistan,Kazakhstan,10.68
44,Afghanistan,Pakistan,42.86
45,Afghanistan,Uzbekistan,7.48
46,Afghanistan,"Iran, Islamic Rep.",2.29
47,Afghanistan,Turkey,2.49
48,India,United Arab Emirates,8.85
49,India,"Hong Kong, China",4.07
50,India,China,5.08
51,India,Iraq,4.6
52,India,Saudi Arabia,5.56
53,India,United States,16.02
54,India,Singapore,3.24
55,Kazakhstan,Germany,4.92
56,Kazakhstan,China,10.32
57,Kazakhstan,Russian Federation,8.64
58,Kazakhstan,France,6.28
59,Kazakhstan,Italy,19.2
60,Kazakhstan,Netherlands,10.12
61,Kazakhstan,United States,3.83
62,Pakistan,United Arab Emirates,14.41
63,Pakistan,China,7.69
64,Pakistan,Germany,5.55
65,Pakistan,Afghanistan,5.7
66,Pakistan,United Kingdom,7.32
67,Pakistan,Saudi Arabia,5.39
68,Pakistan,United States,16.09
69,Pakistan,Indonesia,4.16
70,"Iran, Islamic Rep.",Germany,5.95
71,"Iran, Islamic Rep.",United Arab Emirates,6.16
72,"Iran, Islamic Rep.","Other Asia, nes",43.04
73,"Iran, Islamic Rep.",China,9.54
74,"Iran, Islamic Rep.",Iraq,9.27
75,"Iran, Islamic Rep.",India,6.43
76,"Iran, Islamic Rep.",Turkey,6.26
77,Turkey,Germany,9.79
78,Turkey,Iraq,5.33
79,Turkey,China,9.3
80,Turkey,United Kingdom,6.48
81,Turkey,Russian Federation,9.82
82,Turkey,Italy,5.67
83,Turkey,United States,5.12
84,Turkey,Special Categories,4.75
85,Angola,China,60.28
86,Angola,India,9.27
87,Angola,Togo,5.95
88,Angola,Singapore,9.64
89,Angola,South Africa,2.82
90,Angola,Spain,3.04
91,Angola,Portugal,13.67
92,Angola,United States,3.37
93,Angola,Belgium,6.54
94,Togo,Cote d'Ivoire,7.6
95,Togo,India,7.01
96,Togo,France,7.84
97,Togo,Burkina Faso,15.12
98,Togo,China,19.7
99,Togo,Netherlands,5.5
100,Togo,Benin,18.84
101,Togo,United States,5.59
102,Togo,Niger,7.83
103,Togo,Nigeria,9.76
104,Singapore,Japan,5.98
105,Singapore,"Hong Kong, China",11.82
106,Singapore,China,12.24
107,Singapore,Indonesia,8.0
108,Singapore,Malaysia,10.9
109,Singapore,"Other Asia, nes",8.48
110,Singapore,United States,7.74
111,South Africa,Germany,7.15
112,South Africa,China,9.13
113,South Africa,India,4.15
114,South Africa,United Kingdom,5.13
115,South Africa,Saudi Arabia,5.84
116,South Africa,United States,6.79
117,Spain,Germany,10.48
118,Spain,France,10.47
119,Spain,China,8.13
120,Spain,United Kingdom,6.35
121,Spain,Italy,7.8
122,Spain,Portugal,7.27
123,Portugal,Germany,11.48
124,Portugal,France,7.63
125,Portugal,Netherlands,5.2
126,Portugal,United Kingdom,6.36
127,Portugal,Spain,31.43
128,Portugal,Italy,5.32
129,Portugal,United States,4.94
130,Belgium,Germany,18.02
131,Belgium,France,10.56
132,Belgium,Ireland,5.51
133,Belgium,Netherlands,11.62
134,Belgium,United Kingdom,6.63
135,Belgium,United States,5.82
136,Albania,Germany,4.33
137,Albania,Greece,4.22
138,Albania,China,8.39
139,Albania,"Serbia, FR(Serbia/Montenegro)",11.32
140,Albania,Italy,48.03
141,Albania,Turkey,8.45
142,Albania,Spain,7.79
143,Germany,China,7.07
144,Germany,France,5.98
145,Germany,Netherlands,6.37
146,Germany,United Kingdom,6.19
147,Germany,Italy,5.51
148,Germany,United States,8.6
149,Greece,Germany,6.31
150,Greece,China,6.51
151,Greece,Lebanon,4.45
152,Greece,Russian Federation,7.5
153,Greece,Iraq,8.24
154,Greece,Italy,10.31
155,Greece,Cyprus,5.23
156,Greece,Turkey,6.08
157,"Serbia, FR(Serbia/Montenegro)",Germany,11.94
158,"Serbia, FR(Serbia/Montenegro)",Romania,5.93
159,"Serbia, FR(Serbia/Montenegro)",Bosnia and Herzegovina,7.92
160,"Serbia, FR(Serbia/Montenegro)",China,8.37
161,"Serbia, FR(Serbia/Montenegro)",Russian Federation,5.32
162,"Serbia, FR(Serbia/Montenegro)",Italy,12.25
163,"Serbia, FR(Serbia/Montenegro)",Hungary,4.8
164,Italy,Germany,12.5
165,Italy,France,8.6
166,Italy,China,7.25
167,Italy,Netherlands,5.33
168,Italy,United Kingdom,5.11
169,Italy,Spain,4.87
170,Italy,United States,9.11
171,Andorra,Germany,3.45
172,Andorra,Norway,3.74
173,Andorra,"Hong Kong, China",1.96
174,Andorra,France,13.07
175,Andorra,China,3.64
176,Andorra,Spain,64.3
177,Andorra,Italy,3.59
178,Andorra,Austria,2.25
179,Norway,Germany,16.0
180,Norway,Sweden,6.67
181,Norway,Denmark,5.49
182,Norway,China,10.05
183,Norway,United Kingdom,21.58
184,Norway,France,6.71
185,Norway,Netherlands,10.59
186,Norway,United States,7.7
187,"Hong Kong, China",Japan,5.56
188,"Hong Kong, China",Thailand,2.36
189,"Hong Kong, China",China,55.23
190,"Hong Kong, China",India,3.15
191,"Hong Kong, China","Korea, Rep.",5.67
192,"Hong Kong, China",Singapore,6.44
193,"Hong Kong, China","Other Asia, nes",6.9
194,"Hong Kong, China",United States,8.06
195,France,Germany,14.64
196,France,China,8.95
197,France,Italy,7.52
198,France,Spain,6.51
199,France,United States,7.97
200,France,Belgium,7.04
201,Austria,Germany,30.0
202,Austria,Switzerland,4.96
203,Austria,China,5.84
204,Austria,France,4.26
205,Austria,Italy,6.43
206,Austria,Czech Republic,4.34
207,Austria,United States,7.05
208,United Arab Emirates,Germany,4.47
209,United Arab Emirates,Japan,5.64
210,United Arab Emirates,India,3.31
211,United Arab Emirates,Iraq,2.92
212,United Arab Emirates,Saudi Arabia,5.58
213,United Arab Emirates,China,15.53
214,United Arab Emirates,Oman,2.65
215,United Arab Emirates,United States,8.55
216,Japan,"Other Asia, nes",5.74
217,Japan,"Hong Kong, China",4.7
218,Japan,China,19.51
219,Japan,"Korea, Rep.",4.29
220,Japan,Saudi Arabia,4.51
221,Japan,Australia,6.11
222,Japan,United States,19.06
223,Saudi Arabia,Germany,5.39
224,Saudi Arabia,United Arab Emirates,2.76
225,Saudi Arabia,China,3.3
226,Saudi Arabia,India,1.21
227,Saudi Arabia,United States,13.34
228,Saudi Arabia,Singapore,1.36
229,Oman,United Arab Emirates,6.95
230,Oman,India,2.58
231,Oman,Qatar,4.3
232,Oman,Saudi Arabia,3.98
233,Oman,China,5.9
234,Argentina,Germany,5.12
235,Argentina,Vietnam,3.41
236,Argentina,Chile,4.93
237,Argentina,China,6.84
238,Argentina,Brazil,18.34
239,Argentina,Paraguay,3.32
240,Argentina,United States,6.95
241,Vietnam,Japan,8.04
242,Vietnam,"Hong Kong, China",3.27
243,Vietnam,China,16.97
244,Vietnam,"Korea, Rep.",20.09
245,Vietnam,"Other Asia, nes",5.59
246,Vietnam,United States,19.52
247,Chile,Germany,3.89
248,Chile,China,33.24
249,Chile,Brazil,4.45
250,Chile,"Korea, Rep.",5.73
251,Chile,Japan,9.16
252,Chile,Argentina,4.47
253,Chile,United States,13.94
254,Brazil,Germany,5.86
255,Brazil,Chile,2.76
256,Brazil,China,27.57
257,Brazil,"Korea, Rep.",2.94
258,Brazil,Argentina,6.43
259,Brazil,Netherlands,3.55
260,Brazil,United States,12.55
261,Paraguay,Chile,6.93
262,Paraguay,India,2.76
263,Paraguay,Brazil,31.06
264,Paraguay,China,28.23
265,Paraguay,Netherlands,3.47
266,Paraguay,Argentina,24.07
267,Paraguay,Russian Federation,8.67
268,Paraguay,United States,8.16
269,Armenia,Germany,5.71
270,Armenia,Switzerland,14.16
271,Armenia,Iraq,6.32
272,Armenia,Bulgaria,9.02
273,Armenia,China,13.74
274,Armenia,Russian Federation,26.93
275,Armenia,Turkey,5.21
276,Armenia,"Iran, Islamic Rep.",5.6
277,Switzerland,Germany,15.28
278,Switzerland,United Kingdom,9.53
279,Switzerland,China,9.74
280,Switzerland,India,5.74
281,Switzerland,France,7.12
282,Switzerland,Italy,7.64
283,Switzerland,United States,13.19
284,Bulgaria,Germany,14.59
285,Bulgaria,Romania,6.87
286,Bulgaria,Greece,6.6
287,Bulgaria,Russian Federation,9.72
288,Bulgaria,Italy,8.52
289,Bulgaria,Turkey,7.8
290,Russian Federation,Germany,7.57
291,Russian Federation,China,12.41
292,Russian Federation,Belarus,5.37
293,Russian Federation,Italy,4.4
294,Russian Federation,Netherlands,9.62
295,Russian Federation,Turkey,4.72
296,Russian Federation,United States,5.28
297,Antigua and Barbuda,United Kingdom,3.7
298,Antigua and Barbuda,Japan,4.59
299,Antigua and Barbuda,Dominica,5.65
300,Antigua and Barbuda,Trinidad and Tobago,3.89
301,Antigua and Barbuda,China,5.92
302,Antigua and Barbuda,United Arab Emirates,31.33
303,Antigua and Barbuda,Netherlands,11.96
304,Antigua and Barbuda,Saint Maarten (Dutch part),6.89
305,Antigua and Barbuda,United States,18.6
306,United Kingdom,Germany,9.68
307,United Kingdom,France,5.64
308,United Kingdom,China,9.44
309,United Kingdom,Netherlands,7.03
310,United Kingdom,Ireland,5.76
311,United Kingdom,United States,13.44
312,Trinidad and Tobago,Guyana,3.93
313,Trinidad and Tobago,Brazil,6.02
314,Trinidad and Tobago,Jamaica,3.96
315,Trinidad and Tobago,Peru,5.03
316,Trinidad and Tobago,China,9.1
317,Trinidad and Tobago,Russian Federation,13.42
318,Trinidad and Tobago,Mexico,8.86
319,Trinidad and Tobago,Colombia,8.28
320,Trinidad and Tobago,United States,28.16
321,Australia,Germany,4.9
322,Australia,Japan,7.34
323,Australia,Thailand,4.78
324,Australia,China,29.13
325,Australia,India,4.31
326,Australia,"Korea, Rep.",5.44
327,Australia,United States,10.39
328,Thailand,Vietnam,5.13
329,Thailand,Japan,14.15
330,Thailand,United Arab Emirates,4.29
331,Thailand,"Hong Kong, China",4.96
332,Thailand,China,11.95
333,Thailand,Malaysia,5.36
334,Thailand,United States,11.14
335,"Korea, Rep.",Germany,3.9
336,"Korea, Rep.",Vietnam,8.04
337,"Korea, Rep.",Japan,10.2
338,"Korea, Rep.","Hong Kong, China",7.6
339,"Korea, Rep.",China,26.81
340,"Korea, Rep.",Saudi Arabia,4.92
341,"Korea, Rep.",United States,12.08
342,Czech Republic,Germany,32.41
343,Czech Republic,Poland,6.04
344,Czech Republic,Slovak Republic,7.55
345,Czech Republic,China,14.09
346,Czech Republic,United Kingdom,4.64
347,Czech Republic,France,5.07
348,Czech Republic,Italy,4.17
349,Azerbaijan,Germany,5.75
350,Azerbaijan,Czech Republic,4.81
351,Azerbaijan,India,4.21
352,Azerbaijan,China,10.44
353,Azerbaijan,Russian Federation,16.44
354,Azerbaijan,Italy,30.17
355,Azerbaijan,Turkey,9.37
356,Azerbaijan,Israel,6.73
357,Azerbaijan,United States,4.6
358,Israel,Germany,6.1
359,Israel,"Hong Kong, China",6.77
360,Israel,China,7.74
361,Israel,United Kingdom,7.12
362,Israel,Russian Federation,6.1
363,Israel,Turkey,8.11
364,Israel,Bunkers,5.6
365,Israel,United States,27.11
366,Burundi,United Arab Emirates,34.02
367,Burundi,Tanzania,6.28
368,Burundi,Switzerland,5.26
369,Burundi,India,7.05
370,Burundi,China,12.97
371,Burundi,Pakistan,7.3
372,Burundi,Saudi Arabia,17.15
373,Burundi,Belgium,6.75
374,Burundi,"Congo, Dem. Rep.",10.49
375,Tanzania,South Africa,5.14
376,Tanzania,Rwanda,18.69
377,Tanzania,United Arab Emirates,10.24
378,Tanzania,Uganda,5.3
379,Tanzania,India,14.3
380,Tanzania,China,20.7
381,Tanzania,Zambia,7.27
382,Tanzania,Saudi Arabia,6.67
383,Tanzania,Kenya,9.23
384,Tanzania,"Congo, Dem. Rep.",8.48
385,Ireland,Germany,7.46
386,Ireland,United Kingdom,11.46
387,Ireland,France,12.09
388,Ireland,China,5.78
389,Ireland,Netherlands,5.48
390,Ireland,United States,27.98
391,Ireland,Belgium,12.98
392,Benin,Vietnam,9.99
393,Benin,Thailand,10.27
394,Benin,Nigeria,7.89
395,Benin,China,7.7
396,Benin,India,18.49
397,Benin,France,7.53
398,Benin,Togo,8.0
399,Benin,Bangladesh,22.68
400,Nigeria,India,15.88
401,Nigeria,"Korea, Rep.",10.83
402,Nigeria,China,19.41
403,Nigeria,Netherlands,10.74
404,Nigeria,South Africa,6.38
405,Nigeria,France,7.93
406,Nigeria,Spain,10.13
407,Nigeria,United States,7.35
408,Nigeria,Belgium,8.45
409,Burkina Faso,Cote d'Ivoire,11.27
410,Burkina Faso,India,15.35
411,Burkina Faso,Switzerland,52.7
412,Burkina Faso,France,7.24
413,Burkina Faso,China,12.65
414,Burkina Faso,United States,5.84
415,Burkina Faso,Singapore,7.69
416,Cote d'Ivoire,Vietnam,6.78
417,Cote d'Ivoire,Germany,6.38
418,Cote d'Ivoire,France,10.31
419,Cote d'Ivoire,India,4.55
420,Cote d'Ivoire,China,14.97
421,Cote d'Ivoire,Netherlands,11.44
422,Cote d'Ivoire,United States,9.15
423,Cote d'Ivoire,Nigeria,12.3
424,Romania,Germany,22.97
425,Romania,Poland,5.56
426,Romania,China,5.32
427,Romania,United Kingdom,4.25
428,Romania,France,7.1
429,Romania,Italy,11.43
430,Romania,Hungary,6.86
431,Bahrain,United Arab Emirates,6.12
432,Bahrain,Saudi Arabia,13.32
433,Bahrain,China,9.12
434,Bahrain,Oman,4.56
435,Bahrain,Australia,4.59
436,Bahrain,United States,4.76
437,"Bahamas, The",United Kingdom,1.44
438,"Bahamas, The",Japan,1.04
439,"Bahamas, The",Panama,5.36
440,"Bahamas, The",China,1.53
441,"Bahamas, The",France,2.17
442,"Bahamas, The",Turks and Caicos Isl.,3.59
443,"Bahamas, The",Ireland,5.52
444,"Bahamas, The",United States,74.72
445,Bosnia and Herzegovina,Germany,14.65
446,Bosnia and Herzegovina,Croatia,9.92
447,Bosnia and Herzegovina,Slovenia,8.88
448,Bosnia and Herzegovina,China,6.95
449,Bosnia and Herzegovina,"Serbia, FR(Serbia/Montenegro)",11.62
450,Bosnia and Herzegovina,Italy,11.37
451,Croatia,Germany,13.24
452,Croatia,Bosnia and Herzegovina,9.37
453,Croatia,Slovenia,11.17
454,Croatia,Italy,14.59
455,Croatia,Hungary,7.65
456,Croatia,Austria,6.89
457,Slovenia,Germany,20.3
458,Slovenia,Croatia,4.43
459,Slovenia,China,6.23
460,Slovenia,France,5.59
461,Slovenia,Italy,12.47
462,Slovenia,Austria,8.08
463,Belarus,Germany,4.28
464,Belarus,Poland,3.13
465,Belarus,China,7.84
466,Belarus,United Kingdom,9.11
467,Belarus,Russian Federation,38.19
468,Belarus,Netherlands,4.24
469,Belarus,Ukraine,3.63
470,Poland,Germany,28.15
471,Poland,Czech Republic,6.36
472,Poland,France,3.65
473,Poland,China,11.57
474,Poland,United Kingdom,6.19
475,Poland,Russian Federation,7.34
476,Poland,Italy,4.6
477,Ukraine,Germany,4.67
478,Ukraine,Poland,6.88
479,Ukraine,China,13.3
480,Ukraine,Russian Federation,7.72
481,Ukraine,Italy,5.55
482,Ukraine,Turkey,4.97
483,Ukraine,Belarus,6.62
484,Belize,Mexico,10.75
485,Belize,Jamaica,6.19
486,Belize,China,12.01
487,Belize,Barbados,4.27
488,Belize,United Kingdom,30.07
489,Belize,Guatemala,7.44
490,Belize,Panama,3.11
491,Belize,Ireland,5.3
492,Belize,United States,31.33
493,Mexico,Germany,1.57
494,Mexico,Japan,3.92
495,Mexico,China,1.64
496,Mexico,"Korea, Rep.",3.6
497,Mexico,Spain,1.04
498,Mexico,United States,79.19
499,Mexico,Canada,3.11
500,Jamaica,Norway,14.51
501,Jamaica,Japan,4.16
502,Jamaica,Iceland,6.26
503,Jamaica,Trinidad and Tobago,5.69
504,Jamaica,China,6.5
505,Jamaica,Netherlands,10.79
506,Jamaica,Colombia,5.79
507,Jamaica,United States,30.07
508,Jamaica,Canada,11.17
509,Barbados,Guyana,5.88
510,Barbados,United Kingdom,4.12
511,Barbados,Japan,2.57
512,Barbados,Trinidad and Tobago,6.92
513,Barbados,Jamaica,4.99
514,Barbados,China,5.9
515,Barbados,United States,22.65
516,Guatemala,Mexico,4.68
517,Guatemala,El Salvador,5.22
518,Guatemala,China,10.98
519,Guatemala,Nicaragua,4.98
520,Guatemala,Honduras,8.61
521,Guatemala,United States,36.1
522,Guatemala,Costa Rica,3.35
523,Bermuda,United Kingdom,6.15
524,Bermuda,Canada,9.1
525,Bermuda,Switzerland,4.22
526,Bermuda,China,2.38
527,Bermuda,"Bahamas, The",2.67
528,Bermuda,United States,62.65
529,Canada,Germany,3.2
530,Canada,Japan,2.83
531,Canada,China,4.75
532,Canada,Mexico,1.41
533,Canada,United Kingdom,2.85
534,Canada,United States,74.93
535,Bolivia,India,8.13
536,Bolivia,Brazil,18.89
537,Bolivia,"Korea, Rep.",6.36
538,Bolivia,China,20.96
539,Bolivia,Japan,7.39
540,Bolivia,Argentina,15.94
541,Bolivia,Peru,6.5
542,Bolivia,United States,6.71
543,Peru,Ecuador,4.5
544,Peru,China,27.57
545,Peru,India,5.17
546,Peru,Mexico,4.46
547,Peru,Brazil,5.6
548,Peru,"Korea, Rep.",5.14
549,Peru,Japan,4.54
550,Peru,United States,16.87
551,Guyana,Japan,2.43
552,Guyana,Trinidad and Tobago,34.32
553,Guyana,Suriname,4.56
554,Guyana,Jamaica,3.36
555,Guyana,China,7.91
556,Guyana,United Arab Emirates,15.63
557,Guyana,United States,10.69
558,Guyana,Canada,37.16
559,Guyana,Ukraine,2.66
560,Brunei,Japan,3.86
561,Brunei,Thailand,10.49
562,Brunei,"Korea, Rep.",9.35
563,Brunei,Singapore,13.8
564,Brunei,China,39.42
565,Brunei,Australia,8.8
566,Brunei,Malaysia,13.24
567,Brunei,United States,8.67
568,Malaysia,Japan,7.26
569,Malaysia,"Hong Kong, China",7.46
570,Malaysia,China,13.87
571,Malaysia,Singapore,11.72
572,Malaysia,"Other Asia, nes",7.23
573,Malaysia,United States,9.07
574,Botswana,South Africa,62.91
575,Botswana,Canada,8.44
576,Botswana,India,19.99
577,Botswana,United Arab Emirates,14.52
578,Botswana,Namibia,8.18
579,Botswana,Belgium,2.07
580,Botswana,Singapore,8.0
581,Namibia,Botswana,9.39
582,Namibia,Zambia,14.11
583,Namibia,South Africa,44.44
584,Namibia,China,16.67
585,Namibia,"Bahamas, The",5.19
586,Namibia,Belgium,9.45
587,Central African Republic,China,12.61
588,Central African Republic,Cameroon,13.25
589,Central African Republic,France,17.16
590,Central African Republic,India,7.09
591,Central African Republic,United Arab Emirates,16.46
592,Central African Republic,Nepal,7.8
593,Central African Republic,Niger,4.55
594,Cameroon,Thailand,4.22
595,Cameroon,China,24.81
596,Cameroon,France,8.26
597,Cameroon,Netherlands,9.71
598,Cameroon,Italy,13.71
599,Cameroon,Spain,5.89
600,Cameroon,Nigeria,5.58
601,Nepal,United Arab Emirates,1.88
602,Nepal,India,59.12
603,Nepal,Germany,3.77
604,Nepal,France,2.28
605,Nepal,China,13.52
606,Nepal,United Kingdom,3.34
607,Nepal,United States,11.88
608,Nepal,Turkey,4.5
609,Niger,Thailand,13.99
610,Niger,Nigeria,6.18
611,Niger,Switzerland,13.47
612,Niger,France,20.81
613,Niger,China,21.46
614,Niger,Malaysia,13.26
615,Niger,United States,7.34
616,"Other Asia, nes",Germany,3.48
617,"Other Asia, nes",Japan,15.4
618,"Other Asia, nes","Hong Kong, China",12.38
619,"Other Asia, nes",China,28.81
620,"Other Asia, nes","Korea, Rep.",6.83
621,"Other Asia, nes",United States,11.84
622,"Other Asia, nes",Singapore,5.17
623,"Congo, Rep.",Gabon,3.5
624,"Congo, Rep.",China,62.68
625,"Congo, Rep.",Angola,2.45
626,"Congo, Rep.",France,11.52
627,"Congo, Rep.",Singapore,8.11
628,"Congo, Rep.",Italy,6.64
629,"Congo, Rep.",Belgium,6.48
630,Ecuador,Chile,6.71
631,Ecuador,Panama,5.76
632,Ecuador,China,6.96
633,Ecuador,Brazil,4.23
634,Ecuador,Peru,7.54
635,Ecuador,Colombia,7.81
636,Ecuador,United States,30.7
637,Comoros,United Arab Emirates,3.09
638,Comoros,India,33.1
639,Comoros,Germany,9.29
640,Comoros,France,13.85
641,Comoros,China,10.41
642,Comoros,Netherlands,2.69
643,Comoros,Pakistan,14.1
644,Cape Verde,Curaçao,1.55
645,Cape Verde,China,5.8
646,Cape Verde,Netherlands,6.03
647,Cape Verde,Italy,13.29
648,Cape Verde,Portugal,43.16
649,Cape Verde,Spain,14.51
650,Cape Verde,United States,2.48
651,Cape Verde,Belgium,7.42
652,Costa Rica,Germany,2.5
653,Costa Rica,Panama,5.16
654,Costa Rica,Guatemala,5.07
655,Costa Rica,Mexico,7.05
656,Costa Rica,China,13.71
657,Costa Rica,Netherlands,6.03
658,Costa Rica,United States,41.1
659,Costa Rica,Belgium,6.0
660,Cyprus,United Kingdom,6.58
661,Cyprus,Cayman Islands,14.88
662,Cyprus,Greece,6.57
663,Cyprus,Israel,5.64
664,Cyprus,"Korea, Rep.",6.99
665,Cyprus,Libya,9.02
666,Cyprus,Bunkers,7.47
667,Cyprus,Italy,8.27
668,Libya,United Arab Emirates,3.43
669,Libya,China,16.58
670,Libya,France,9.57
671,Libya,Italy,33.61
672,Libya,Turkey,11.12
673,Libya,Spain,5.29
674,Slovak Republic,Germany,22.17
675,Slovak Republic,Czech Republic,10.29
676,Slovak Republic,"Korea, Rep.",5.92
677,Slovak Republic,China,5.97
678,Slovak Republic,Poland,7.65
679,Slovak Republic,France,6.32
680,Slovak Republic,Hungary,6.02
681,Denmark,Germany,14.75
682,Denmark,Sweden,10.44
683,Denmark,Norway,5.83
684,Denmark,China,7.08
685,Denmark,Netherlands,7.67
686,Denmark,United Kingdom,6.29
687,Denmark,Special Categories,15.82
688,Sweden,Denmark,6.89
689,Sweden,Germany,10.62
690,Sweden,Norway,10.39
691,Sweden,Finland,6.95
692,Sweden,China,5.32
693,Sweden,Netherlands,9.3
694,Sweden,United States,6.44
695,Dominican Republic,India,6.41
696,Dominican Republic,Mexico,3.96
697,Dominican Republic,Brazil,4.01
698,Dominican Republic,China,14.43
699,Dominican Republic,Haiti,11.71
700,Dominican Republic,United States,51.71
701,Dominican Republic,Spain,3.8
702,Dominican Republic,Canada,5.93
703,"Egypt, Arab Rep.",Germany,5.1
704,"Egypt, Arab Rep.",Saudi Arabia,4.89
705,"Egypt, Arab Rep.",China,14.15
706,"Egypt, Arab Rep.",United Arab Emirates,6.82
707,"Egypt, Arab Rep.",Russian Federation,6.1
708,"Egypt, Arab Rep.",Italy,6.99
709,"Egypt, Arab Rep.",United States,5.88
710,"Egypt, Arab Rep.",Turkey,6.84
711,Estonia,Germany,9.96
712,Estonia,Sweden,10.39
713,Estonia,Finland,15.12
714,Estonia,Lithuania,6.01
715,Estonia,China,8.42
716,Estonia,Latvia,9.09
717,Estonia,Russian Federation,8.72
718,Estonia,United States,6.94
719,Finland,Germany,14.82
720,Finland,Sweden,10.22
721,Finland,China,5.45
722,Finland,Netherlands,6.49
723,Finland,Russian Federation,13.9
724,Finland,United States,6.46
725,Lithuania,Germany,7.38
726,Lithuania,Poland,8.25
727,Lithuania,Netherlands,4.94
728,Lithuania,Latvia,7.16
729,Lithuania,Russian Federation,14.0
730,Lithuania,United States,5.03
731,Latvia,Germany,6.84
732,Latvia,Sweden,7.13
733,Latvia,Poland,8.83
734,Latvia,Estonia,11.01
735,Latvia,Lithuania,17.09
736,Latvia,Russian Federation,8.89
737,Ethiopia(excludes Eritrea),China,8.94
738,Ethiopia(excludes Eritrea),India,8.58
739,Ethiopia(excludes Eritrea),Saudi Arabia,8.88
740,Ethiopia(excludes Eritrea),United Arab Emirates,7.25
741,Ethiopia(excludes Eritrea),Kuwait,7.16
742,Ethiopia(excludes Eritrea),Turkey,4.27
743,Ethiopia(excludes Eritrea),Israel,5.92
744,Ethiopia(excludes Eritrea),United States,7.85
745,Kuwait,Germany,5.7
746,Kuwait,Japan,5.87
747,Kuwait,United Arab Emirates,1.11
748,Kuwait,China,1.32
749,Kuwait,India,1.58
750,Kuwait,Iraq,0.87
751,Kuwait,United States,8.65
752,European Union,China,10.69
753,European Union,Switzerland,8.0
754,European Union,Russian Federation,4.31
755,European Union,Turkey,3.92
756,European Union,United States,20.48
757,Fiji,Japan,4.68
758,Fiji,New Zealand,14.63
759,Fiji,Singapore,20.85
760,Fiji,China,16.33
761,Fiji,Australia,15.74
762,Fiji,Bunkers,8.3
763,Fiji,United States,18.61
764,New Zealand,Germany,5.05
765,New Zealand,Japan,6.94
766,New Zealand,China,24.23
767,New Zealand,"Korea, Rep.",3.04
768,New Zealand,Australia,11.48
769,New Zealand,United States,9.6
770,Georgia,Bulgaria,7.67
771,Georgia,China,8.91
772,Georgia,Armenia,8.47
773,Georgia,Azerbaijan,15.02
774,Georgia,Russian Federation,12.95
775,Georgia,Turkey,7.14
776,Georgia,Ukraine,5.5
777,Ghana,United Kingdom,5.09
778,Ghana,China,11.88
779,Ghana,India,21.46
780,Ghana,Switzerland,9.54
781,Ghana,South Africa,10.19
782,Ghana,Netherlands,7.19
783,Ghana,United States,8.03
784,Ghana,Belgium,5.82
785,"Gambia, The",United Kingdom,17.0
786,"Gambia, The",Cote d'Ivoire,16.13
787,"Gambia, The",India,6.01
788,"Gambia, The",Brazil,10.89
789,"Gambia, The","Korea, Rep.",9.21
790,"Gambia, The",China,8.97
791,"Gambia, The",Cape Verde,7.43
792,"Gambia, The",Mali,57.4
793,"Gambia, The",Guinea-Bissau,6.57
794,Mali,Germany,3.44
795,Mali,Cote d'Ivoire,9.94
796,Mali,Switzerland,34.21
797,Mali,France,8.65
798,Mali,China,14.12
799,Mali,South Africa,37.64
800,Mali,Senegal,23.07
801,Mali,Bangladesh,7.81
802,Lebanon,Germany,5.85
803,Lebanon,Iraq,4.99
804,Lebanon,Syrian Arab Republic,6.96
805,Lebanon,Saudi Arabia,7.19
806,Lebanon,China,10.25
807,Lebanon,United Arab Emirates,15.49
808,Lebanon,Greece,8.55
809,Lebanon,South Africa,5.89
810,Lebanon,Italy,7.96
811,Lebanon,United States,7.2
812,Grenada,United Kingdom,4.59
813,Grenada,St. Vincent and the Grenadines,5.65
814,Grenada,Trinidad and Tobago,8.55
815,Grenada,China,3.26
816,Grenada,Barbados,9.23
817,Grenada,Spain,6.75
818,Grenada,United States,16.92
819,St. Vincent and the Grenadines,United Kingdom,7.28
820,St. Vincent and the Grenadines,Japan,2.97
821,St. Vincent and the Grenadines,St. Kitts and Nevis,10.56
822,St. Vincent and the Grenadines,Dominica,17.85
823,St. Vincent and the Grenadines,Trinidad and Tobago,17.86
824,St. Vincent and the Grenadines,China,6.77
825,St. Vincent and the Grenadines,Barbados,14.97
826,St. Vincent and the Grenadines,St. Lucia,11.68
827,St. Vincent and the Grenadines,United States,38.63
828,St. Vincent and the Grenadines,Antigua and Barbuda,12.49
829,Greenland,Denmark,85.3
830,Greenland,Germany,2.56
831,Greenland,China,2.43
832,Greenland,Latvia,3.73
833,Greenland,Russian Federation,0.66
834,Greenland,Portugal,0.94
835,Greenland,Sweden,17.11
836,Greenland,Spain,11.5
837,El Salvador,Guatemala,14.36
838,El Salvador,Honduras,6.38
839,El Salvador,Mexico,8.04
840,El Salvador,Costa Rica,4.39
841,El Salvador,China,14.1
842,El Salvador,Nicaragua,6.87
843,El Salvador,United States,44.45
844,Nicaragua,Honduras,7.71
845,Nicaragua,Mexico,5.63
846,Nicaragua,Costa Rica,3.1
847,Nicaragua,China,13.24
848,Nicaragua,Guatemala,6.19
849,Nicaragua,El Salvador,5.7
850,Nicaragua,United States,61.11
851,Honduras,Germany,6.73
852,Honduras,Mexico,7.71
853,Honduras,El Salvador,4.59
854,Honduras,China,15.73
855,Honduras,Guatemala,5.67
856,Honduras,United States,38.37
857,Honduras,Belgium,5.83
858,Suriname,"Hong Kong, China",9.93
859,Suriname,Switzerland,48.93
860,Suriname,Trinidad and Tobago,11.27
861,Suriname,China,7.85
862,Suriname,United Arab Emirates,13.41
863,Suriname,Netherlands,11.07
864,Suriname,United States,24.57
865,Suriname,Belgium,4.16
866,Hungary,Germany,27.27
867,Hungary,Romania,5.13
868,Hungary,Poland,5.77
869,Hungary,Slovak Republic,5.18
870,Hungary,China,5.43
871,Hungary,Netherlands,5.12
872,Hungary,Italy,5.17
873,Hungary,Austria,6.1
874,Indonesia,Japan,9.53
875,Indonesia,Thailand,5.8
876,Indonesia,China,15.05
877,Indonesia,India,7.62
878,Indonesia,Singapore,11.36
879,Indonesia,United States,10.25
880,Iceland,Germany,8.75
881,Iceland,Norway,11.43
882,Iceland,China,8.85
883,Iceland,Netherlands,30.22
884,Iceland,United Kingdom,9.91
885,Iceland,France,6.43
886,Iceland,Spain,8.25
887,Iceland,United States,6.9
888,Jordan,Germany,4.58
889,Jordan,United Arab Emirates,4.05
890,Jordan,India,8.86
891,Jordan,Iraq,9.13
892,Jordan,Saudi Arabia,9.87
893,Jordan,China,13.62
894,Jordan,United States,22.82
895,Jordan,Free Zones,12.42
896,Kenya,Japan,5.67
897,Kenya,United Arab Emirates,8.38
898,Kenya,Uganda,10.1
899,Kenya,India,10.53
900,Kenya,China,21.07
901,Kenya,Pakistan,9.69
902,Kenya,United Kingdom,6.56
903,Kenya,Saudi Arabia,9.81
904,Kenya,Netherlands,7.56
905,Kenya,United States,7.72
906,Uganda,Kenya,18.79
907,Uganda,Rwanda,6.85
908,Uganda,United Arab Emirates,18.22
909,Uganda,India,12.14
910,Uganda,China,17.6
911,Uganda,Saudi Arabia,8.99
912,Uganda,South Sudan,11.52
913,Uganda,"Congo, Dem. Rep.",6.62
914,Kyrgyz Republic,Kazakhstan,14.73
915,Kyrgyz Republic,Uzbekistan,8.64
916,Kyrgyz Republic,China,36.7
917,Kyrgyz Republic,United Kingdom,36.51
918,Kyrgyz Republic,Russian Federation,19.43
919,Kyrgyz Republic,Turkey,5.68
920,Cambodia,Japan,4.21
921,Cambodia,Thailand,18.42
922,Cambodia,China,6.76
923,Cambodia,Germany,8.65
924,Cambodia,United Kingdom,8.0
925,Cambodia,"Other Asia, nes",4.44
926,Cambodia,United States,23.97
927,Cambodia,Vietnam,12.7
928,Kiribati,"Other Asia, nes",25.34
929,Kiribati,Fiji,17.03
930,Kiribati,Singapore,13.47
931,Kiribati,China,10.14
932,Kiribati,Australia,16.72
933,Kiribati,Japan,36.97
934,Kiribati,New Zealand,8.71
935,Kiribati,Malaysia,10.23
936,St. Lucia,United Kingdom,8.99
937,St. Lucia,Japan,3.1
938,St. Lucia,Dominica,8.66
939,St. Lucia,Trinidad and Tobago,6.36
940,St. Lucia,China,5.23
941,St. Lucia,Barbados,6.42
942,St. Lucia,United States,40.4
943,Lesotho,South Africa,69.2
944,Lesotho,Eswatini,0.79
945,Lesotho,India,2.1
946,Lesotho,China,6.05
947,Lesotho,"Other Asia, nes",6.3
948,Lesotho,United States,33.4
949,Lesotho,Belgium,15.62
950,Eswatini,Japan,1.27
951,Eswatini,South Africa,74.9
952,Eswatini,Nigeria,4.25
953,Eswatini,Mozambique,3.34
954,Eswatini,Tanzania,1.9
955,Eswatini,India,3.7
956,Eswatini,China,6.21
957,Eswatini,Kenya,5.14
958,Luxembourg,Germany,26.31
959,Luxembourg,France,12.47
960,Luxembourg,Netherlands,5.99
961,Luxembourg,Italy,4.01
962,Luxembourg,Belgium,25.47
963,Macao,Vietnam,1.23
964,Macao,Japan,8.1
965,Macao,"Hong Kong, China",7.8
966,Macao,China,17.62
967,Macao,France,8.35
968,Macao,Italy,8.63
969,Macao,Singapore,0.77
970,Morocco,India,3.75
971,Morocco,France,11.9
972,Morocco,China,9.82
973,Morocco,Italy,4.28
974,Morocco,Spain,15.81
975,Morocco,United States,4.7
976,Moldova,Germany,8.12
977,Moldova,Romania,14.54
978,Moldova,China,10.42
979,Moldova,Russian Federation,8.08
980,Moldova,Italy,11.44
981,Moldova,Turkey,3.96
982,Moldova,Ukraine,10.01
983,Madagascar,South Africa,6.69
984,Madagascar,United Arab Emirates,11.46
985,Madagascar,China,4.93
986,Madagascar,Germany,6.88
987,Madagascar,France,12.65
988,Madagascar,India,5.89
989,Madagascar,Japan,6.81
990,Madagascar,United States,20.63
991,Maldives,United Arab Emirates,18.13
992,Maldives,Thailand,36.26
993,Maldives,Germany,12.71
994,Maldives,India,9.68
995,Maldives,Singapore,12.47
996,Maldives,China,16.49
997,Maldives,Malaysia,7.84
998,Maldives,United Kingdom,9.23
999,Maldives,France,7.4
1000,Maldives,United States,8.28
1001,North Macedonia,Germany,47.03
1002,North Macedonia,United Kingdom,9.54
1003,North Macedonia,Greece,3.26
1004,North Macedonia,Bulgaria,5.22
1005,North Macedonia,China,5.78
1006,North Macedonia,"Serbia, FR(Serbia/Montenegro)",7.86
1007,North Macedonia,Belgium,3.75
1008,Senegal,India,8.35
1009,Senegal,Switzerland,14.96
1010,Senegal,France,12.69
1011,Senegal,China,11.1
1012,Senegal,Netherlands,6.53
1013,Senegal,Bunkers,4.54
1014,Senegal,Spain,3.83
1015,Senegal,Mali,19.28
1016,Senegal,Nigeria,8.67
1017,Malta,Germany,12.84
1018,Malta,United Kingdom,8.25
1019,Malta,France,4.84
1020,Malta,Libya,6.52
1021,Malta,Italy,9.91
1022,Malta,Bunkers,15.66
1023,Malta,Spain,5.09
1024,Myanmar,Thailand,18.31
1025,Myanmar,"Hong Kong, China",3.4
1026,Myanmar,China,33.38
1027,Myanmar,India,3.44
1028,Myanmar,Singapore,19.08
1029,Myanmar,Japan,8.33
1030,Myanmar,Indonesia,4.84
1031,Mongolia,Japan,9.55
1032,Mongolia,China,92.78
1033,Mongolia,"Korea, Rep.",4.47
1034,Mongolia,United Kingdom,2.47
1035,Mongolia,Russian Federation,1.23
1036,Mongolia,Italy,0.77
1037,Mongolia,United States,3.6
1038,Mongolia,Singapore,0.43
1039,Montenegro,Germany,9.2
1040,Montenegro,Bosnia and Herzegovina,7.84
1041,Montenegro,Slovenia,7.15
1042,Montenegro,China,10.06
1043,Montenegro,"Serbia, FR(Serbia/Montenegro)",23.62
1044,Montenegro,Greece,6.45
1045,Montenegro,Italy,7.45
1046,Montenegro,Hungary,11.71
1047,Mozambique,South Africa,26.12
1048,Mozambique,United Arab Emirates,7.65
1049,Mozambique,"Hong Kong, China",2.39
1050,Mozambique,China,5.81
1051,Mozambique,India,27.63
1052,Mozambique,Netherlands,21.23
1053,Mauritania,United Kingdom,6.24
1054,Mauritania,United Arab Emirates,14.4
1055,Mauritania,China,31.88
1056,Mauritania,Switzerland,9.42
1057,Mauritania,Japan,9.11
1058,Mauritania,Russian Federation,6.68
1059,Mauritania,Spain,10.99
1060,Mauritania,Belgium,10.91
1061,Montserrat,United Kingdom,7.14
1062,Montserrat,Japan,2.85
1063,Montserrat,St. Kitts and Nevis,6.24
1064,Montserrat,Trinidad and Tobago,6.07
1065,Montserrat,France,38.16
1066,Montserrat,United States,15.93
1067,Montserrat,Antigua and Barbuda,19.25
1068,Montserrat,British Virgin Islands,9.08
1069,Mauritius,South Africa,9.23
1070,Mauritius,United Arab Emirates,3.42
1071,Mauritius,France,8.2
1072,Mauritius,India,18.25
1073,Mauritius,China,16.51
1074,Mauritius,Madagascar,6.13
1075,Mauritius,United Kingdom,11.28
1076,Mauritius,United States,11.95
1077,Malawi,United Kingdom,8.34
1078,Malawi,South Africa,18.48
1079,Malawi,United Arab Emirates,8.71
1080,Malawi,India,9.2
1081,Malawi,China,14.32
1082,Malawi,"Egypt, Arab Rep.",5.52
1083,Malawi,Netherlands,5.2
1084,Malawi,United States,5.7
1085,Malawi,Belgium,15.85
1086,Zambia,"Congo, Dem. Rep.",9.62
1087,Zambia,South Africa,28.87
1088,Zambia,United Arab Emirates,6.38
1089,Zambia,China,14.45
1090,Zambia,Switzerland,42.08
1091,Zambia,India,4.67
1092,Zambia,Singapore,7.94
1093,Qatar,Germany,6.02
1094,Qatar,United Kingdom,5.56
1095,Qatar,China,11.32
1096,Qatar,India,11.97
1097,Qatar,"Korea, Rep.",17.24
1098,Qatar,Japan,17.26
1099,Qatar,United States,19.3
1100,Qatar,Singapore,8.04
1101,Philippines,Japan,9.91
1102,Philippines,Thailand,6.91
1103,Philippines,"Hong Kong, China",14.16
1104,Philippines,China,12.89
1105,Philippines,"Korea, Rep.",10.0
1106,Philippines,United States,15.63
1107,Philippines,Singapore,6.27
1108,Palau,Japan,10.09
1109,Palau,Panama,4.65
1110,Palau,"Korea, Rep.",10.27
1111,Palau,"Micronesia, Fed. Sts.",3.31
1112,Palau,Singapore,17.02
1113,Palau,China,5.7
1114,Palau,United States,2.62
1115,Occ.Pal.Terr,Germany,3.2
1116,Occ.Pal.Terr,Jordan,6.4
1117,Occ.Pal.Terr,Israel,83.72
1118,Occ.Pal.Terr,Saudi Arabia,1.82
1119,Occ.Pal.Terr,China,6.5
1120,Occ.Pal.Terr,United Arab Emirates,2.29
1121,Occ.Pal.Terr,Turkey,10.06
1122,Occ.Pal.Terr,United States,1.26
1123,French Polynesia,"Hong Kong, China",27.89
1124,French Polynesia,China,2.92
1125,French Polynesia,"Korea, Rep.",6.69
1126,French Polynesia,France,20.74
1127,French Polynesia,Japan,18.77
1128,French Polynesia,New Zealand,5.35
1129,French Polynesia,United States,14.05
1130,Rwanda,Kenya,6.21
1131,Rwanda,United Arab Emirates,4.61
1132,Rwanda,"Hong Kong, China",6.87
1133,Rwanda,Switzerland,8.84
1134,Rwanda,India,10.17
1135,Rwanda,China,18.37
1136,Rwanda,Uganda,8.54
1137,Rwanda,United Kingdom,4.39
1138,Rwanda,"Congo, Dem. Rep.",33.58
1139,Solomon Islands,Thailand,2.1
1140,Solomon Islands,China,66.83
1141,Solomon Islands,India,5.08
1142,Solomon Islands,Switzerland,2.44
1143,Solomon Islands,Singapore,16.27
1144,Solomon Islands,Malaysia,12.93
1145,Solomon Islands,"Other Asia, nes",7.17
1146,Solomon Islands,Italy,7.22
1147,Solomon Islands,Australia,18.22
1148,Sierra Leone,United Arab Emirates,8.37
1149,Sierra Leone,China,18.25
1150,Sierra Leone,India,7.2
1151,Sierra Leone,"Korea, Rep.",13.96
1152,Sierra Leone,Ghana,8.04
1153,Sierra Leone,Somalia,10.8
1154,Sierra Leone,Netherlands,13.55
1155,Sierra Leone,United States,5.38
1156,Sierra Leone,Belgium,7.55
1157,Sao Tome and Principe,Germany,9.47
1158,Sao Tome and Principe,Brazil,1.58
1159,Sao Tome and Principe,Angola,23.2
1160,Sao Tome and Principe,China,5.82
1161,Sao Tome and Principe,France,4.94
1162,Sao Tome and Principe,Portugal,53.75
1163,Sao Tome and Principe,Netherlands,37.75
1164,Sao Tome and Principe,United States,1.51
1165,Sao Tome and Principe,Belgium,17.67
1166,Sudan,United Arab Emirates,27.46
1167,Sudan,China,20.33
1168,Sudan,India,2.69
1169,Sudan,Saudi Arabia,16.26
1170,Sudan,"Egypt, Arab Rep.",16.04
1171,Sudan,Russian Federation,15.09
1172,Seychelles,United Arab Emirates,23.85
1173,Seychelles,Marshall Islands,6.19
1174,Seychelles,Cayman Islands,9.84
1175,Seychelles,France,8.95
1176,Seychelles,Netherlands,8.29
1177,Seychelles,Malta,6.96
1178,Seychelles,United Kingdom,18.94
1179,Seychelles,Italy,6.11
1180,Tajikistan,Kazakhstan,27.93
1181,Tajikistan,China,5.32
1182,Tajikistan,Uzbekistan,14.46
1183,Tajikistan,Afghanistan,6.74
1184,Tajikistan,Russian Federation,30.81
1185,Tajikistan,Turkey,25.75
1186,Tunisia,Germany,12.0
1187,Tunisia,France,14.31
1188,Tunisia,China,9.51
1189,Tunisia,Italy,15.9
1190,Tunisia,Turkey,4.57
1191,Tunisia,Spain,5.02
1192,Uruguay,China,19.98
1193,Uruguay,Brazil,15.14
1194,Uruguay,Argentina,5.46
1195,Uruguay,United States,6.1
1196,Uruguay,Free Zones,12.68
1197,Uruguay,Nigeria,4.11
1198, World,Germany,6.24
1199, World,Japan,4.3
1200, World,"Hong Kong, China",3.52
1201, World,China,9.18
1202, World,"Korea, Rep.",3.38
1203, World,United States,12.62
1204,Samoa,American Samoa,26.66
1205,Samoa,New Zealand,24.93
1206,Samoa,Singapore,18.44
1207,Samoa,China,11.89
1208,Samoa,Australia,9.61
1209,Samoa,United States,9.67
1210,Samoa,Tokelau,13.79
1211,Yemen,United Arab Emirates,17.19
1212,Yemen,Oman,15.17
1213,Yemen,"Egypt, Arab Rep.",71.7
1214,Yemen,Pakistan,15.28
1215,Yemen,Argentina,2.9
1216,Yemen,Saudi Arabia,7.84
1217,Yemen,Eritrea,2.16
1218,Yemen,Netherlands,3.79
1219,Zimbabwe,United Kingdom,3.54
1220,Zimbabwe,Japan,3.35
1221,Zimbabwe,South Africa,38.68
1222,Zimbabwe,Singapore,21.08
1223,Zimbabwe,China,6.53
1224,Zimbabwe,United Arab Emirates,18.14
1225,Zimbabwe,Zambia,1.65
1226,Zimbabwe,Mozambique,9.71
