,source,target,2019
0,Aruba,Curaçao,17.09
1,Aruba,China,3.29
2,Aruba,Netherlands,8.15
3,Aruba,Panama,2.93
4,Aruba,United States,31.17
5,Aruba,Venezuela,17.87
6,China,Vietnam,3.92
7,China,Japan,8.26
8,China,"Hong Kong, China",11.16
9,China,"Korea, Rep.",8.35
10,China,China,6.24
11,China,"Other Asia, nes",8.32
12,China,United States,16.78
13,Netherlands,Germany,22.19
14,Netherlands,United Kingdom,7.73
15,Netherlands,China,9.36
16,Netherlands,France,7.81
17,Netherlands,United States,5.17
18,Netherlands,Belgium,9.86
19,Panama,Mexico,4.2
20,Panama,Costa Rica,6.75
21,Panama,Singapore,4.0
22,Panama,China,21.57
23,Panama,Colombia,8.27
24,Panama,Free Zones,14.06
25,Panama,United States,12.9
26,Panama,Dominican Republic,5.37
27,United States,Germany,5.06
28,United States,Japan,5.72
29,United States,Canada,12.72
30,United States,China,6.48
31,United States,Mexico,15.59
32,United States,United Kingdom,4.2
33,Afghanistan,China,3.56
34,Afghanistan,India,47.12
35,Afghanistan,Turkmenistan,8.06
36,Afghanistan,United Arab Emirates,2.87
37,Afghanistan,Pakistan,34.31
38,Afghanistan,"Iran, Islamic Rep.",14.56
39,Afghanistan,Turkey,2.89
40,Afghanistan,United States,9.15
41,India,United Arab Emirates,9.14
42,India,"Hong Kong, China",3.55
43,India,China,5.35
44,India,Iraq,4.61
45,India,Saudi Arabia,5.64
46,India,United States,16.79
47,India,Singapore,3.32
48,United Arab Emirates,Japan,4.37
49,United Arab Emirates,India,3.77
50,United Arab Emirates,Switzerland,3.51
51,United Arab Emirates,Iraq,3.53
52,United Arab Emirates,Saudi Arabia,6.16
53,United Arab Emirates,China,14.14
54,United Arab Emirates,United States,6.94
55,Pakistan,United Arab Emirates,12.65
56,Pakistan,China,8.58
57,Pakistan,Germany,5.65
58,Pakistan,Afghanistan,4.97
59,Pakistan,United Kingdom,7.06
60,Pakistan,Saudi Arabia,4.87
61,Pakistan,United States,16.97
62,Pakistan,Indonesia,4.43
63,Turkey,Germany,9.19
64,Turkey,Iraq,5.65
65,Turkey,China,9.09
66,Turkey,United Kingdom,6.24
67,Turkey,Russian Federation,10.99
68,Turkey,Italy,5.39
69,Turkey,United States,4.96
70,Turkey,Special Categories,7.2
71,Angola,China,60.78
72,Angola,India,9.53
73,Angola,"Korea, Rep.",5.44
74,Angola,France,12.59
75,Angola,United Arab Emirates,3.2
76,Angola,Portugal,13.09
77,Angola,Spain,3.58
78,Angola,Belgium,6.55
79,"Korea, Rep.",Vietnam,4.19
80,"Korea, Rep.",Japan,9.45
81,"Korea, Rep.","Hong Kong, China",5.88
82,"Korea, Rep.",China,25.12
83,"Korea, Rep.",Saudi Arabia,4.34
84,"Korea, Rep.",United States,13.57
85,France,Germany,14.06
86,France,China,9.26
87,France,United Kingdom,6.91
88,France,Italy,7.56
89,France,Spain,7.5
90,France,United States,8.47
91,France,Belgium,6.64
92,Portugal,Germany,11.99
93,Portugal,France,9.82
94,Portugal,Netherlands,4.97
95,Portugal,United Kingdom,6.06
96,Portugal,Spain,30.52
97,Portugal,Italy,5.14
98,Portugal,United States,5.07
99,Spain,Germany,10.31
100,Spain,France,9.96
101,Spain,China,8.69
102,Spain,United Kingdom,6.53
103,Spain,Italy,7.71
104,Spain,Portugal,7.27
105,Belgium,Germany,17.57
106,Belgium,France,11.42
107,Belgium,Ireland,4.66
108,Belgium,Netherlands,11.56
109,Belgium,United Kingdom,6.07
110,Belgium,United States,7.54
111,Albania,Germany,4.48
112,Albania,Greece,4.16
113,Albania,China,9.2
114,Albania,"Serbia, FR(Serbia/Montenegro)",11.4
115,Albania,Italy,47.89
116,Albania,Turkey,9.52
117,Albania,Spain,7.98
118,Germany,Poland,5.2
119,Germany,China,7.25
120,Germany,France,5.97
121,Germany,Netherlands,6.21
122,Germany,United Kingdom,5.92
123,Germany,United States,8.94
124,Greece,Germany,6.65
125,Greece,Bulgaria,4.61
126,Greece,China,7.31
127,Greece,Russian Federation,7.35
128,Greece,Iraq,8.19
129,Greece,Italy,10.79
130,Greece,Cyprus,5.61
131,Greece,Turkey,5.83
132,"Serbia, FR(Serbia/Montenegro)",Germany,12.62
133,"Serbia, FR(Serbia/Montenegro)",Romania,5.85
134,"Serbia, FR(Serbia/Montenegro)",Bosnia and Herzegovina,7.71
135,"Serbia, FR(Serbia/Montenegro)",China,9.38
136,"Serbia, FR(Serbia/Montenegro)",Russian Federation,4.98
137,"Serbia, FR(Serbia/Montenegro)",Italy,10.1
138,"Serbia, FR(Serbia/Montenegro)",Hungary,4.27
139,Italy,Germany,12.18
140,Italy,Switzerland,5.42
141,Italy,France,8.21
142,Italy,China,7.46
143,Italy,Netherlands,5.24
144,Italy,United Kingdom,5.25
145,Italy,United States,9.48
146,Italy,Spain,5.42
147,Andorra,Germany,4.0
148,Andorra,Norway,3.0
149,Andorra,France,12.14
150,Andorra,China,3.45
151,Andorra,Spain,64.76
152,Andorra,Italy,3.87
153,Andorra,Netherlands,2.54
154,Norway,Germany,14.47
155,Norway,Sweden,7.68
156,Norway,Denmark,5.62
157,Norway,China,10.16
158,Norway,United Kingdom,20.14
159,Norway,France,5.94
160,Norway,Netherlands,11.1
161,Norway,United States,7.91
162,Japan,"Other Asia, nes",6.09
163,Japan,"Hong Kong, China",4.76
164,Japan,China,19.08
165,Japan,"Korea, Rep.",4.11
166,Japan,Saudi Arabia,3.84
167,Japan,Australia,6.31
168,Japan,United States,19.91
169,Switzerland,Germany,15.27
170,Switzerland,United Kingdom,9.03
171,Switzerland,China,6.87
172,Switzerland,France,6.8
173,Switzerland,Italy,8.09
174,Switzerland,United States,13.98
175,Saudi Arabia,Germany,4.85
176,Saudi Arabia,Japan,4.54
177,Saudi Arabia,United Arab Emirates,1.74
178,Saudi Arabia,China,3.71
179,Saudi Arabia,India,1.5
180,Saudi Arabia,United States,11.85
181,Saudi Arabia,Singapore,1.36
182,Argentina,Germany,5.63
183,Argentina,Vietnam,4.31
184,Argentina,Chile,4.71
185,Argentina,China,10.47
186,Argentina,Brazil,15.95
187,Argentina,Paraguay,3.35
188,Argentina,United States,6.31
189,Vietnam,Japan,7.71
190,Vietnam,"Hong Kong, China",2.71
191,Vietnam,China,15.66
192,Vietnam,"Korea, Rep.",18.52
193,Vietnam,"Other Asia, nes",5.99
194,Vietnam,United States,23.21
195,Chile,Germany,3.99
196,Chile,China,32.19
197,Chile,Brazil,4.52
198,Chile,"Korea, Rep.",6.53
199,Chile,Japan,9.05
200,Chile,Argentina,5.03
201,Chile,United States,13.93
202,Brazil,Germany,5.76
203,Brazil,China,28.65
204,Brazil,Mexico,2.72
205,Brazil,Japan,2.46
206,Brazil,Argentina,4.43
207,Brazil,Netherlands,3.24
208,Brazil,United States,13.5
209,Paraguay,Chile,3.42
210,Paraguay,India,2.23
211,Paraguay,Brazil,33.03
212,Paraguay,China,15.78
213,Paraguay,Argentina,22.77
214,Paraguay,Russian Federation,7.91
215,Paraguay,United States,19.26
216,Armenia,Germany,5.01
217,Armenia,China,7.4
218,Armenia,Switzerland,17.48
219,Armenia,Iraq,6.77
220,Armenia,Bulgaria,7.92
221,Armenia,Russian Federation,27.44
222,Armenia,Turkey,5.24
223,Armenia,"Iran, Islamic Rep.",6.42
224,Bulgaria,Germany,14.75
225,Bulgaria,Romania,7.14
226,Bulgaria,Greece,6.71
227,Bulgaria,Russian Federation,9.87
228,Bulgaria,Italy,7.32
229,Bulgaria,Turkey,7.27
230,Russian Federation,Germany,6.57
231,Russian Federation,China,13.43
232,Russian Federation,Belarus,5.53
233,Russian Federation,Italy,4.41
234,Russian Federation,Netherlands,10.5
235,Russian Federation,Turkey,4.96
236,Russian Federation,United States,5.43
237,Antigua and Barbuda,Japan,4.41
238,Antigua and Barbuda,Trinidad and Tobago,4.0
239,Antigua and Barbuda,China,7.39
240,Antigua and Barbuda,United Arab Emirates,52.75
241,Antigua and Barbuda,St. Lucia,3.16
242,Antigua and Barbuda,Curaçao,3.25
243,Antigua and Barbuda,Netherlands,7.62
244,Antigua and Barbuda,Saint Maarten (Dutch part),6.0
245,Antigua and Barbuda,United States,9.8
246,Trinidad and Tobago,Guyana,5.7
247,Trinidad and Tobago,United Kingdom,3.39
248,Trinidad and Tobago,Brazil,4.49
249,Trinidad and Tobago,Peru,3.94
250,Trinidad and Tobago,China,8.99
251,Trinidad and Tobago,Netherlands,3.96
252,Trinidad and Tobago,Mexico,3.63
253,Trinidad and Tobago,Spain,7.01
254,Trinidad and Tobago,United States,38.08
255,St. Lucia,United Kingdom,7.97
256,St. Lucia,Japan,3.48
257,St. Lucia,Dominica,7.35
258,St. Lucia,Trinidad and Tobago,8.31
259,St. Lucia,China,5.42
260,St. Lucia,Barbados,10.68
261,St. Lucia,United States,33.88
262,Australia,Germany,4.72
263,Australia,Japan,6.94
264,Australia,Thailand,4.7
265,Australia,China,32.89
266,Australia,"Korea, Rep.",5.22
267,Australia,United Kingdom,3.88
268,Australia,United States,11.78
269,Thailand,Vietnam,4.97
270,Thailand,Japan,13.97
271,Thailand,"Hong Kong, China",4.69
272,Thailand,China,12.01
273,Thailand,"Korea, Rep.",3.63
274,Thailand,Malaysia,5.48
275,Thailand,United States,12.72
276,United Kingdom,Germany,9.9
277,United Kingdom,China,6.44
278,United Kingdom,France,5.62
279,United Kingdom,Netherlands,6.49
280,United Kingdom,United States,15.7
281,Austria,Germany,29.21
282,Austria,Switzerland,5.02
283,Austria,China,6.23
284,Austria,France,4.37
285,Austria,Italy,6.3
286,Austria,Czech Republic,4.19
287,Austria,United States,6.63
288,Czech Republic,Germany,31.85
289,Czech Republic,Poland,6.03
290,Czech Republic,Slovak Republic,7.57
291,Czech Republic,China,15.81
292,Czech Republic,United Kingdom,4.51
293,Czech Republic,France,5.13
294,Czech Republic,Italy,4.11
295,Azerbaijan,Switzerland,8.84
296,Azerbaijan,India,4.87
297,Azerbaijan,Germany,4.74
298,Azerbaijan,China,10.49
299,Azerbaijan,Russian Federation,16.76
300,Azerbaijan,Italy,28.72
301,Azerbaijan,Turkey,14.58
302,Azerbaijan,Israel,6.78
303,Azerbaijan,United States,5.63
304,Israel,Germany,6.31
305,Israel,"Hong Kong, China",5.2
306,Israel,China,7.56
307,Israel,United Kingdom,8.54
308,Israel,Turkey,5.22
309,Israel,Bunkers,10.16
310,Israel,United States,27.29
311,Burundi,United Arab Emirates,38.97
312,Burundi,Tanzania,5.5
313,Burundi,Switzerland,5.71
314,Burundi,Germany,3.63
315,Burundi,India,7.9
316,Burundi,China,15.36
317,Burundi,Pakistan,6.14
318,Burundi,Saudi Arabia,15.16
319,Burundi,"Congo, Dem. Rep.",11.01
320,Tanzania,Vietnam,6.16
321,Tanzania,Japan,5.36
322,Tanzania,South Africa,4.85
323,Tanzania,United Arab Emirates,7.9
324,Tanzania,India,17.34
325,Tanzania,Switzerland,6.53
326,Tanzania,China,21.95
327,Ireland,Germany,9.0
328,Ireland,United Kingdom,10.46
329,Ireland,France,15.01
330,Ireland,China,6.07
331,Ireland,Netherlands,5.65
332,Ireland,United States,30.99
333,Ireland,Belgium,10.16
334,Benin,Vietnam,10.38
335,Benin,Thailand,5.38
336,Benin,Nigeria,5.66
337,Benin,China,7.38
338,Benin,India,14.19
339,Benin,France,8.82
340,Benin,Togo,10.81
341,Benin,Bangladesh,26.91
342,Nigeria,India,15.41
343,Nigeria,China,25.46
344,Nigeria,Netherlands,9.08
345,Nigeria,France,6.62
346,Nigeria,Ghana,7.47
347,Nigeria,Spain,9.92
348,Nigeria,United States,9.88
349,Nigeria,Belgium,5.02
350,Togo,Ghana,7.87
351,Togo,India,10.3
352,Togo,France,8.1
353,Togo,Burkina Faso,13.12
354,Togo,China,20.54
355,Togo,Netherlands,4.76
356,Togo,Benin,21.58
357,Togo,Niger,8.1
358,Togo,Nigeria,5.61
359,Burkina Faso,Cote d'Ivoire,10.61
360,Burkina Faso,Ghana,6.88
361,Burkina Faso,India,17.6
362,Burkina Faso,Switzerland,54.89
363,Burkina Faso,France,7.34
364,Burkina Faso,China,12.23
365,Burkina Faso,Russian Federation,7.88
366,Burkina Faso,Singapore,6.48
367,Cote d'Ivoire,Vietnam,4.88
368,Cote d'Ivoire,France,10.74
369,Cote d'Ivoire,India,4.27
370,Cote d'Ivoire,China,17.19
371,Cote d'Ivoire,Netherlands,10.68
372,Cote d'Ivoire,United States,6.04
373,Cote d'Ivoire,Malaysia,4.99
374,Cote d'Ivoire,Nigeria,13.45
375,Ghana,United Kingdom,6.57
376,Ghana,China,16.75
377,Ghana,India,14.19
378,Ghana,Switzerland,14.71
379,Ghana,South Africa,11.75
380,Ghana,Netherlands,5.76
381,Ghana,United States,9.35
382,Ghana,Belgium,5.1
383,Singapore,Japan,5.4
384,Singapore,"Hong Kong, China",11.37
385,Singapore,China,13.22
386,Singapore,Indonesia,7.01
387,Singapore,Malaysia,10.54
388,Singapore,"Other Asia, nes",9.02
389,Singapore,United States,8.81
390,Romania,Germany,22.44
391,Romania,Poland,5.98
392,Romania,China,5.27
393,Romania,United Kingdom,3.74
394,Romania,France,6.9
395,Romania,Italy,11.26
396,Romania,Hungary,7.04
397,Bahrain,United Arab Emirates,10.13
398,Bahrain,Brazil,4.59
399,Bahrain,Saudi Arabia,14.31
400,Bahrain,China,11.11
401,Bahrain,Oman,3.1
402,Bahrain,Australia,5.04
403,Bahrain,United States,5.59
404,Oman,United Arab Emirates,6.97
405,Oman,India,2.29
406,Oman,Qatar,3.64
407,Oman,Brazil,4.19
408,Oman,Saudi Arabia,4.14
409,Oman,China,6.7
410,Oman,Free Zones,6.04
411,"Bahamas, The",United Kingdom,0.88
412,"Bahamas, The",Denmark,1.26
413,"Bahamas, The",Turks and Caicos Isl.,4.57
414,"Bahamas, The",France,3.1
415,"Bahamas, The",Ireland,2.53
416,"Bahamas, The",United States,88.3
417,Denmark,Germany,13.31
418,Denmark,Sweden,9.76
419,Denmark,Norway,5.82
420,Denmark,China,7.25
421,Denmark,Netherlands,7.78
422,Denmark,United Kingdom,5.56
423,Denmark,Special Categories,17.64
424,Bosnia and Herzegovina,Germany,14.57
425,Bosnia and Herzegovina,Croatia,10.36
426,Bosnia and Herzegovina,China,7.43
427,Bosnia and Herzegovina,"Serbia, FR(Serbia/Montenegro)",11.42
428,Bosnia and Herzegovina,Italy,11.32
429,Bosnia and Herzegovina,Austria,9.48
430,Croatia,Germany,13.17
431,Croatia,Bosnia and Herzegovina,9.99
432,Croatia,Slovenia,11.55
433,Croatia,Italy,13.96
434,Croatia,Hungary,8.44
435,Croatia,Austria,6.45
436,Belarus,Germany,3.94
437,Belarus,China,9.28
438,Belarus,United Kingdom,6.96
439,Belarus,Russian Federation,41.34
440,Belarus,Ukraine,4.26
441,Ukraine,Germany,9.85
442,Ukraine,Poland,6.58
443,Ukraine,China,7.18
444,Ukraine,Russian Federation,6.48
445,Ukraine,Italy,4.83
446,Ukraine,Turkey,5.23
447,Ukraine,Belarus,6.17
448,Belize,Mexico,10.9
449,Belize,Jamaica,6.29
450,Belize,China,13.6
451,Belize,United Kingdom,33.48
452,Belize,Guatemala,7.66
453,Belize,Panama,2.89
454,Belize,Ireland,6.44
455,Belize,United States,25.37
456,Belize,Trinidad and Tobago,4.02
457,Mexico,Germany,1.54
458,Mexico,Japan,3.94
459,Mexico,China,1.5
460,Mexico,"Korea, Rep.",3.88
461,Mexico,United States,77.86
462,Mexico,Canada,3.1
463,Jamaica,Japan,4.66
464,Jamaica,Iceland,6.98
465,Jamaica,Brazil,3.09
466,Jamaica,China,7.7
467,Jamaica,Russian Federation,3.93
468,Jamaica,Netherlands,12.72
469,Jamaica,Colombia,5.12
470,Jamaica,United States,38.38
471,Jamaica,Canada,8.35
472,Guatemala,Mexico,4.92
473,Guatemala,El Salvador,5.21
474,Guatemala,China,11.21
475,Guatemala,Nicaragua,4.87
476,Guatemala,Honduras,8.86
477,Guatemala,United States,34.1
478,Guatemala,Costa Rica,3.48
479,Bermuda,Denmark,6.95
480,Bermuda,United Kingdom,4.04
481,Bermuda,Canada,8.74
482,Bermuda,China,2.24
483,Bermuda,United States,78.3
484,Bermuda,Antigua and Barbuda,2.38
485,Canada,Germany,3.21
486,Canada,Japan,2.74
487,Canada,China,3.94
488,Canada,Mexico,1.24
489,Canada,United Kingdom,3.35
490,Canada,United States,75.35
491,Bolivia,India,8.31
492,Bolivia,Brazil,17.16
493,Bolivia,China,22.13
494,Bolivia,United Arab Emirates,9.54
495,Bolivia,Japan,8.07
496,Bolivia,Argentina,15.42
497,Bolivia,Peru,6.92
498,Bolivia,United States,6.48
499,Peru,China,29.36
500,Peru,Switzerland,4.91
501,Peru,Mexico,4.37
502,Peru,Brazil,5.73
503,Peru,"Korea, Rep.",4.94
504,Peru,Argentina,4.18
505,Peru,United States,12.46
506,Peru,Canada,5.22
507,Barbados,Guyana,6.74
508,Barbados,United Kingdom,4.17
509,Barbados,Trinidad and Tobago,6.45
510,Barbados,Jamaica,6.99
511,Barbados,China,5.83
512,Barbados,Netherlands,8.29
513,Barbados,United States,20.86
514,Guyana,Trinidad and Tobago,5.09
515,Guyana,Suriname,2.61
516,Guyana,Singapore,24.45
517,Guyana,China,5.41
518,Guyana,United Arab Emirates,13.44
519,Guyana,United States,6.72
520,Guyana,Canada,37.87
521,Guyana,Venezuela,5.69
522,Brunei,Germany,6.31
523,Brunei,India,8.56
524,Brunei,Singapore,12.54
525,Brunei,China,13.17
526,Brunei,Australia,10.17
527,Brunei,Malaysia,8.69
528,Brunei,Japan,31.35
529,Brunei,United States,6.32
530,Malaysia,Japan,7.49
531,Malaysia,"Hong Kong, China",6.7
532,Malaysia,China,14.16
533,Malaysia,Singapore,10.54
534,Malaysia,"Other Asia, nes",6.72
535,Malaysia,United States,9.72
536,Botswana,South Africa,57.88
537,Botswana,Canada,6.91
538,Botswana,India,21.52
539,Botswana,United Arab Emirates,18.12
540,Botswana,Israel,7.13
541,Botswana,Namibia,7.93
542,Botswana,Belgium,3.31
543,South Africa,Germany,8.01
544,South Africa,China,10.73
545,South Africa,India,4.91
546,South Africa,United Kingdom,5.24
547,South Africa,Saudi Arabia,4.15
548,South Africa,United States,7.0
549,Namibia,Botswana,9.76
550,Namibia,Zambia,14.9
551,Namibia,South Africa,43.17
552,Namibia,Bulgaria,3.05
553,Namibia,China,23.96
554,Namibia,Namibia,3.85
555,Namibia,Belgium,6.94
556,Central African Republic,China,6.0
557,Central African Republic,Switzerland,2.44
558,Central African Republic,France,11.84
559,Central African Republic,United Arab Emirates,7.37
560,Central African Republic,Senegal,70.85
561,Central African Republic,Cameroon,18.98
562,Central African Republic,United States,24.01
563,Central African Republic,Belgium,3.9
564,Senegal,China,6.62
565,Senegal,India,8.66
566,Senegal,Switzerland,14.68
567,Senegal,France,16.78
568,Senegal,Netherlands,6.76
569,Senegal,Bunkers,4.5
570,Senegal,Mali,22.98
571,Senegal,Belgium,6.92
572,Senegal,Nigeria,5.14
573,"Hong Kong, China",Japan,5.83
574,"Hong Kong, China","Other Asia, nes",2.17
575,"Hong Kong, China",China,55.27
576,"Hong Kong, China",India,2.89
577,"Hong Kong, China","Korea, Rep.",4.89
578,"Hong Kong, China",Singapore,6.5
579,"Hong Kong, China",United States,7.3
580,"Other Asia, nes",Japan,15.41
581,"Other Asia, nes","Hong Kong, China",12.25
582,"Other Asia, nes",China,27.89
583,"Other Asia, nes","Korea, Rep.",6.21
584,"Other Asia, nes",Malaysia,3.63
585,"Other Asia, nes",United States,14.07
586,"Other Asia, nes",Singapore,5.53
587,"Congo, Rep.",China,59.79
588,"Congo, Rep.",India,13.2
589,"Congo, Rep.",France,15.02
590,"Congo, Rep.",Angola,6.14
591,"Congo, Rep.",Spain,2.6
592,"Congo, Rep.",Netherlands,4.11
593,"Congo, Rep.",United States,3.29
594,"Congo, Rep.",Belgium,10.29
595,Colombia,Germany,4.12
596,Colombia,Panama,5.96
597,Colombia,China,11.56
598,Colombia,Mexico,7.36
599,Colombia,Brazil,3.71
600,Colombia,United States,31.06
601,Colombia,Ecuador,4.95
602,Ecuador,Chile,6.65
603,Ecuador,Panama,8.59
604,Ecuador,China,12.97
605,Ecuador,Brazil,4.25
606,Ecuador,Peru,4.26
607,Ecuador,Colombia,7.88
608,Ecuador,United States,30.15
609,Comoros,United Arab Emirates,5.46
610,Comoros,India,18.92
611,Comoros,Germany,9.99
612,Comoros,France,15.19
613,Comoros,China,9.66
614,Comoros,Madagascar,9.93
615,Comoros,Turkey,4.38
616,Comoros,Pakistan,15.14
617,Madagascar,South Africa,5.36
618,Madagascar,United Arab Emirates,10.53
619,Madagascar,China,6.33
620,Madagascar,Germany,5.36
621,Madagascar,France,13.15
622,Madagascar,India,7.62
623,Madagascar,Japan,6.15
624,Madagascar,United States,19.85
625,Cape Verde,Germany,0.68
626,Cape Verde,China,5.17
627,Cape Verde,Netherlands,12.94
628,Cape Verde,Italy,11.2
629,Cape Verde,Portugal,44.8
630,Cape Verde,Spain,10.63
631,Cape Verde,United States,2.87
632,Cape Verde,Belgium,3.29
633,Costa Rica,Panama,5.17
634,Costa Rica,Guatemala,5.2
635,Costa Rica,Mexico,6.75
636,Costa Rica,China,13.18
637,Costa Rica,Netherlands,6.29
638,Costa Rica,United States,42.34
639,Costa Rica,Belgium,6.17
640,Cyprus,Germany,5.98
641,Cyprus,United Kingdom,5.96
642,Cyprus,Greece,7.3
643,Cyprus,Israel,6.02
644,Cyprus,Libya,10.03
645,Cyprus,Bunkers,10.65
646,Cyprus,Italy,10.18
647,Cyprus,Netherlands,12.93
648,Libya,United Arab Emirates,4.13
649,Libya,China,22.46
650,Libya,France,5.0
651,Libya,Italy,33.23
652,Libya,Turkey,13.21
653,Libya,Spain,11.64
654,Libya,"Egypt, Arab Rep.",5.3
655,Poland,Germany,27.48
656,Poland,Czech Republic,6.16
657,Poland,China,12.33
658,Poland,Netherlands,3.75
659,Poland,United Kingdom,6.05
660,Poland,Russian Federation,6.49
661,Poland,France,5.81
662,Poland,Italy,4.63
663,Slovak Republic,Germany,22.01
664,Slovak Republic,Poland,7.49
665,Slovak Republic,Czech Republic,10.26
666,Slovak Republic,China,6.36
667,Slovak Republic,France,6.99
668,Slovak Republic,Hungary,6.41
669,Sweden,Denmark,6.89
670,Sweden,Germany,10.23
671,Sweden,Norway,10.58
672,Sweden,Finland,7.13
673,Sweden,China,6.08
674,Sweden,Netherlands,9.37
675,Sweden,United States,7.63
676,Dominican Republic,India,3.73
677,Dominican Republic,Switzerland,6.95
678,Dominican Republic,Mexico,4.03
679,Dominican Republic,Brazil,3.5
680,Dominican Republic,China,15.61
681,Dominican Republic,Haiti,10.84
682,Dominican Republic,United States,52.29
683,Dominican Republic,Spain,3.41
684,"Egypt, Arab Rep.",Germany,5.51
685,"Egypt, Arab Rep.",Saudi Arabia,5.53
686,"Egypt, Arab Rep.",China,15.27
687,"Egypt, Arab Rep.",United Arab Emirates,6.72
688,"Egypt, Arab Rep.",Italy,5.53
689,"Egypt, Arab Rep.",Turkey,5.74
690,"Egypt, Arab Rep.",United States,7.23
691,Estonia,Germany,9.81
692,Estonia,Sweden,10.03
693,Estonia,Finland,15.57
694,Estonia,Lithuania,6.42
695,Estonia,China,8.1
696,Estonia,Latvia,8.7
697,Estonia,Russian Federation,8.38
698,Estonia,United States,6.84
699,Finland,Germany,14.33
700,Finland,Sweden,10.26
701,Finland,China,7.45
702,Finland,Netherlands,5.95
703,Finland,Russian Federation,5.51
704,Finland,United States,7.14
705,Lithuania,Germany,7.59
706,Lithuania,Poland,7.88
707,Lithuania,Estonia,5.12
708,Lithuania,Netherlands,5.39
709,Lithuania,Latvia,7.11
710,Lithuania,Russian Federation,13.97
711,Latvia,Germany,7.24
712,Latvia,Sweden,6.61
713,Latvia,Poland,9.42
714,Latvia,Estonia,11.69
715,Latvia,Lithuania,17.13
716,Latvia,Russian Federation,9.16
717,Ethiopia(excludes Eritrea),India,8.6
718,Ethiopia(excludes Eritrea),Saudi Arabia,6.61
719,Ethiopia(excludes Eritrea),China,27.5
720,Ethiopia(excludes Eritrea),United Arab Emirates,5.78
721,Ethiopia(excludes Eritrea),Kuwait,12.07
722,Ethiopia(excludes Eritrea),Turkey,4.58
723,Ethiopia(excludes Eritrea),Somalia,10.15
724,Ethiopia(excludes Eritrea),Netherlands,7.12
725,Ethiopia(excludes Eritrea),United States,10.95
726,Kuwait,Japan,6.3
727,Kuwait,United Arab Emirates,8.41
728,Kuwait,China,1.41
729,Kuwait,India,1.25
730,Kuwait,Iraq,1.49
731,Kuwait,Saudi Arabia,1.02
732,Kuwait,United States,9.1
733,European Union,China,10.96
734,European Union,Switzerland,7.9
735,European Union,Russian Federation,4.42
736,European Union,Turkey,3.61
737,European Union,United States,21.71
738,Fiji,Tonga,5.16
739,Fiji,France,13.89
740,Fiji,New Zealand,12.26
741,Fiji,Singapore,18.17
742,Fiji,China,12.53
743,Fiji,Australia,14.21
744,Fiji,Bunkers,8.33
745,Fiji,United States,21.75
746,New Zealand,Germany,5.63
747,New Zealand,Japan,6.53
748,New Zealand,China,27.92
749,New Zealand,"Korea, Rep.",2.81
750,New Zealand,Australia,11.53
751,New Zealand,United States,9.4
752,Georgia,Bulgaria,7.89
753,Georgia,China,9.02
754,Georgia,Armenia,11.39
755,Georgia,Azerbaijan,13.39
756,Georgia,Russian Federation,13.08
757,Georgia,Turkey,16.99
758,Georgia,United States,7.13
759,Georgia,Ukraine,6.61
760,"Gambia, The",Cote d'Ivoire,14.45
761,"Gambia, The",China,13.52
762,"Gambia, The",India,5.86
763,"Gambia, The",Brazil,10.52
764,"Gambia, The","Korea, Rep.",2.45
765,"Gambia, The",Mali,48.52
766,"Gambia, The",Spain,5.78
767,"Gambia, The",Guinea-Bissau,18.92
768,Mali,Cote d'Ivoire,10.62
769,Mali,Switzerland,35.63
770,Mali,France,7.94
771,Mali,India,3.09
772,Mali,Burkina Faso,2.76
773,Mali,China,15.77
774,Mali,South Africa,36.46
775,Mali,Senegal,22.5
776,Mali,Bangladesh,7.1
777,Grenada,United Kingdom,3.25
778,Grenada,St. Vincent and the Grenadines,6.88
779,Grenada,Trinidad and Tobago,7.7
780,Grenada,Barbados,4.82
781,Grenada,Cayman Islands,7.2
782,Grenada,United States,20.63
783,St. Vincent and the Grenadines,United Kingdom,6.77
784,St. Vincent and the Grenadines,Japan,2.4
785,St. Vincent and the Grenadines,Dominica,14.61
786,St. Vincent and the Grenadines,Trinidad and Tobago,15.22
787,St. Vincent and the Grenadines,China,6.23
788,St. Vincent and the Grenadines,Barbados,18.17
789,St. Vincent and the Grenadines,St. Lucia,12.2
790,St. Vincent and the Grenadines,United States,10.67
791,St. Vincent and the Grenadines,Antigua and Barbuda,11.4
792,El Salvador,Guatemala,15.92
793,El Salvador,Honduras,6.97
794,El Salvador,Mexico,8.12
795,El Salvador,Costa Rica,4.46
796,El Salvador,China,14.28
797,El Salvador,Nicaragua,6.66
798,El Salvador,United States,42.39
799,Nicaragua,Honduras,8.7
800,Nicaragua,Mexico,5.56
801,Nicaragua,Costa Rica,3.01
802,Nicaragua,China,12.8
803,Nicaragua,Guatemala,6.58
804,Nicaragua,El Salvador,5.59
805,Nicaragua,United States,61.71
806,Honduras,Germany,6.8
807,Honduras,Mexico,7.93
808,Honduras,El Salvador,4.65
809,Honduras,China,16.12
810,Honduras,Nicaragua,4.42
811,Honduras,Guatemala,5.33
812,Honduras,United States,33.32
813,Suriname,Switzerland,33.46
814,Suriname,Trinidad and Tobago,6.3
815,Suriname,China,9.0
816,Suriname,United Arab Emirates,24.85
817,Suriname,Netherlands,10.54
818,Suriname,Brazil,1.63
819,Suriname,United States,23.07
820,Suriname,Belgium,5.58
821,Slovenia,Germany,18.86
822,Slovenia,Croatia,8.61
823,Slovenia,Switzerland,6.79
824,Slovenia,China,6.12
825,Slovenia,Italy,11.55
826,Slovenia,Austria,8.15
827,Hungary,Germany,27.69
828,Hungary,Romania,5.05
829,Hungary,Poland,5.77
830,Hungary,Slovak Republic,5.24
831,Hungary,China,6.1
832,Hungary,Netherlands,5.08
833,Hungary,Italy,5.13
834,Hungary,Austria,6.14
835,Indonesia,Japan,9.14
836,Indonesia,Thailand,5.53
837,Indonesia,China,16.68
838,Indonesia,India,7.05
839,Indonesia,Singapore,10.27
840,Indonesia,United States,10.66
841,Iceland,Germany,8.3
842,Iceland,Norway,11.32
843,Iceland,China,7.38
844,Iceland,Netherlands,26.28
845,Iceland,United Kingdom,10.4
846,Iceland,France,7.08
847,Iceland,Spain,9.47
848,Iceland,United States,7.28
849,Jordan,India,8.44
850,Jordan,Iraq,7.63
851,Jordan,Saudi Arabia,10.15
852,Jordan,China,15.96
853,Jordan,Turkey,4.56
854,Jordan,United States,23.66
855,Jordan,Free Zones,11.98
856,Kazakhstan,Germany,3.77
857,Kazakhstan,China,13.78
858,Kazakhstan,"Korea, Rep.",8.73
859,Kazakhstan,Russian Federation,9.77
860,Kazakhstan,France,6.28
861,Kazakhstan,Italy,14.43
862,Kazakhstan,Netherlands,7.57
863,Kenya,Japan,5.5
864,Kenya,United Arab Emirates,9.49
865,Kenya,Uganda,10.69
866,Kenya,India,9.91
867,Kenya,China,20.86
868,Kenya,Pakistan,7.6
869,Kenya,United Kingdom,6.71
870,Kenya,Saudi Arabia,7.25
871,Kenya,Netherlands,8.06
872,Kenya,United States,8.71
873,Uganda,Kenya,12.41
874,Uganda,United Arab Emirates,33.56
875,Uganda,Tanzania,6.12
876,Uganda,India,11.11
877,Uganda,China,16.33
878,Uganda,Italy,3.98
879,Uganda,South Sudan,9.87
880,Uganda,"Congo, Dem. Rep.",6.99
881,Kyrgyz Republic,Kazakhstan,17.47
882,Kyrgyz Republic,Uzbekistan,6.99
883,Kyrgyz Republic,China,34.78
884,Kyrgyz Republic,United Kingdom,41.95
885,Kyrgyz Republic,Russian Federation,14.16
886,Kyrgyz Republic,Turkey,4.52
887,Cambodia,Japan,4.38
888,Cambodia,Thailand,15.95
889,Cambodia,China,6.83
890,Cambodia,Germany,7.3
891,Cambodia,United Kingdom,6.61
892,Cambodia,"Other Asia, nes",3.95
893,Cambodia,United States,29.78
894,Cambodia,Vietnam,13.44
895,Lebanon,Switzerland,28.46
896,Lebanon,Iraq,3.92
897,Lebanon,Syrian Arab Republic,5.09
898,Lebanon,Saudi Arabia,6.59
899,Lebanon,China,8.45
900,Lebanon,United Arab Emirates,11.75
901,Lebanon,Greece,7.28
902,Lebanon,Russian Federation,6.99
903,Lebanon,Italy,6.89
904,Lebanon,United States,8.86
905,Sri Lanka,Japan,4.49
906,Sri Lanka,United Arab Emirates,7.92
907,Sri Lanka,India,6.46
908,Sri Lanka,Germany,5.47
909,Sri Lanka,China,20.71
910,Sri Lanka,Malaysia,4.59
911,Sri Lanka,United Kingdom,8.36
912,Sri Lanka,Italy,4.49
913,Sri Lanka,United States,26.27
914,Lesotho,Japan,1.79
915,Lesotho,South Africa,72.47
916,Lesotho,China,2.84
917,Lesotho,Eswatini,0.99
918,Lesotho,India,3.34
919,Lesotho,"Other Asia, nes",6.83
920,Lesotho,United States,34.67
921,Lesotho,Belgium,18.72
922,Eswatini,South Africa,72.97
923,Eswatini,Nigeria,4.98
924,Eswatini,Mozambique,3.54
925,Eswatini,Tanzania,1.88
926,Eswatini,India,2.07
927,Eswatini,China,7.16
928,Eswatini,Kenya,6.32
929,Eswatini,United States,1.6
930,Luxembourg,Germany,25.47
931,Luxembourg,France,11.86
932,Luxembourg,Netherlands,5.51
933,Luxembourg,Italy,4.15
934,Luxembourg,Belgium,25.82
935,Macao,Cambodia,0.74
936,Macao,"Hong Kong, China",7.69
937,Macao,China,10.38
938,Macao,Switzerland,7.38
939,Macao,France,9.99
940,Macao,Italy,10.24
941,Macao,United States,1.58
942,Macao,Singapore,0.49
943,Morocco,Germany,3.17
944,Morocco,France,12.21
945,Morocco,China,10.15
946,Morocco,Italy,4.62
947,Morocco,Spain,15.56
948,Morocco,United States,3.93
949,Moldova,Germany,8.85
950,Moldova,Romania,14.4
951,Moldova,China,10.31
952,Moldova,Russian Federation,8.99
953,Moldova,Italy,9.61
954,Moldova,Turkey,6.32
955,Moldova,Ukraine,9.74
956,Maldives,United Arab Emirates,18.82
957,Maldives,Thailand,36.43
958,Maldives,Germany,11.79
959,Maldives,India,10.06
960,Maldives,Singapore,12.28
961,Maldives,China,16.26
962,Maldives,Malaysia,6.63
963,Maldives,United Kingdom,7.16
964,Maldives,France,9.5
965,Maldives,United States,8.8
966,North Macedonia,Germany,48.66
967,North Macedonia,United Kingdom,11.49
968,North Macedonia,Bulgaria,4.88
969,North Macedonia,China,5.77
970,North Macedonia,"Serbia, FR(Serbia/Montenegro)",8.59
971,North Macedonia,Greece,8.1
972,North Macedonia,Italy,2.72
973,North Macedonia,Belgium,3.31
974,Malta,Germany,13.37
975,Malta,United Kingdom,18.47
976,Malta,France,5.95
977,Malta,Japan,4.3
978,Malta,Italy,7.73
979,Malta,Turkey,4.2
980,Malta,Bunkers,18.63
981,Myanmar,Thailand,17.99
982,Myanmar,China,31.78
983,Myanmar,Germany,3.54
984,Myanmar,Singapore,18.22
985,Myanmar,Malaysia,5.08
986,Myanmar,Japan,7.93
987,Myanmar,United States,4.61
988,Myanmar,Indonesia,4.87
989,Mongolia,Japan,9.56
990,Mongolia,China,88.88
991,Mongolia,Switzerland,0.98
992,Mongolia,"Korea, Rep.",4.36
993,Mongolia,United Kingdom,3.82
994,Mongolia,Russian Federation,0.89
995,Mongolia,United States,4.73
996,Mongolia,Singapore,2.03
997,Montenegro,Germany,8.93
998,Montenegro,Bosnia and Herzegovina,7.21
999,Montenegro,Slovenia,6.15
1000,Montenegro,China,7.93
1001,Montenegro,"Serbia, FR(Serbia/Montenegro)",26.08
1002,Montenegro,Italy,7.08
1003,Montenegro,Hungary,10.86
1004,Mozambique,South Africa,27.9
1005,Mozambique,United Arab Emirates,9.61
1006,Mozambique,China,6.86
1007,Mozambique,India,17.02
1008,Mozambique,Singapore,6.72
1009,Mozambique,Italy,6.4
1010,Mozambique,Netherlands,5.22
1011,Mauritania,United Arab Emirates,13.3
1012,Mauritania,China,38.63
1013,Mauritania,France,7.78
1014,Mauritania,Japan,8.4
1015,Mauritania,Russian Federation,7.13
1016,Mauritania,Italy,4.72
1017,Mauritania,Spain,11.41
1018,Mauritania,Belgium,8.01
1019,Montserrat,United Kingdom,6.65
1020,Montserrat,Japan,2.57
1021,Montserrat,Trinidad and Tobago,6.19
1022,Montserrat,China,1.85
1023,Montserrat,France,43.4
1024,Montserrat,United States Minor Outlying I,4.64
1025,Montserrat,United States,5.35
1026,Montserrat,Antigua and Barbuda,25.38
1027,Montserrat,British Virgin Islands,8.08
1028,Mauritius,South Africa,8.07
1029,Mauritius,United Arab Emirates,7.28
1030,Mauritius,France,7.01
1031,Mauritius,India,13.86
1032,Mauritius,China,16.69
1033,Mauritius,Madagascar,7.03
1034,Mauritius,United Kingdom,11.13
1035,Mauritius,United States,10.75
1036,Malawi,United Kingdom,7.61
1037,Malawi,South Africa,16.7
1038,Malawi,United Arab Emirates,9.48
1039,Malawi,India,8.74
1040,Malawi,China,18.44
1041,Malawi,"Egypt, Arab Rep.",7.18
1042,Malawi,Kenya,7.42
1043,Malawi,United States,5.45
1044,Malawi,Belgium,16.51
1045,Zambia,"Congo, Dem. Rep.",12.97
1046,Zambia,South Africa,31.0
1047,Zambia,United Arab Emirates,10.38
1048,Zambia,China,21.37
1049,Zambia,Switzerland,41.14
1050,Zambia,India,4.85
1051,Zambia,Singapore,8.37
1052,Niger,Thailand,8.0
1053,Niger,Nigeria,5.38
1054,Niger,France,19.76
1055,Niger,China,20.39
1056,Niger,Ghana,6.3
1057,Niger,Mali,11.74
1058,Niger,United States,5.74
1059,Nepal,United Arab Emirates,2.07
1060,Nepal,India,68.73
1061,Nepal,Germany,2.95
1062,Nepal,China,15.74
1063,Nepal,United Kingdom,2.31
1064,Nepal,United States,10.25
1065,Nepal,Indonesia,2.11
1066,Nepal,Turkey,2.51
1067,Qatar,Germany,7.14
1068,Qatar,United Kingdom,6.63
1069,Qatar,China,12.37
1070,Qatar,India,12.16
1071,Qatar,"Korea, Rep.",15.59
1072,Qatar,Japan,18.64
1073,Qatar,United States,18.65
1074,Qatar,Singapore,7.57
1075,Philippines,Japan,9.57
1076,Philippines,"Hong Kong, China",13.57
1077,Philippines,China,13.84
1078,Philippines,"Korea, Rep.",7.47
1079,Philippines,United States,16.32
1080,Philippines,Indonesia,6.23
1081,Philippines,Singapore,5.4
1082,Occ.Pal.Terr,Germany,2.74
1083,Occ.Pal.Terr,Jordan,6.47
1084,Occ.Pal.Terr,Israel,81.32
1085,Occ.Pal.Terr,Saudi Arabia,1.75
1086,Occ.Pal.Terr,China,6.76
1087,Occ.Pal.Terr,United Arab Emirates,2.94
1088,Occ.Pal.Terr,Turkey,10.12
1089,Occ.Pal.Terr,United States,1.8
1090,French Polynesia,"Hong Kong, China",20.82
1091,French Polynesia,"Korea, Rep.",6.7
1092,French Polynesia,France,20.59
1093,French Polynesia,China,11.49
1094,French Polynesia,Japan,11.6
1095,French Polynesia,United Kingdom,9.82
1096,French Polynesia,New Zealand,5.43
1097,French Polynesia,United States,24.23
1098,Rwanda,Kenya,8.68
1099,Rwanda,United Arab Emirates,30.23
1100,Rwanda,Tanzania,8.33
1101,Rwanda,Switzerland,4.79
1102,Rwanda,India,8.78
1103,Rwanda,China,19.63
1104,Rwanda,Pakistan,3.47
1105,Rwanda,United Kingdom,3.41
1106,Rwanda,"Congo, Dem. Rep.",32.93
1107,Sao Tome and Principe,Angola,19.67
1108,Sao Tome and Principe,Slovenia,1.64
1109,Sao Tome and Principe,China,6.08
1110,Sao Tome and Principe,Portugal,48.94
1111,Sao Tome and Principe,Netherlands,1.69
1112,Sao Tome and Principe,Belgium,3.56
1113,Sao Tome and Principe,Nigeria,4.59
1114,Seychelles,South Africa,5.18
1115,Seychelles,United Arab Emirates,36.7
1116,Seychelles,France,7.94
1117,Seychelles,Qatar,13.9
1118,Seychelles,United Kingdom,14.77
1119,Seychelles,Italy,5.1
1120,Seychelles,British Virgin Islands,12.64
1121,Tajikistan,Kazakhstan,24.48
1122,Tajikistan,China,6.21
1123,Tajikistan,Uzbekistan,19.28
1124,Tajikistan,Russian Federation,4.97
1125,Tajikistan,Turkey,26.21
1126,Tunisia,Germany,12.85
1127,Tunisia,France,14.22
1128,Tunisia,China,9.46
1129,Tunisia,Italy,16.16
1130,Tunisia,Spain,3.77
1131,Tunisia,Algeria,6.64
1132,Uruguay,China,24.89
1133,Uruguay,Brazil,14.0
1134,Uruguay,Angola,5.21
1135,Uruguay,Argentina,4.73
1136,Uruguay,United States,5.84
1137,Uruguay,Free Zones,17.31
1138, World,Germany,6.2
1139, World,Japan,4.26
1140, World,China,9.12
1141, World,"Korea, Rep.",3.18
1142, World,United Kingdom,3.58
1143, World,United States,12.95
1144,Samoa,American Samoa,31.08
1145,Samoa,New Zealand,26.38
1146,Samoa,Singapore,16.84
1147,Samoa,China,12.2
1148,Samoa,Australia,9.11
1149,Samoa,United States,12.8
1150,Samoa,Tokelau,8.69
1151,Yemen,United Arab Emirates,24.04
1152,Yemen,Oman,10.53
1153,Yemen,Sudan,9.34
1154,Yemen,China,10.38
1155,Yemen,"Egypt, Arab Rep.",49.58
1156,Yemen,Saudi Arabia,6.46
1157,Yemen,Eritrea,0.88
1158,Yemen,Turkey,28.02
1159,Zimbabwe,South Africa,38.69
1160,Zimbabwe,Mauritius,2.77
1161,Zimbabwe,India,2.96
1162,Zimbabwe,Singapore,25.25
1163,Zimbabwe,China,8.6
1164,Zimbabwe,United Arab Emirates,19.46
1165,Zimbabwe,Mozambique,8.28
1166,Zimbabwe,Belgium,1.45
