,source,target,2020
0,Aruba,Curaçao,23.24
1,Aruba,China,3.62
2,Aruba,Netherlands,8.27
3,Aruba,Colombia,14.48
4,Aruba,Panama,3.67
5,Aruba,United States,29.82
6,Aruba,Venezuela,10.73
7,China,Vietnam,4.4
8,China,Japan,8.44
9,China,"Hong Kong, China",10.49
10,China,"Korea, Rep.",8.36
11,China,China,6.05
12,China,"Other Asia, nes",9.69
13,China,United States,17.48
14,Netherlands,Germany,22.12
15,Netherlands,United Kingdom,7.24
16,Netherlands,China,10.58
17,Netherlands,France,7.7
18,Netherlands,United States,5.02
19,Netherlands,Belgium,9.78
20,Colombia,Germany,3.78
21,Colombia,Panama,4.6
22,Colombia,China,8.86
23,Colombia,Mexico,6.73
24,Colombia,Brazil,4.1
25,Colombia,United States,30.48
26,Colombia,Ecuador,4.75
27,Panama,Guatemala,5.63
28,Panama,Mexico,5.12
29,Panama,Costa Rica,8.41
30,Panama,Singapore,2.67
31,Panama,China,23.07
32,Panama,Colombia,6.57
33,Panama,Free Zones,10.9
34,Panama,United States,10.45
35,United States,Germany,4.88
36,United States,Japan,5.09
37,United States,Canada,11.48
38,United States,China,8.72
39,United States,Mexico,14.87
40,United States,United Kingdom,4.12
41,Angola,Thailand,3.96
42,Angola,China,59.71
43,Angola,India,7.28
44,Angola,Brazil,5.65
45,Angola,United Arab Emirates,4.74
46,Angola,Spain,3.44
47,Angola,Portugal,13.86
48,Angola,United States,6.58
49,Thailand,Vietnam,4.83
50,Thailand,Japan,13.34
51,Thailand,"Hong Kong, China",4.88
52,Thailand,China,12.86
53,Thailand,Malaysia,4.95
54,Thailand,"Other Asia, nes",3.95
55,Thailand,United States,14.87
56,India,United Arab Emirates,6.52
57,India,"Hong Kong, China",3.46
58,India,China,6.9
59,India,Iraq,4.4
60,India,Saudi Arabia,4.82
61,India,United States,17.9
62,India,Singapore,3.01
63,Brazil,Germany,5.82
64,Brazil,China,32.41
65,Brazil,"Korea, Rep.",2.8
66,Brazil,Argentina,4.06
67,Brazil,Netherlands,3.21
68,Brazil,United States,10.34
69,Brazil,Canada,2.02
70,United Arab Emirates,Japan,3.83
71,United Arab Emirates,India,3.43
72,United Arab Emirates,Switzerland,2.94
73,United Arab Emirates,Iraq,3.91
74,United Arab Emirates,Saudi Arabia,6.51
75,United Arab Emirates,China,15.95
76,United Arab Emirates,United States,6.69
77,Spain,Germany,10.83
78,Spain,France,9.88
79,Spain,China,10.16
80,Spain,United Kingdom,6.01
81,Spain,Italy,7.5
82,Spain,Portugal,7.25
83,Portugal,Germany,11.87
84,Portugal,France,7.46
85,Portugal,Netherlands,5.53
86,Portugal,United Kingdom,5.7
87,Portugal,Spain,32.42
88,Portugal,Italy,5.21
89,Portugal,United States,4.97
90,Albania,Germany,5.45
91,Albania,Greece,4.96
92,Albania,China,8.98
93,Albania,"Serbia, FR(Serbia/Montenegro)",12.14
94,Albania,Italy,45.33
95,Albania,Turkey,9.64
96,Albania,Spain,6.0
97,Germany,Poland,5.7
98,Germany,China,7.96
99,Germany,France,5.48
100,Germany,Netherlands,6.43
101,Germany,United Kingdom,5.52
102,Germany,United States,8.6
103,Greece,Germany,7.66
104,Greece,Bulgaria,4.8
105,Greece,China,7.7
106,Greece,Netherlands,6.12
107,Greece,Russian Federation,6.01
108,Greece,France,5.78
109,Greece,Italy,10.53
110,Greece,Cyprus,5.98
111,"Serbia, FR(Serbia/Montenegro)",Germany,12.88
112,"Serbia, FR(Serbia/Montenegro)",Romania,6.52
113,"Serbia, FR(Serbia/Montenegro)",Bosnia and Herzegovina,7.09
114,"Serbia, FR(Serbia/Montenegro)",China,12.54
115,"Serbia, FR(Serbia/Montenegro)",Russian Federation,5.97
116,"Serbia, FR(Serbia/Montenegro)",Italy,8.37
117,"Serbia, FR(Serbia/Montenegro)",Hungary,4.97
118,Italy,Germany,12.84
119,Italy,Switzerland,5.78
120,Italy,France,8.38
121,Italy,China,8.64
122,Italy,Netherlands,5.97
123,Italy,United Kingdom,5.17
124,Italy,United States,9.72
125,Italy,Spain,5.46
126,Turkey,Germany,9.42
127,Turkey,Iraq,5.39
128,Turkey,China,10.5
129,Turkey,United Kingdom,6.62
130,Turkey,Russian Federation,8.12
131,Turkey,Italy,4.76
132,Turkey,United States,6.0
133,Turkey,Special Categories,6.22
134,Andorra,Germany,1.46
135,Andorra,Norway,2.87
136,Andorra,France,9.26
137,Andorra,China,2.51
138,Andorra,Spain,72.88
139,Andorra,Italy,2.51
140,Norway,Germany,12.05
141,Norway,United Kingdom,17.31
142,Norway,Sweden,9.75
143,Norway,China,7.66
144,Norway,Netherlands,9.85
145,Norway,United States,6.76
146,France,Germany,14.31
147,France,Netherlands,8.62
148,France,Italy,7.6
149,France,Spain,7.88
150,France,United States,7.59
151,France,Belgium,9.61
152,Japan,"Other Asia, nes",6.93
153,Japan,"Hong Kong, China",4.99
154,Japan,China,22.05
155,Japan,"Korea, Rep.",4.19
156,Japan,Australia,5.63
157,Japan,United States,18.52
158,Switzerland,Germany,15.37
159,Switzerland,China,5.47
160,Switzerland,France,5.88
161,Switzerland,United Kingdom,5.27
162,Switzerland,Italy,8.15
163,Switzerland,United States,22.96
164,Saudi Arabia,Germany,5.19
165,Saudi Arabia,United Arab Emirates,4.8
166,Saudi Arabia,China,4.41
167,Saudi Arabia,India,1.67
168,Saudi Arabia,United States,10.74
169,Saudi Arabia,Singapore,1.55
170,Argentina,Germany,4.69
171,Argentina,Vietnam,5.19
172,Argentina,Chile,5.26
173,Argentina,China,9.56
174,Argentina,Brazil,14.47
175,Argentina,Paraguay,5.24
176,Argentina,United States,6.03
177,Vietnam,Japan,7.76
178,Vietnam,"Hong Kong, China",3.71
179,Vietnam,China,17.37
180,Vietnam,"Korea, Rep.",17.93
181,Vietnam,"Other Asia, nes",6.39
182,Vietnam,United States,27.38
183,Chile,Germany,3.87
184,Chile,China,38.72
185,Chile,Brazil,4.16
186,Chile,"Korea, Rep.",5.65
187,Chile,Japan,8.94
188,Chile,Argentina,5.59
189,Chile,United States,13.21
190,Paraguay,Chile,9.04
191,Paraguay,Brazil,35.5
192,Paraguay,Singapore,3.78
193,Paraguay,China,29.5
194,Paraguay,Argentina,24.92
195,Paraguay,Russian Federation,5.62
196,Paraguay,United States,2.03
197,Armenia,Germany,5.08
198,Armenia,China,11.37
199,Armenia,Switzerland,18.27
200,Armenia,Iraq,6.81
201,Armenia,Bulgaria,6.13
202,Armenia,Russian Federation,26.2
203,Armenia,Turkey,5.08
204,Armenia,"Iran, Islamic Rep.",7.1
205,Bulgaria,Germany,16.02
206,Bulgaria,Romania,7.31
207,Bulgaria,Greece,6.64
208,Bulgaria,Russian Federation,6.11
209,Bulgaria,Italy,6.86
210,Bulgaria,Turkey,6.45
211,Russian Federation,Germany,5.52
212,Russian Federation,China,14.58
213,Russian Federation,Belarus,5.44
214,Russian Federation,United Kingdom,6.87
215,Russian Federation,Italy,4.4
216,Russian Federation,Netherlands,7.36
217,Russian Federation,United States,5.7
218,Australia,Germany,4.62
219,Australia,Japan,5.97
220,Australia,Thailand,4.75
221,Australia,China,37.47
222,Australia,"Korea, Rep.",5.69
223,Australia,United States,5.19
224,"Korea, Rep.",Germany,4.42
225,"Korea, Rep.",Vietnam,4.4
226,"Korea, Rep.",Japan,9.84
227,"Korea, Rep.","Hong Kong, China",5.98
228,"Korea, Rep.",China,25.87
229,"Korea, Rep.",United States,14.51
230,Austria,Germany,30.37
231,Austria,Switzerland,5.52
232,Austria,China,7.06
233,Austria,France,4.29
234,Austria,Italy,6.18
235,Austria,Czech Republic,4.16
236,Austria,United States,6.46
237,Czech Republic,Germany,32.69
238,Czech Republic,Poland,6.23
239,Czech Republic,Slovak Republic,7.61
240,Czech Republic,China,18.1
241,Czech Republic,France,4.69
242,Czech Republic,Italy,4.05
243,Czech Republic,Austria,4.15
244,Azerbaijan,Germany,5.43
245,Azerbaijan,Croatia,3.43
246,Azerbaijan,Greece,3.81
247,Azerbaijan,China,13.18
248,Azerbaijan,Russian Federation,5.17
249,Azerbaijan,Italy,30.38
250,Azerbaijan,Turkey,18.92
251,Azerbaijan,United States,5.93
252,Croatia,Germany,12.79
253,Croatia,Bosnia and Herzegovina,8.56
254,Croatia,Slovenia,11.33
255,Croatia,Italy,12.52
256,Croatia,Hungary,7.72
257,Croatia,Austria,6.6
258,Burundi,United Arab Emirates,32.42
259,Burundi,Tanzania,8.56
260,Burundi,Switzerland,4.97
261,Burundi,India,9.48
262,Burundi,China,15.68
263,Burundi,Pakistan,5.59
264,Burundi,Saudi Arabia,11.83
265,Burundi,Belgium,5.01
266,Burundi,"Congo, Dem. Rep.",19.69
267,Tanzania,Japan,4.41
268,Tanzania,South Africa,4.06
269,Tanzania,United Arab Emirates,12.42
270,Tanzania,China,3.93
271,Tanzania,India,8.7
272,Tanzania,Switzerland,14.33
273,Pakistan,United Arab Emirates,4.93
274,Pakistan,China,8.4
275,Pakistan,Germany,6.27
276,Pakistan,United Kingdom,7.76
277,Pakistan,Saudi Arabia,4.14
278,Pakistan,United States,18.63
279,Pakistan,Indonesia,5.25
280,Belgium,Germany,16.63
281,Belgium,France,11.25
282,Belgium,Ireland,4.92
283,Belgium,Netherlands,11.63
284,Belgium,United Kingdom,6.0
285,Belgium,United States,8.72
286,Ireland,Germany,10.84
287,Ireland,United Kingdom,9.08
288,Ireland,China,6.37
289,Ireland,France,11.38
290,Ireland,United States,31.17
291,Ireland,Belgium,11.03
292,United Kingdom,Germany,10.52
293,United Kingdom,France,4.75
294,United Kingdom,China,11.9
295,United Kingdom,Netherlands,6.4
296,United Kingdom,Ireland,7.03
297,United Kingdom,United States,14.05
298,Benin,China,6.64
299,Benin,India,11.89
300,Benin,France,10.31
301,Benin,Togo,8.32
302,Benin,Malaysia,4.72
303,Benin,Bangladesh,38.51
304,Benin,Belgium,6.22
305,Benin,Ukraine,4.7
306,Togo,Japan,4.33
307,Togo,Ghana,8.15
308,Togo,France,8.56
309,Togo,India,7.5
310,Togo,Burkina Faso,13.82
311,Togo,China,20.33
312,Togo,Benin,10.03
313,Togo,Mali,13.04
314,Togo,Niger,8.55
315,Malaysia,Japan,7.69
316,Malaysia,"Hong Kong, China",6.93
317,Malaysia,China,16.18
318,Malaysia,Singapore,9.2
319,Malaysia,"Other Asia, nes",7.25
320,Malaysia,United States,11.1
321,Ukraine,Germany,4.21
322,Ukraine,Poland,6.65
323,Ukraine,China,14.46
324,Ukraine,Russian Federation,5.5
325,Ukraine,Turkey,4.95
326,Ukraine,United States,5.5
327,Burkina Faso,Cote d'Ivoire,8.17
328,Burkina Faso,India,6.77
329,Burkina Faso,Switzerland,76.3
330,Burkina Faso,France,7.33
331,Burkina Faso,China,12.44
332,Burkina Faso,Russian Federation,6.92
333,Burkina Faso,Ghana,1.35
334,Burkina Faso,United States,7.14
335,Burkina Faso,Singapore,2.74
336,Cote d'Ivoire,Vietnam,6.43
337,Cote d'Ivoire,Switzerland,6.46
338,Cote d'Ivoire,France,10.8
339,Cote d'Ivoire,India,5.12
340,Cote d'Ivoire,China,14.98
341,Cote d'Ivoire,Netherlands,9.99
342,Cote d'Ivoire,United States,6.7
343,Cote d'Ivoire,Belgium,5.44
344,Cote d'Ivoire,Nigeria,13.06
345,Singapore,Japan,5.51
346,Singapore,"Hong Kong, China",12.36
347,Singapore,China,13.74
348,Singapore,Indonesia,5.73
349,Singapore,Malaysia,8.9
350,Singapore,"Other Asia, nes",11.04
351,Singapore,United States,10.76
352,Romania,Germany,22.79
353,Romania,Poland,3.74
354,Romania,China,6.24
355,Romania,France,6.73
356,Romania,Italy,10.74
357,Romania,Hungary,7.33
358,Bahrain,United Arab Emirates,8.81
359,Bahrain,Saudi Arabia,16.81
360,Bahrain,China,11.33
361,Bahrain,Oman,4.15
362,Bahrain,Australia,5.68
363,Bahrain,United States,6.03
364,Oman,United Arab Emirates,10.99
365,Oman,India,3.02
366,Oman,Qatar,6.28
367,Oman,Saudi Arabia,4.45
368,Oman,China,7.03
369,"Bahamas, The",Canada,2.31
370,"Bahamas, The",Turks and Caicos Isl.,3.87
371,"Bahamas, The",China,1.54
372,"Bahamas, The",United Kingdom,0.85
373,"Bahamas, The",France,6.25
374,"Bahamas, The",United States,79.26
375,Canada,Germany,3.18
376,Canada,Japan,2.49
377,Canada,China,4.86
378,Canada,Mexico,1.18
379,Canada,United Kingdom,3.83
380,Canada,United States,73.25
381,Bosnia and Herzegovina,Germany,15.48
382,Bosnia and Herzegovina,Croatia,9.02
383,Bosnia and Herzegovina,China,8.03
384,Bosnia and Herzegovina,"Serbia, FR(Serbia/Montenegro)",11.64
385,Bosnia and Herzegovina,Italy,9.66
386,Bosnia and Herzegovina,Austria,9.54
387,Belarus,Germany,5.13
388,Belarus,Poland,4.28
389,Belarus,China,11.05
390,Belarus,Lithuania,3.54
391,Belarus,Russian Federation,44.57
392,Belarus,Ukraine,4.22
393,Poland,Germany,28.92
394,Poland,Czech Republic,5.91
395,Poland,China,14.45
396,Poland,Netherlands,4.24
397,Poland,United Kingdom,5.73
398,Poland,Russian Federation,4.52
399,Poland,France,5.58
400,Poland,Italy,5.01
401,Lithuania,Germany,8.12
402,Lithuania,Poland,6.36
403,Lithuania,Netherlands,5.26
404,Lithuania,Latvia,7.82
405,Lithuania,Russian Federation,13.37
406,Belize,Mexico,5.85
407,Belize,Trinidad and Tobago,1.72
408,Belize,Jamaica,5.35
409,Belize,China,14.37
410,Belize,United Kingdom,29.6
411,Belize,Guatemala,8.62
412,Belize,Ireland,8.26
413,Belize,United States,23.46
414,Mexico,Germany,1.58
415,Mexico,Japan,3.63
416,Mexico,China,1.87
417,Mexico,"Korea, Rep.",3.84
418,Mexico,United States,79.24
419,Mexico,Canada,2.67
420,Trinidad and Tobago,Guyana,8.98
421,Trinidad and Tobago,Japan,3.96
422,Trinidad and Tobago,Canada,3.64
423,Trinidad and Tobago,China,2.79
424,Trinidad and Tobago,Brazil,3.7
425,Trinidad and Tobago,Spain,2.77
426,Trinidad and Tobago,United States,39.71
427,Jamaica,Japan,4.37
428,Jamaica,Iceland,6.69
429,Jamaica,Brazil,6.47
430,Jamaica,China,8.23
431,Jamaica,Russian Federation,5.47
432,Jamaica,Netherlands,7.84
433,Jamaica,Colombia,2.89
434,Jamaica,United States,45.62
435,Jamaica,Canada,9.51
436,Guatemala,Mexico,3.97
437,Guatemala,El Salvador,5.36
438,Guatemala,China,12.37
439,Guatemala,Nicaragua,5.68
440,Guatemala,Honduras,8.74
441,Guatemala,United States,32.28
442,Guatemala,Costa Rica,3.78
443,Bermuda,Denmark,0.85
444,Bermuda,United Kingdom,1.54
445,Bermuda,Canada,7.91
446,Bermuda,Germany,1.28
447,Bermuda,China,3.04
448,Bermuda,Netherlands,1.22
449,Bermuda,United States,94.16
450,Bermuda,Belgium,0.71
451,Denmark,Germany,12.58
452,Denmark,Sweden,8.67
453,Denmark,Norway,5.76
454,Denmark,Poland,4.53
455,Denmark,China,7.87
456,Denmark,Netherlands,5.79
457,Denmark,Special Categories,20.16
458,Bolivia,India,10.2
459,Bolivia,Brazil,15.88
460,Bolivia,Peru,7.87
461,Bolivia,China,22.26
462,Bolivia,Japan,7.53
463,Bolivia,Argentina,14.62
464,Bolivia,United States,8.03
465,Peru,China,28.29
466,Peru,Mexico,4.2
467,Peru,Brazil,5.5
468,Peru,"Korea, Rep.",5.85
469,Peru,Japan,4.45
470,Peru,Argentina,4.62
471,Peru,United States,16.1
472,Peru,Canada,6.18
473,Barbados,Guyana,7.56
474,Barbados,United Kingdom,4.84
475,Barbados,Trinidad and Tobago,6.79
476,Barbados,Jamaica,8.23
477,Barbados,Netherlands,5.54
478,Barbados,Panama,3.35
479,Barbados,United States,13.29
480,Guyana,Japan,2.85
481,Guyana,Trinidad and Tobago,10.02
482,Guyana,Jamaica,7.3
483,Guyana,China,8.55
484,Guyana,United Arab Emirates,6.34
485,Guyana,Portugal,16.47
486,Guyana,United States,28.41
487,Guyana,Canada,14.89
488,Brunei,United Kingdom,8.29
489,Brunei,China,17.69
490,Brunei,India,5.26
491,Brunei,Singapore,14.16
492,Brunei,Malaysia,7.71
493,Brunei,Japan,25.6
494,Brunei,Australia,5.55
495,Botswana,South Africa,58.32
496,Botswana,United Arab Emirates,21.83
497,Botswana,Canada,3.17
498,Botswana,India,20.79
499,Botswana,Namibia,7.58
500,Botswana,Belgium,7.82
501,Botswana,Singapore,6.38
502,South Africa,Germany,7.51
503,South Africa,China,11.49
504,South Africa,India,5.2
505,South Africa,United Kingdom,4.98
506,South Africa,Saudi Arabia,3.9
507,South Africa,United States,8.37
508,Namibia,"Congo, Dem. Rep.",5.49
509,Namibia,Botswana,8.01
510,Namibia,Zambia,19.09
511,Namibia,South Africa,36.17
512,Namibia,China,34.12
513,Namibia,Belgium,5.23
514,Central African Republic,Sweden,15.4
515,Central African Republic,Uganda,7.04
516,Central African Republic,Switzerland,8.06
517,Central African Republic,France,14.05
518,Central African Republic,China,17.15
519,Central African Republic,United Arab Emirates,24.62
520,Central African Republic,Italy,5.06
521,Central African Republic,Cameroon,26.24
522,Central African Republic,Belgium,7.05
523,Sweden,Denmark,7.53
524,Sweden,Germany,10.41
525,Sweden,Norway,10.54
526,Sweden,Finland,6.99
527,Sweden,China,6.19
528,Sweden,Netherlands,9.75
529,Sweden,United States,8.15
530,Uganda,Kenya,11.22
531,Uganda,United Arab Emirates,44.47
532,Uganda,Tanzania,9.01
533,Uganda,India,11.62
534,Uganda,China,16.39
535,Uganda,Italy,3.33
536,Uganda,South Sudan,8.61
537,Uganda,"Congo, Dem. Rep.",6.44
538,"Hong Kong, China",Japan,5.84
539,"Hong Kong, China",China,55.25
540,"Hong Kong, China",Switzerland,2.73
541,"Hong Kong, China","Korea, Rep.",5.73
542,"Hong Kong, China",Singapore,7.2
543,"Hong Kong, China",United Kingdom,3.3
544,"Hong Kong, China","Other Asia, nes",9.42
545,"Hong Kong, China",United States,7.24
546,"Other Asia, nes",Japan,16.06
547,"Other Asia, nes","Hong Kong, China",14.19
548,"Other Asia, nes",China,29.66
549,"Other Asia, nes","Korea, Rep.",7.2
550,"Other Asia, nes",United States,14.66
551,"Other Asia, nes",Singapore,5.53
552,Nigeria,China,5.06
553,Nigeria,India,15.02
554,Nigeria,Netherlands,8.56
555,Nigeria,South Africa,7.6
556,Nigeria,Spain,10.88
557,Nigeria,United States,9.06
558,Nigeria,Belgium,3.76
559,"Congo, Rep.",China,63.76
560,"Congo, Rep.",India,2.3
561,"Congo, Rep.",France,14.52
562,"Congo, Rep.",Gabon,4.63
563,"Congo, Rep.",Spain,3.98
564,"Congo, Rep.",United States,2.92
565,"Congo, Rep.",Belgium,7.39
566,Ecuador,Chile,3.97
567,Ecuador,Panama,11.94
568,Ecuador,China,16.32
569,Ecuador,Brazil,3.7
570,Ecuador,Peru,3.35
571,Ecuador,Russian Federation,4.52
572,Ecuador,Colombia,8.31
573,Ecuador,United States,23.51
574,Comoros,United Arab Emirates,18.95
575,Comoros,India,22.84
576,Comoros,Germany,12.43
577,Comoros,France,15.74
578,Comoros,China,6.88
579,Comoros,Madagascar,7.96
580,Comoros,Turkey,5.33
581,Comoros,Netherlands,8.46
582,Comoros,Pakistan,13.23
583,Madagascar,South Africa,4.88
584,Madagascar,United Arab Emirates,7.47
585,Madagascar,China,5.78
586,Madagascar,Germany,7.97
587,Madagascar,France,11.7
588,Madagascar,India,8.01
589,Madagascar,Netherlands,4.25
590,Madagascar,United States,22.11
591,Cape Verde,Germany,2.51
592,Cape Verde,China,6.11
593,Cape Verde,Netherlands,16.17
594,Cape Verde,Italy,11.65
595,Cape Verde,Portugal,41.92
596,Cape Verde,Spain,8.44
597,Cape Verde,United States,5.61
598,Costa Rica,Germany,2.65
599,Costa Rica,Panama,4.18
600,Costa Rica,Guatemala,5.13
601,Costa Rica,Mexico,6.76
602,Costa Rica,China,14.46
603,Costa Rica,Netherlands,7.71
604,Costa Rica,United States,43.49
605,Costa Rica,Belgium,5.28
606,Cayman Islands,Jamaica,5.33
607,Cayman Islands,United Kingdom,12.47
608,Cayman Islands,Japan,1.07
609,Cayman Islands,Mexico,1.27
610,Cayman Islands,United States,82.21
611,Cyprus,Germany,6.56
612,Cyprus,United Kingdom,6.5
613,Cyprus,Greece,8.44
614,Cyprus,Libya,5.92
615,Cyprus,China,5.89
616,Cyprus,Liberia,7.42
617,Cyprus,Bunkers,6.01
618,Cyprus,Italy,8.23
619,Slovak Republic,Germany,22.6
620,Slovak Republic,Poland,7.82
621,Slovak Republic,Czech Republic,10.09
622,Slovak Republic,China,6.74
623,Slovak Republic,France,7.2
624,Slovak Republic,Hungary,6.25
625,Dominican Republic,Switzerland,11.84
626,Dominican Republic,Mexico,4.5
627,Dominican Republic,Brazil,3.21
628,Dominican Republic,China,17.52
629,Dominican Republic,Haiti,7.63
630,Dominican Republic,Netherlands,4.01
631,Dominican Republic,United States,53.83
632,Dominican Republic,Spain,3.55
633,Dominican Republic,Canada,4.1
634,"Egypt, Arab Rep.",Germany,5.78
635,"Egypt, Arab Rep.",Saudi Arabia,6.35
636,"Egypt, Arab Rep.",China,15.02
637,"Egypt, Arab Rep.",United Arab Emirates,10.68
638,"Egypt, Arab Rep.",Italy,5.21
639,"Egypt, Arab Rep.",Turkey,6.23
640,"Egypt, Arab Rep.",United States,5.49
641,Estonia,Germany,9.75
642,Estonia,Sweden,10.02
643,Estonia,Finland,15.0
644,Estonia,China,9.31
645,Estonia,Latvia,8.68
646,Estonia,Russian Federation,8.36
647,Estonia,United States,7.82
648,Finland,Germany,13.54
649,Finland,Sweden,10.39
650,Finland,China,5.22
651,Finland,Netherlands,6.53
652,Finland,Russian Federation,9.78
653,Finland,United States,8.28
654,Latvia,Germany,7.23
655,Latvia,Poland,10.18
656,Latvia,Estonia,11.66
657,Latvia,Lithuania,16.3
658,Latvia,United Kingdom,5.73
659,Latvia,Russian Federation,8.51
660,Ethiopia(excludes Eritrea),United Arab Emirates,6.69
661,Ethiopia(excludes Eritrea),India,10.54
662,Ethiopia(excludes Eritrea),Saudi Arabia,7.4
663,Ethiopia(excludes Eritrea),China,29.5
664,Ethiopia(excludes Eritrea),Turkey,5.68
665,Ethiopia(excludes Eritrea),Somalia,11.63
666,Ethiopia(excludes Eritrea),Netherlands,7.51
667,Ethiopia(excludes Eritrea),United States,10.24
668,European Union,United Kingdom,13.17
669,European Union,China,10.52
670,European Union,Switzerland,7.47
671,European Union,Russian Federation,4.12
672,European Union,United States,18.13
673,Fiji,China,4.94
674,Fiji,New Zealand,16.36
675,Fiji,Singapore,18.25
676,Fiji,Australia,17.85
677,Fiji,United Kingdom,5.73
678,Fiji,United States,20.41
679,New Zealand,Germany,4.79
680,New Zealand,Japan,5.59
681,New Zealand,China,27.74
682,New Zealand,"Korea, Rep.",2.89
683,New Zealand,Australia,12.02
684,New Zealand,United States,11.23
685,Georgia,China,14.27
686,Georgia,Bulgaria,9.35
687,Georgia,Azerbaijan,13.19
688,Georgia,Russian Federation,13.19
689,Georgia,Turkey,17.48
690,Georgia,United States,6.91
691,Georgia,Ukraine,6.5
692,"Gambia, The",Cote d'Ivoire,9.19
693,"Gambia, The",China,3.94
694,"Gambia, The",India,4.53
695,"Gambia, The",Norway,13.6
696,"Gambia, The",Brazil,7.72
697,"Gambia, The",Turkey,7.62
698,"Gambia, The",Mali,25.4
699,"Gambia, The",Senegal,50.54
700,"Gambia, The",Guinea-Bissau,9.08
701,Senegal,China,6.73
702,Senegal,India,7.61
703,Senegal,Switzerland,12.36
704,Senegal,France,15.66
705,Senegal,Australia,5.44
706,Senegal,Netherlands,6.17
707,Senegal,Mali,21.0
708,Senegal,Belgium,5.95
709,Senegal,Nigeria,5.72
710,Grenada,United Kingdom,3.98
711,Grenada,St. Vincent and the Grenadines,6.15
712,Grenada,Trinidad and Tobago,7.87
713,Grenada,China,3.69
714,Grenada,Cayman Islands,6.73
715,Grenada,United States,17.54
716,Grenada,Antigua and Barbuda,3.16
717,St. Vincent and the Grenadines,United Kingdom,8.24
718,St. Vincent and the Grenadines,Japan,2.64
719,St. Vincent and the Grenadines,Trinidad and Tobago,8.91
720,St. Vincent and the Grenadines,China,6.25
721,St. Vincent and the Grenadines,Barbados,11.69
722,St. Vincent and the Grenadines,St. Lucia,9.93
723,St. Vincent and the Grenadines,Portugal,10.93
724,St. Vincent and the Grenadines,United States,19.98
725,El Salvador,Guatemala,16.42
726,El Salvador,Honduras,6.43
727,El Salvador,Mexico,9.55
728,El Salvador,Costa Rica,4.49
729,El Salvador,China,14.64
730,El Salvador,Nicaragua,7.1
731,El Salvador,United States,41.1
732,Nicaragua,Honduras,7.07
733,Nicaragua,Mexico,7.84
734,Nicaragua,Costa Rica,3.0
735,Nicaragua,China,13.76
736,Nicaragua,Guatemala,8.47
737,Nicaragua,El Salvador,6.54
738,Nicaragua,United States,59.6
739,Honduras,Guatemala,5.45
740,Honduras,Germany,6.01
741,Honduras,Mexico,7.72
742,Honduras,El Salvador,4.93
743,Honduras,China,16.43
744,Honduras,Nicaragua,5.38
745,Honduras,United States,42.09
746,Slovenia,Germany,18.04
747,Slovenia,Croatia,8.01
748,Slovenia,Switzerland,12.13
749,Slovenia,China,7.33
750,Slovenia,Italy,9.32
751,Slovenia,Austria,7.5
752,Hungary,Germany,27.91
753,Hungary,Romania,5.2
754,Hungary,Poland,5.82
755,Hungary,Slovak Republic,5.37
756,Hungary,China,7.95
757,Hungary,Italy,5.25
758,Hungary,Czech Republic,5.06
759,Hungary,Austria,5.81
760,Indonesia,Japan,7.54
761,Indonesia,China,19.48
762,Indonesia,India,6.37
763,Indonesia,Singapore,8.72
764,Indonesia,Malaysia,4.9
765,Indonesia,United States,11.44
766,Iceland,Germany,8.98
767,Iceland,Denmark,7.16
768,Iceland,Norway,8.79
769,Iceland,China,8.44
770,Iceland,Netherlands,20.33
771,Iceland,United Kingdom,11.09
772,Iceland,France,8.06
773,Iceland,Spain,17.27
774,Iceland,United States,7.6
775,Israel,Germany,7.55
776,Israel,China,8.45
777,Israel,Switzerland,7.55
778,Israel,United Kingdom,7.4
779,Israel,Netherlands,4.91
780,Israel,United States,26.19
781,Jordan,Germany,4.33
782,Jordan,United Arab Emirates,3.69
783,Jordan,India,10.91
784,Jordan,Iraq,8.35
785,Jordan,Saudi Arabia,10.51
786,Jordan,China,15.92
787,Jordan,United States,22.08
788,Jordan,Free Zones,10.08
789,Kazakhstan,Germany,4.71
790,Kazakhstan,China,19.78
791,Kazakhstan,"Korea, Rep.",12.61
792,Kazakhstan,Uzbekistan,4.5
793,Kazakhstan,Russian Federation,10.54
794,Kazakhstan,Italy,13.98
795,Kazakhstan,Netherlands,6.63
796,Kazakhstan,United States,3.02
797,Kenya,Japan,5.34
798,Kenya,United Arab Emirates,5.63
799,Kenya,Uganda,11.18
800,Kenya,India,11.5
801,Kenya,China,22.03
802,Kenya,Pakistan,8.53
803,Kenya,United Kingdom,7.79
804,Kenya,Saudi Arabia,4.21
805,Kenya,Netherlands,7.6
806,Kenya,United States,7.7
807,Kyrgyz Republic,Kazakhstan,12.32
808,Kyrgyz Republic,Uzbekistan,8.19
809,Kyrgyz Republic,China,21.75
810,Kyrgyz Republic,United Kingdom,53.12
811,Kyrgyz Republic,Russian Federation,11.67
812,Kyrgyz Republic,Turkey,3.67
813,Cambodia,Thailand,15.0
814,Cambodia,China,6.15
815,Cambodia,Germany,5.48
816,Cambodia,Singapore,5.15
817,Cambodia,Japan,6.0
818,Cambodia,"Other Asia, nes",3.95
819,Cambodia,United States,30.1
820,Cambodia,Vietnam,13.9
821,Kiribati,Fiji,18.03
822,Kiribati,Singapore,11.87
823,Kiribati,China,14.11
824,Kiribati,Australia,15.63
825,Kiribati,Japan,31.76
826,Kiribati,New Zealand,8.58
827,Kiribati,United States,10.83
828,Kiribati,Malaysia,17.26
829,Kuwait,Japan,5.89
830,Kuwait,United Arab Emirates,1.37
831,Kuwait,China,1.49
832,Kuwait,India,1.29
833,Kuwait,Saudi Arabia,1.68
834,Kuwait,United States,8.5
835,Lebanon,Switzerland,27.8
836,Lebanon,Qatar,3.95
837,Lebanon,Saudi Arabia,5.75
838,Lebanon,China,6.59
839,Lebanon,United Arab Emirates,14.52
840,Lebanon,Greece,7.6
841,Lebanon,Turkey,7.36
842,Lebanon,Italy,5.75
843,Lebanon,United States,4.24
844,Qatar,Germany,6.12
845,Qatar,United Kingdom,7.01
846,Qatar,China,15.17
847,Qatar,India,14.28
848,Qatar,"Korea, Rep.",12.87
849,Qatar,Japan,15.53
850,Qatar,United States,15.71
851,Qatar,Singapore,6.69
852,St. Lucia,United Kingdom,8.97
853,St. Lucia,Japan,2.85
854,St. Lucia,Dominica,7.26
855,St. Lucia,Trinidad and Tobago,12.05
856,St. Lucia,China,6.0
857,St. Lucia,Barbados,8.26
858,St. Lucia,United States,28.04
859,Sri Lanka,United Arab Emirates,5.7
860,Sri Lanka,India,6.11
861,Sri Lanka,Germany,5.71
862,Sri Lanka,Singapore,3.96
863,Sri Lanka,China,22.95
864,Sri Lanka,Malaysia,4.07
865,Sri Lanka,United Kingdom,8.93
866,Sri Lanka,Italy,4.46
867,Sri Lanka,United States,24.83
868,Lesotho,South Africa,70.97
869,Lesotho,United Arab Emirates,3.26
870,Lesotho,Eswatini,0.82
871,Lesotho,Germany,1.0
872,Lesotho,India,3.78
873,Lesotho,China,6.62
874,Lesotho,"Other Asia, nes",6.15
875,Lesotho,United States,26.96
876,Lesotho,Belgium,31.84
877,Eswatini,Japan,1.46
878,Eswatini,South Africa,71.42
879,Eswatini,Nigeria,5.86
880,Eswatini,India,3.39
881,Eswatini,China,7.35
882,Eswatini,United Kingdom,2.61
883,Eswatini,Kenya,7.16
884,Eswatini,Mozambique,3.95
885,Eswatini,United States,1.94
886,Luxembourg,Germany,26.03
887,Luxembourg,France,10.74
888,Luxembourg,Netherlands,5.49
889,Luxembourg,Italy,3.96
890,Luxembourg,Belgium,24.27
891,Macao,Vietnam,0.98
892,Macao,Japan,10.19
893,Macao,"Hong Kong, China",78.78
894,Macao,China,12.08
895,Macao,France,16.54
896,Macao,Italy,9.15
897,Macao,United States,4.86
898,Macao,Singapore,0.54
899,Morocco,India,4.29
900,Morocco,France,11.98
901,Morocco,China,12.19
902,Morocco,Brazil,4.13
903,Morocco,Italy,4.4
904,Morocco,Turkey,5.46
905,Morocco,Spain,15.36
906,Morocco,United States,6.29
907,Moldova,Germany,9.14
908,Moldova,Romania,11.67
909,Moldova,China,11.92
910,Moldova,Russian Federation,8.79
911,Moldova,Italy,8.66
912,Moldova,Turkey,6.96
913,Moldova,Ukraine,9.74
914,North Macedonia,Germany,47.16
915,North Macedonia,United Kingdom,15.6
916,North Macedonia,Greece,3.02
917,North Macedonia,Bulgaria,4.69
918,North Macedonia,China,6.88
919,North Macedonia,"Serbia, FR(Serbia/Montenegro)",7.89
920,North Macedonia,Hungary,2.97
921,Malta,Germany,17.23
922,Malta,United Kingdom,8.38
923,Malta,"Hong Kong, China",5.36
924,Malta,France,6.77
925,Malta,China,7.09
926,Malta,Japan,6.46
927,Malta,Italy,7.26
928,Myanmar,Thailand,17.77
929,Myanmar,China,31.75
930,Myanmar,Singapore,13.66
931,Myanmar,Malaysia,5.63
932,Myanmar,Japan,7.33
933,Myanmar,United States,5.13
934,Myanmar,Indonesia,5.97
935,Mongolia,Japan,7.68
936,Mongolia,China,72.46
937,Mongolia,Switzerland,22.2
938,Mongolia,"Korea, Rep.",4.45
939,Mongolia,United Kingdom,1.11
940,Mongolia,Russian Federation,0.76
941,Mongolia,United States,4.63
942,Mongolia,Singapore,2.0
943,Montenegro,Germany,9.7
944,Montenegro,Bosnia and Herzegovina,6.23
945,Montenegro,Slovenia,9.98
946,Montenegro,China,10.39
947,Montenegro,"Serbia, FR(Serbia/Montenegro)",28.25
948,Montenegro,Italy,6.41
949,Montenegro,Hungary,6.3
950,Mozambique,South Africa,29.27
951,Mozambique,United Arab Emirates,6.68
952,Mozambique,China,7.37
953,Mozambique,India,12.23
954,Mozambique,Singapore,5.64
955,Mozambique,United Kingdom,10.79
956,Mozambique,Italy,6.87
957,Mauritania,United Arab Emirates,14.22
958,Mauritania,China,33.93
959,Mauritania,Switzerland,17.09
960,Mauritania,France,8.44
961,Mauritania,Italy,4.55
962,Mauritania,Spain,14.58
963,Mauritania,Canada,10.0
964,Mauritania,Belgium,6.79
965,Montserrat,United Kingdom,5.46
966,Montserrat,Trinidad and Tobago,6.1
967,Montserrat,Barbados,1.9
968,Montserrat,France,27.69
969,Montserrat,United States,8.85
970,Montserrat,Antigua and Barbuda,25.34
971,Montserrat,British Virgin Islands,6.63
972,Mauritius,South Africa,7.66
973,Mauritius,United Arab Emirates,12.29
974,Mauritius,France,7.25
975,Mauritius,India,9.54
976,Mauritius,China,16.59
977,Mauritius,Madagascar,6.84
978,Mauritius,United Kingdom,10.03
979,Mauritius,United States,9.67
980,Malawi,United Kingdom,5.94
981,Malawi,South Africa,20.49
982,Malawi,United Arab Emirates,10.06
983,Malawi,India,7.74
984,Malawi,China,16.22
985,Malawi,Kenya,5.06
986,Malawi,United States,4.6
987,Malawi,Belgium,20.74
988,Zambia,South Africa,33.53
989,Zambia,United Arab Emirates,8.64
990,Zambia,China,18.51
991,Zambia,Switzerland,44.54
992,Zambia,India,5.4
993,Zambia,United States,2.26
994,Zambia,"Congo, Dem. Rep.",12.33
995,Zambia,Singapore,11.6
996,Niger,Thailand,5.91
997,Niger,France,22.3
998,Niger,Burkina Faso,6.27
999,Niger,China,18.45
1000,Niger,Mali,8.68
1001,Niger,Canada,4.39
1002,Niger,United States,6.59
1003,Niger,Belgium,6.33
1004,Nepal,United Arab Emirates,1.87
1005,Nepal,India,72.94
1006,Nepal,Germany,2.76
1007,Nepal,China,13.75
1008,Nepal,United Kingdom,2.0
1009,Nepal,Argentina,2.22
1010,Nepal,United States,10.15
1011,Nepal,Turkey,1.44
1012,Philippines,Japan,9.7
1013,Philippines,"Hong Kong, China",14.15
1014,Philippines,China,15.07
1015,Philippines,"Korea, Rep.",7.62
1016,Philippines,United States,15.37
1017,Philippines,Indonesia,6.44
1018,Philippines,Singapore,5.79
1019,Occ.Pal.Terr,Germany,2.55
1020,Occ.Pal.Terr,Jordan,5.41
1021,Occ.Pal.Terr,Israel,84.02
1022,Occ.Pal.Terr,Saudi Arabia,1.23
1023,Occ.Pal.Terr,China,6.61
1024,Occ.Pal.Terr,United Arab Emirates,1.74
1025,Occ.Pal.Terr,Turkey,10.1
1026,Occ.Pal.Terr,United States,1.37
1027,French Polynesia,"Hong Kong, China",13.01
1028,French Polynesia,"Korea, Rep.",8.56
1029,French Polynesia,France,25.87
1030,French Polynesia,China,13.68
1031,French Polynesia,Japan,13.73
1032,French Polynesia,Netherlands,5.74
1033,French Polynesia,New Zealand,6.27
1034,French Polynesia,United States,19.78
1035,Rwanda,Kenya,10.73
1036,Rwanda,United Arab Emirates,45.36
1037,Rwanda,Tanzania,13.15
1038,Rwanda,India,8.27
1039,Rwanda,China,18.93
1040,Rwanda,Pakistan,2.29
1041,Rwanda,United Kingdom,2.06
1042,Rwanda,Turkey,3.86
1043,Rwanda,"Congo, Dem. Rep.",27.41
1044,Sao Tome and Principe,Cameroon,5.35
1045,Sao Tome and Principe,Germany,8.57
1046,Sao Tome and Principe,Togo,7.75
1047,Sao Tome and Principe,Brazil,2.75
1048,Sao Tome and Principe,Angola,11.04
1049,Sao Tome and Principe,China,4.82
1050,Sao Tome and Principe,Portugal,52.52
1051,Sao Tome and Principe,Netherlands,46.8
1052,Sao Tome and Principe,Belgium,16.2
1053,Suriname,Switzerland,36.69
1054,Suriname,Trinidad and Tobago,18.31
1055,Suriname,China,8.13
1056,Suriname,United Arab Emirates,18.32
1057,Suriname,Netherlands,9.99
1058,Suriname,United States,5.41
1059,Suriname,Antigua and Barbuda,3.89
1060,Seychelles,Germany,9.31
1061,Seychelles,United Arab Emirates,11.82
1062,Seychelles,Cayman Islands,7.41
1063,Seychelles,France,8.33
1064,Seychelles,Bermuda,19.39
1065,Seychelles,United Kingdom,8.98
1066,Seychelles,British Virgin Islands,11.9
1067,Tajikistan,Kazakhstan,21.2
1068,Tajikistan,Uzbekistan,11.47
1069,Tajikistan,Afghanistan,9.67
1070,Tajikistan,China,13.97
1071,Tajikistan,Russian Federation,5.72
1072,Tajikistan,Turkey,28.28
1073,Tunisia,Germany,12.34
1074,Tunisia,France,12.92
1075,Tunisia,China,10.7
1076,Tunisia,Italy,16.91
1077,Tunisia,Turkey,5.02
1078,Tunisia,Spain,5.86
1079,Uruguay,China,20.26
1080,Uruguay,Brazil,15.36
1081,Uruguay,Angola,2.82
1082,Uruguay,Argentina,4.36
1083,Uruguay,United States,7.64
1084,Uruguay,Free Zones,16.49
1085, World,Germany,6.37
1086, World,Japan,4.17
1087, World,"Hong Kong, China",3.4
1088, World,China,10.01
1089, World,"Korea, Rep.",3.36
1090, World,United Kingdom,3.54
1091, World,United States,13.47
1092,Zimbabwe,South Africa,49.31
1093,Zimbabwe,Mauritius,3.21
1094,Zimbabwe,Uganda,2.89
1095,Zimbabwe,India,3.22
1096,Zimbabwe,Singapore,10.87
1097,Zimbabwe,China,9.33
1098,Zimbabwe,United Arab Emirates,20.28
1099,Zimbabwe,Mozambique,9.27
1100,Zimbabwe,Special Categories,22.02
